/*
 Navicat Premium Data Transfer

 Source Server         : localhost
 Source Server Type    : MySQL
 Source Server Version : 50726
 Source Host           : localhost:3306
 Source Schema         : kt_watchdog

 Target Server Type    : MySQL
 Target Server Version : 50726
 File Encoding         : 65001

 Date: 09/04/2022 18:55:39
*/

SET NAMES utf8mb4;
SET FOREIGN_KEY_CHECKS = 0;

-- ----------------------------
-- Table structure for gen_table
-- ----------------------------
DROP TABLE IF EXISTS `gen_table`;
CREATE TABLE `gen_table`  (
  `table_id` bigint(20) NOT NULL AUTO_INCREMENT COMMENT '编号',
  `table_name` varchar(200) CHARACTER SET utf8mb4 COLLATE utf8mb4_bin NULL DEFAULT '' COMMENT '表名称',
  `table_comment` varchar(500) CHARACTER SET utf8mb4 COLLATE utf8mb4_bin NULL DEFAULT '' COMMENT '表描述',
  `sub_table_name` varchar(64) CHARACTER SET utf8mb4 COLLATE utf8mb4_bin NULL DEFAULT NULL COMMENT '关联子表的表名',
  `sub_table_fk_name` varchar(64) CHARACTER SET utf8mb4 COLLATE utf8mb4_bin NULL DEFAULT NULL COMMENT '子表关联的外键名',
  `class_name` varchar(100) CHARACTER SET utf8mb4 COLLATE utf8mb4_bin NULL DEFAULT '' COMMENT '实体类名称',
  `tpl_category` varchar(200) CHARACTER SET utf8mb4 COLLATE utf8mb4_bin NULL DEFAULT 'crud' COMMENT '使用的模板（crud单表操作 tree树表操作 sub主子表操作）',
  `package_name` varchar(100) CHARACTER SET utf8mb4 COLLATE utf8mb4_bin NULL DEFAULT NULL COMMENT '生成包路径',
  `module_name` varchar(30) CHARACTER SET utf8mb4 COLLATE utf8mb4_bin NULL DEFAULT NULL COMMENT '生成模块名',
  `business_name` varchar(30) CHARACTER SET utf8mb4 COLLATE utf8mb4_bin NULL DEFAULT NULL COMMENT '生成业务名',
  `function_name` varchar(50) CHARACTER SET utf8mb4 COLLATE utf8mb4_bin NULL DEFAULT NULL COMMENT '生成功能名',
  `function_author` varchar(50) CHARACTER SET utf8mb4 COLLATE utf8mb4_bin NULL DEFAULT NULL COMMENT '生成功能作者',
  `gen_type` char(1) CHARACTER SET utf8mb4 COLLATE utf8mb4_bin NULL DEFAULT '0' COMMENT '生成代码方式（0zip压缩包 1自定义路径）',
  `gen_path` varchar(200) CHARACTER SET utf8mb4 COLLATE utf8mb4_bin NULL DEFAULT '/' COMMENT '生成路径（不填默认项目路径）',
  `options` varchar(1000) CHARACTER SET utf8mb4 COLLATE utf8mb4_bin NULL DEFAULT NULL COMMENT '其它生成选项',
  `create_by` varchar(64) CHARACTER SET utf8mb4 COLLATE utf8mb4_bin NULL DEFAULT '' COMMENT '创建者',
  `create_time` datetime(0) NULL DEFAULT NULL COMMENT '创建时间',
  `update_by` varchar(64) CHARACTER SET utf8mb4 COLLATE utf8mb4_bin NULL DEFAULT '' COMMENT '更新者',
  `update_time` datetime(0) NULL DEFAULT NULL COMMENT '更新时间',
  `remark` varchar(500) CHARACTER SET utf8mb4 COLLATE utf8mb4_bin NULL DEFAULT NULL COMMENT '备注',
  PRIMARY KEY (`table_id`) USING BTREE
) ENGINE = InnoDB AUTO_INCREMENT = 1 CHARACTER SET = utf8mb4 COLLATE = utf8mb4_bin COMMENT = '代码生成业务表' ROW_FORMAT = DYNAMIC;

-- ----------------------------
-- Records of gen_table
-- ----------------------------

-- ----------------------------
-- Table structure for gen_table_column
-- ----------------------------
DROP TABLE IF EXISTS `gen_table_column`;
CREATE TABLE `gen_table_column`  (
  `column_id` bigint(20) NOT NULL AUTO_INCREMENT COMMENT '编号',
  `table_id` varchar(64) CHARACTER SET utf8mb4 COLLATE utf8mb4_bin NULL DEFAULT NULL COMMENT '归属表编号',
  `column_name` varchar(200) CHARACTER SET utf8mb4 COLLATE utf8mb4_bin NULL DEFAULT NULL COMMENT '列名称',
  `column_comment` varchar(500) CHARACTER SET utf8mb4 COLLATE utf8mb4_bin NULL DEFAULT NULL COMMENT '列描述',
  `column_type` varchar(100) CHARACTER SET utf8mb4 COLLATE utf8mb4_bin NULL DEFAULT NULL COMMENT '列类型',
  `java_type` varchar(500) CHARACTER SET utf8mb4 COLLATE utf8mb4_bin NULL DEFAULT NULL COMMENT 'JAVA类型',
  `java_field` varchar(200) CHARACTER SET utf8mb4 COLLATE utf8mb4_bin NULL DEFAULT NULL COMMENT 'JAVA字段名',
  `is_pk` char(1) CHARACTER SET utf8mb4 COLLATE utf8mb4_bin NULL DEFAULT NULL COMMENT '是否主键（1是）',
  `is_increment` char(1) CHARACTER SET utf8mb4 COLLATE utf8mb4_bin NULL DEFAULT NULL COMMENT '是否自增（1是）',
  `is_required` char(1) CHARACTER SET utf8mb4 COLLATE utf8mb4_bin NULL DEFAULT NULL COMMENT '是否必填（1是）',
  `is_insert` char(1) CHARACTER SET utf8mb4 COLLATE utf8mb4_bin NULL DEFAULT NULL COMMENT '是否为插入字段（1是）',
  `is_edit` char(1) CHARACTER SET utf8mb4 COLLATE utf8mb4_bin NULL DEFAULT NULL COMMENT '是否编辑字段（1是）',
  `is_list` char(1) CHARACTER SET utf8mb4 COLLATE utf8mb4_bin NULL DEFAULT NULL COMMENT '是否列表字段（1是）',
  `is_query` char(1) CHARACTER SET utf8mb4 COLLATE utf8mb4_bin NULL DEFAULT NULL COMMENT '是否查询字段（1是）',
  `query_type` varchar(200) CHARACTER SET utf8mb4 COLLATE utf8mb4_bin NULL DEFAULT 'EQ' COMMENT '查询方式（等于、不等于、大于、小于、范围）',
  `html_type` varchar(200) CHARACTER SET utf8mb4 COLLATE utf8mb4_bin NULL DEFAULT NULL COMMENT '显示类型（文本框、文本域、下拉框、复选框、单选框、日期控件）',
  `dict_type` varchar(200) CHARACTER SET utf8mb4 COLLATE utf8mb4_bin NULL DEFAULT '' COMMENT '字典类型',
  `sort` int(11) NULL DEFAULT NULL COMMENT '排序',
  `create_by` varchar(64) CHARACTER SET utf8mb4 COLLATE utf8mb4_bin NULL DEFAULT '' COMMENT '创建者',
  `create_time` datetime(0) NULL DEFAULT NULL COMMENT '创建时间',
  `update_by` varchar(64) CHARACTER SET utf8mb4 COLLATE utf8mb4_bin NULL DEFAULT '' COMMENT '更新者',
  `update_time` datetime(0) NULL DEFAULT NULL COMMENT '更新时间',
  PRIMARY KEY (`column_id`) USING BTREE
) ENGINE = InnoDB AUTO_INCREMENT = 1 CHARACTER SET = utf8mb4 COLLATE = utf8mb4_bin COMMENT = '代码生成业务表字段' ROW_FORMAT = DYNAMIC;

-- ----------------------------
-- Records of gen_table_column
-- ----------------------------

-- ----------------------------
-- Table structure for kt_dispatcher
-- ----------------------------
DROP TABLE IF EXISTS `kt_dispatcher`;
CREATE TABLE `kt_dispatcher`  (
  `id` bigint(20) NOT NULL AUTO_INCREMENT COMMENT '调度文件ID',
  `dp_id` bigint(20) NULL DEFAULT NULL COMMENT '调度文件ID',
  `dp_name` varchar(255) CHARACTER SET utf8mb4 COLLATE utf8mb4_bin NULL DEFAULT NULL COMMENT '调度名称',
  `dp_type` char(1) CHARACTER SET utf8mb4 COLLATE utf8mb4_bin NULL DEFAULT NULL COMMENT '调度类型 (0trans 1job)',
  `dp_repo_type` char(1) CHARACTER SET utf8mb4 COLLATE utf8mb4_bin NULL DEFAULT NULL COMMENT '调度的仓库类型 （0GIT仓库 1文件资源仓库）',
  `dp_path` varchar(255) CHARACTER SET utf8mb4 COLLATE utf8mb4_bin NULL DEFAULT NULL COMMENT '调度地址',
  `repository_id` bigint(20) NULL DEFAULT NULL COMMENT '仓库地址',
  `carte_id` bigint(20) NULL DEFAULT NULL COMMENT 'carte服务ID',
  `params_group_id` bigint(20) NULL DEFAULT NULL COMMENT '参数组ID',
  `warn_msg_ids` varchar(130) CHARACTER SET utf8mb4 COLLATE utf8mb4_bin NULL DEFAULT NULL COMMENT 'kettle预警',
  `created_by` bigint(20) NULL DEFAULT NULL COMMENT '创建人',
  `created_time` datetime(0) NULL DEFAULT NULL COMMENT '创建时间',
  `updated_by` bigint(20) NULL DEFAULT NULL COMMENT '更新者',
  `updated_time` datetime(0) NULL DEFAULT NULL COMMENT '更新时间',
  `warn_level` int(11) NULL DEFAULT NULL COMMENT '预警等级（1 低级 2中级 3高级）',
  `status` varchar(2) CHARACTER SET utf8mb4 COLLATE utf8mb4_bin NULL DEFAULT NULL COMMENT '状态 (0 正常 1禁用 2挂起)',
  PRIMARY KEY (`id`) USING BTREE
) ENGINE = InnoDB AUTO_INCREMENT = 3 CHARACTER SET = utf8mb4 COLLATE = utf8mb4_bin ROW_FORMAT = DYNAMIC;

-- ----------------------------
-- Records of kt_dispatcher
-- ----------------------------
INSERT INTO `kt_dispatcher` VALUES (1, 2, 'zzzz.ktr', '1', '1', '\\swwwww\\zzzz.ktr', 1, 1, NULL, '', 1, '2022-04-09 17:02:29', NULL, NULL, 1, '0');
INSERT INTO `kt_dispatcher` VALUES (2, 3, '测试trans.ktr', '1', '1', '\\swwwww\\测试trans.ktr', 1, 1, NULL, '', 1, '2022-04-09 18:09:23', NULL, NULL, 1, '0');

-- ----------------------------
-- Table structure for kt_dispatcher_failed_msg
-- ----------------------------
DROP TABLE IF EXISTS `kt_dispatcher_failed_msg`;
CREATE TABLE `kt_dispatcher_failed_msg`  (
  `id` bigint(20) NOT NULL AUTO_INCREMENT COMMENT ' ID',
  `dp_id` bigint(20) NULL DEFAULT NULL COMMENT '调度ID',
  `dp_name` varchar(255) CHARACTER SET utf8mb4 COLLATE utf8mb4_bin NULL DEFAULT NULL COMMENT '调度名称',
  `failed_time` datetime(0) NULL DEFAULT NULL COMMENT '失败时间',
  `send_time` int(11) NULL DEFAULT NULL COMMENT '发送次数',
  `last_send_time` datetime(0) NULL DEFAULT NULL COMMENT '最后一次发送时间',
  `status` char(2) CHARACTER SET utf8mb4 COLLATE utf8mb4_bin NULL DEFAULT NULL COMMENT '状态（0 正常， 1禁用）',
  `user_id` bigint(20) NULL DEFAULT NULL COMMENT '运维人员ID',
  `user_name` varchar(255) CHARACTER SET utf8mb4 COLLATE utf8mb4_bin NULL DEFAULT NULL COMMENT '用户名',
  `email` varchar(255) CHARACTER SET utf8mb4 COLLATE utf8mb4_bin NULL DEFAULT NULL COMMENT '邮箱',
  `phone` varchar(255) CHARACTER SET utf8mb4 COLLATE utf8mb4_bin NULL DEFAULT NULL COMMENT '电话',
  PRIMARY KEY (`id`) USING BTREE
) ENGINE = InnoDB AUTO_INCREMENT = 11 CHARACTER SET = utf8mb4 COLLATE = utf8mb4_bin ROW_FORMAT = Dynamic;

-- ----------------------------
-- Records of kt_dispatcher_failed_msg
-- ----------------------------

-- ----------------------------
-- Table structure for kt_dispatcher_hangup
-- ----------------------------
DROP TABLE IF EXISTS `kt_dispatcher_hangup`;
CREATE TABLE `kt_dispatcher_hangup`  (
  `id` bigint(20) NOT NULL AUTO_INCREMENT COMMENT 'ID',
  `dp_id` int(11) NULL DEFAULT NULL COMMENT '调度ID',
  `dp_name` varchar(255) CHARACTER SET utf8mb4 COLLATE utf8mb4_bin NULL DEFAULT NULL COMMENT '调度名称',
  `begin_time` datetime(0) NULL DEFAULT NULL COMMENT '开始时间',
  `end_time` datetime(0) NULL DEFAULT NULL COMMENT '结束时间',
  `created_by` bigint(20) NULL DEFAULT NULL COMMENT '创建人',
  `created_time` datetime(0) NULL DEFAULT NULL COMMENT '创建时间',
  `hang_status` char(2) CHARACTER SET utf8mb4 COLLATE utf8mb4_bin NULL DEFAULT NULL COMMENT '挂起状态 1未挂起 2挂起 3挂起结束 4挂起失败',
  PRIMARY KEY (`id`) USING BTREE
) ENGINE = InnoDB AUTO_INCREMENT = 1 CHARACTER SET = utf8mb4 COLLATE = utf8mb4_bin ROW_FORMAT = DYNAMIC;

-- ----------------------------
-- Records of kt_dispatcher_hangup
-- ----------------------------

-- ----------------------------
-- Table structure for kt_dispatcher_job
-- ----------------------------
DROP TABLE IF EXISTS `kt_dispatcher_job`;
CREATE TABLE `kt_dispatcher_job`  (
  `job_id` bigint(20) NOT NULL AUTO_INCREMENT COMMENT '任务ID',
  `job_name` varchar(64) CHARACTER SET utf8mb4 COLLATE utf8mb4_bin NOT NULL DEFAULT '' COMMENT '任务名称',
  `job_group` varchar(64) CHARACTER SET utf8mb4 COLLATE utf8mb4_bin NOT NULL DEFAULT 'DEFAULT' COMMENT '任务组名',
  `invoke_target` varchar(500) CHARACTER SET utf8mb4 COLLATE utf8mb4_bin NOT NULL COMMENT '调用目标字符串',
  `cron_expression` varchar(255) CHARACTER SET utf8mb4 COLLATE utf8mb4_bin NULL DEFAULT '' COMMENT 'cron执行表达式',
  `misfire_policy` varchar(20) CHARACTER SET utf8mb4 COLLATE utf8mb4_bin NULL DEFAULT '3' COMMENT '计划执行错误策略（1立即执行 2执行一次 3放弃执行）',
  `concurrent` char(1) CHARACTER SET utf8mb4 COLLATE utf8mb4_bin NULL DEFAULT '1' COMMENT '是否并发执行（0允许 1禁止）',
  `status` char(1) CHARACTER SET utf8mb4 COLLATE utf8mb4_bin NULL DEFAULT '0' COMMENT '状态（0正常 1暂停）',
  `create_by` varchar(64) CHARACTER SET utf8mb4 COLLATE utf8mb4_bin NULL DEFAULT '' COMMENT '创建者',
  `create_time` datetime(0) NULL DEFAULT NULL COMMENT '创建时间',
  `update_by` varchar(64) CHARACTER SET utf8mb4 COLLATE utf8mb4_bin NULL DEFAULT '' COMMENT '更新者',
  `update_time` datetime(0) NULL DEFAULT NULL COMMENT '更新时间',
  `remark` varchar(500) CHARACTER SET utf8mb4 COLLATE utf8mb4_bin NULL DEFAULT '' COMMENT '备注信息',
  `dp_id` bigint(20) NULL DEFAULT NULL COMMENT '调度ID',
  PRIMARY KEY (`job_id`, `job_name`, `job_group`) USING BTREE
) ENGINE = InnoDB AUTO_INCREMENT = 2 CHARACTER SET = utf8mb4 COLLATE = utf8mb4_bin COMMENT = '定时任务调度表' ROW_FORMAT = DYNAMIC;

-- ----------------------------
-- Records of kt_dispatcher_job
-- ----------------------------
INSERT INTO `kt_dispatcher_job` VALUES (1, '测试任务', 'DEFAULT', 'KtDispatcherServiceImpl.launchFJob(\'1\', 1)', '0 * * * * ? *', '1', '1', '1', 'admin', '2022-04-09 17:04:35', '', NULL, '', 1);

-- ----------------------------
-- Table structure for kt_dispatcher_steps
-- ----------------------------
DROP TABLE IF EXISTS `kt_dispatcher_steps`;
CREATE TABLE `kt_dispatcher_steps`  (
  `id` varchar(125) CHARACTER SET utf8mb4 COLLATE utf8mb4_bin NOT NULL COMMENT ' 主键',
  `task_sort` double NULL DEFAULT NULL COMMENT '排序',
  `step_name` varchar(255) CHARACTER SET utf8mb4 COLLATE utf8mb4_bin NULL DEFAULT NULL COMMENT '步骤名称',
  `copy` int(11) NULL DEFAULT NULL COMMENT 'copyNr',
  `lines_read` double NULL DEFAULT NULL COMMENT '读取',
  `lines_written` double NULL DEFAULT NULL COMMENT '写入',
  `lines_input` double NULL DEFAULT NULL COMMENT '输入',
  `lines_output` double NULL DEFAULT NULL COMMENT '输出',
  `lines_updated` double NULL DEFAULT NULL COMMENT '更新',
  `lines_rejected` double NULL DEFAULT NULL COMMENT '拒绝',
  `log_errors` double NULL DEFAULT NULL COMMENT '错误',
  `status_description` text CHARACTER SET utf8mb4 COLLATE utf8mb4_bin NULL COMMENT '状态',
  `log_seconds` double NULL DEFAULT NULL COMMENT '耗时',
  `speed` text CHARACTER SET utf8mb4 COLLATE utf8mb4_bin NULL COMMENT '速度',
  `log_priortty` text CHARACTER SET utf8mb4 COLLATE utf8mb4_bin NULL,
  `stopped` text CHARACTER SET utf8mb4 COLLATE utf8mb4_bin NULL,
  `paused` text CHARACTER SET utf8mb4 COLLATE utf8mb4_bin NULL,
  `task_id` varchar(255) CHARACTER SET utf8mb4 COLLATE utf8mb4_bin NULL DEFAULT NULL COMMENT '任务ID',
  PRIMARY KEY (`id`) USING BTREE
) ENGINE = InnoDB CHARACTER SET = utf8mb4 COLLATE = utf8mb4_bin ROW_FORMAT = DYNAMIC;

-- ----------------------------
-- Records of kt_dispatcher_steps
-- ----------------------------

-- ----------------------------
-- Table structure for kt_execution_log
-- ----------------------------
DROP TABLE IF EXISTS `kt_execution_log`;
CREATE TABLE `kt_execution_log`  (
  `id` varchar(200) CHARACTER SET utf8mb4 COLLATE utf8mb4_bin NOT NULL COMMENT '日志ID',
  `task_name` varchar(255) CHARACTER SET utf8mb4 COLLATE utf8mb4_bin NULL DEFAULT NULL COMMENT '任务名称',
  `start_time` datetime(0) NULL DEFAULT NULL COMMENT '开始时间',
  `end_time` datetime(0) NULL DEFAULT NULL COMMENT '结束时间',
  `execution_method` varchar(255) CHARACTER SET utf8mb4 COLLATE utf8mb4_bin NULL DEFAULT NULL COMMENT '执行方式',
  `slave_id` int(11) NULL DEFAULT NULL COMMENT '远程服务ID',
  `status` varchar(255) CHARACTER SET utf8mb4 COLLATE utf8mb4_bin NULL DEFAULT NULL COMMENT '状态（1等待执行，2正在执行，3执行成功，4执行失败，5强制停止）',
  `execution_configuration` varchar(255) CHARACTER SET utf8mb4 COLLATE utf8mb4_bin NULL DEFAULT NULL COMMENT '配置',
  `execution_log` text CHARACTER SET utf8mb4 COLLATE utf8mb4_bin NULL COMMENT '任务日志详细信息',
  `execution_type` varchar(255) CHARACTER SET utf8mb4 COLLATE utf8mb4_bin NULL DEFAULT NULL COMMENT '执行方式 1：串行，2并行',
  `task_group` varchar(255) CHARACTER SET utf8mb4 COLLATE utf8mb4_bin NULL DEFAULT NULL COMMENT '任务组',
  `carte_id` varchar(255) CHARACTER SET utf8mb4 COLLATE utf8mb4_bin NULL DEFAULT NULL COMMENT 'carte服务的ID',
  `image_path` varchar(255) CHARACTER SET utf8mb4 COLLATE utf8mb4_bin NULL DEFAULT NULL COMMENT '图片路径',
  `task_id` int(11) NULL DEFAULT NULL COMMENT '任务ID',
  `task_sort` varchar(255) CHARACTER SET utf8mb4 COLLATE utf8mb4_bin NULL DEFAULT NULL COMMENT '排序',
  `batch_id` int(11) NULL DEFAULT NULL COMMENT '批次',
  `task_type` varchar(255) CHARACTER SET utf8mb4 COLLATE utf8mb4_bin NULL DEFAULT NULL COMMENT '任务类型：1转换 2job 3任务组',
  `remark` text CHARACTER SET utf8mb4 COLLATE utf8mb4_bin NULL COMMENT '备注',
  `dp_repo_type` char(1) CHARACTER SET utf8mb4 COLLATE utf8mb4_bin NULL DEFAULT NULL COMMENT '任务仓库类型 0git仓库 1文件仓库',
  `job_id` bigint(20) NULL DEFAULT NULL COMMENT '任务ID',
  `job_name` varchar(255) CHARACTER SET utf8mb4 COLLATE utf8mb4_bin NULL DEFAULT NULL COMMENT '任务名称',
  PRIMARY KEY (`id`) USING BTREE
) ENGINE = InnoDB CHARACTER SET = utf8mb4 COLLATE = utf8mb4_bin ROW_FORMAT = DYNAMIC;

-- ----------------------------
-- Records of kt_execution_log
-- ----------------------------
INSERT INTO `kt_execution_log` VALUES ('70c3ee7f-9d03-497a-af96-23f86027761d', '测试trans.ktr', '2022-04-09 18:10:03', '2022-04-09 18:10:06', '远程：127.0.0.1', 1, '4', NULL, NULL, NULL, NULL, NULL, 'D:\\watchdog\\log\\git_file\\trans\\测试trans.ktr_cdb1c4b2-d459-43e9-b82c-f972d0f979ec.png', 2, NULL, NULL, '1', '发送远程服务失败，调度ID：2，错误信息：org.pentaho.di.core.exception.KettleException: \r\nHTTP Status 302 - http://127.0.0.1:8080/kettle/registerTrans/?xml=Y - \r\n', '1', NULL, NULL);

-- ----------------------------
-- Table structure for kt_file_repository
-- ----------------------------
DROP TABLE IF EXISTS `kt_file_repository`;
CREATE TABLE `kt_file_repository`  (
  `id` bigint(20) NOT NULL AUTO_INCREMENT COMMENT 'ID',
  `name` varchar(255) CHARACTER SET utf8mb4 COLLATE utf8mb4_bin NULL DEFAULT NULL COMMENT '资源库名称',
  `directory` varchar(255) CHARACTER SET utf8mb4 COLLATE utf8mb4_bin NULL DEFAULT NULL COMMENT '文件夹',
  `created_by` bigint(20) NULL DEFAULT NULL COMMENT '创建者',
  `created_time` datetime(0) NULL DEFAULT NULL COMMENT '创建时间',
  `updated_by` bigint(20) NULL DEFAULT NULL COMMENT '更新者',
  `updated_time` datetime(0) NULL DEFAULT NULL COMMENT '更新时间',
  `remark` varchar(1000) CHARACTER SET utf8mb4 COLLATE utf8mb4_bin NULL DEFAULT NULL COMMENT '备注',
  PRIMARY KEY (`id`) USING BTREE
) ENGINE = InnoDB AUTO_INCREMENT = 2 CHARACTER SET = utf8mb4 COLLATE = utf8mb4_bin ROW_FORMAT = DYNAMIC;

-- ----------------------------
-- Records of kt_file_repository
-- ----------------------------
INSERT INTO `kt_file_repository` VALUES (1, 'liquanxiang', 'swwwww', 1, '2022-04-09 15:36:50', NULL, NULL, 'sssssss');

-- ----------------------------
-- Table structure for kt_file_repository_msg
-- ----------------------------
DROP TABLE IF EXISTS `kt_file_repository_msg`;
CREATE TABLE `kt_file_repository_msg`  (
  `id` bigint(20) NOT NULL AUTO_INCREMENT COMMENT ' ID',
  `parent_id` bigint(20) NULL DEFAULT NULL COMMENT '父目录ID',
  `ancestors` varchar(255) CHARACTER SET utf8mb4 COLLATE utf8mb4_bin NULL DEFAULT NULL COMMENT '祖先ID',
  `f_repo_id` bigint(20) NULL DEFAULT NULL COMMENT '所属资源库ID',
  `file_name` varchar(255) CHARACTER SET utf8mb4 COLLATE utf8mb4_bin NULL DEFAULT NULL COMMENT '文件名',
  `enable_version` varchar(255) CHARACTER SET utf8mb4 COLLATE utf8mb4_bin NULL DEFAULT NULL COMMENT '当前版本',
  `file_type` char(1) CHARACTER SET utf8mb4 COLLATE utf8mb4_bin NULL DEFAULT NULL COMMENT '文件类型 （0文件夹 1文件）',
  `file_size` bigint(20) NULL DEFAULT NULL COMMENT '文件大小',
  `del_flag` char(255) CHARACTER SET utf8mb4 COLLATE utf8mb4_bin NULL DEFAULT NULL COMMENT '删除标识（0正常，1删除）',
  `del_time` datetime(0) NULL DEFAULT NULL COMMENT '删除时间',
  `status` char(1) CHARACTER SET utf8mb4 COLLATE utf8mb4_bin NULL DEFAULT NULL COMMENT '文件状态（0正常，1禁用）',
  `created_by` bigint(255) NULL DEFAULT NULL COMMENT '创建人',
  `created_time` datetime(0) NULL DEFAULT NULL COMMENT '创建时间',
  `updated_by` bigint(20) NULL DEFAULT NULL COMMENT '更新者',
  `updated_time` datetime(0) NULL DEFAULT NULL COMMENT '更新时间',
  PRIMARY KEY (`id`) USING BTREE
) ENGINE = InnoDB AUTO_INCREMENT = 4 CHARACTER SET = utf8mb4 COLLATE = utf8mb4_bin ROW_FORMAT = DYNAMIC;

-- ----------------------------
-- Records of kt_file_repository_msg
-- ----------------------------
INSERT INTO `kt_file_repository_msg` VALUES (1, 0, '0', 1, 'swwwww', 'e87c53e6-b2a5-4329-8c06-070566cdfd36', '0', 0, '0', NULL, '0', 1, '2022-04-09 15:36:51', NULL, NULL);
INSERT INTO `kt_file_repository_msg` VALUES (2, 1, '0,1', 1, 'zzzz.ktr', 'f109b442-61e3-4f48-aacb-0202f2fff1a0', '1', 68, '0', NULL, '0', 1, '2022-04-09 15:57:26', NULL, NULL);
INSERT INTO `kt_file_repository_msg` VALUES (3, 1, '0,1', 1, '测试trans.ktr', 'f7314e1a-c261-49b1-ac71-f90ef45b8d8d', '1', 18564, '0', NULL, '0', 1, '2022-04-09 18:09:03', NULL, NULL);

-- ----------------------------
-- Table structure for kt_file_version
-- ----------------------------
DROP TABLE IF EXISTS `kt_file_version`;
CREATE TABLE `kt_file_version`  (
  `id` bigint(20) NOT NULL AUTO_INCREMENT COMMENT 'ID',
  `repo_id` bigint(20) NULL DEFAULT NULL COMMENT '仓库ID',
  `file_id` bigint(20) NULL DEFAULT NULL COMMENT '文件ID',
  `version` varchar(255) CHARACTER SET utf8mb4 COLLATE utf8mb4_bin NULL DEFAULT NULL COMMENT '版本号',
  `_enable` char(1) CHARACTER SET utf8mb4 COLLATE utf8mb4_bin NULL DEFAULT NULL,
  `created_time` datetime(0) NULL DEFAULT NULL COMMENT '创建时间',
  `is_deleted` char(1) CHARACTER SET utf8mb4 COLLATE utf8mb4_bin NULL DEFAULT NULL COMMENT '是否被删除',
  `deleted_time` datetime(0) NULL DEFAULT NULL COMMENT '删除时间',
  `deleted_by` bigint(255) NULL DEFAULT NULL COMMENT '删除人',
  PRIMARY KEY (`id`) USING BTREE
) ENGINE = InnoDB AUTO_INCREMENT = 3 CHARACTER SET = utf8mb4 COLLATE = utf8mb4_bin ROW_FORMAT = DYNAMIC;

-- ----------------------------
-- Records of kt_file_version
-- ----------------------------
INSERT INTO `kt_file_version` VALUES (1, 1, 2, 'f109b442-61e3-4f48-aacb-0202f2fff1a0', '0', '2022-04-09 15:57:26', '0', NULL, NULL);
INSERT INTO `kt_file_version` VALUES (2, 1, 3, 'f7314e1a-c261-49b1-ac71-f90ef45b8d8d', '0', '2022-04-09 18:09:03', '0', NULL, NULL);

-- ----------------------------
-- Table structure for kt_params
-- ----------------------------
DROP TABLE IF EXISTS `kt_params`;
CREATE TABLE `kt_params`  (
  `params_id` bigint(20) NOT NULL AUTO_INCREMENT COMMENT ' 参数ID',
  `params_group_id` bigint(20) NULL DEFAULT NULL COMMENT '参数组ID',
  `params_key` varchar(255) CHARACTER SET utf8mb4 COLLATE utf8mb4_bin NULL DEFAULT NULL COMMENT '参数键',
  `params_value` varchar(255) CHARACTER SET utf8mb4 COLLATE utf8mb4_bin NULL DEFAULT NULL COMMENT '参数值',
  `encrypt` char(1) CHARACTER SET utf8mb4 COLLATE utf8mb4_bin NULL DEFAULT NULL COMMENT '参数值是否加密',
  `status` char(1) CHARACTER SET utf8mb4 COLLATE utf8mb4_bin NULL DEFAULT NULL COMMENT '状态 0正常 1禁用',
  `created_by` bigint(20) NULL DEFAULT NULL COMMENT '创建者ID',
  `created_time` datetime(0) NULL DEFAULT NULL COMMENT '创建时间',
  `updated_by` bigint(20) NULL DEFAULT NULL COMMENT '更新者ID',
  `updated_time` datetime(0) NULL DEFAULT NULL COMMENT '更新时间',
  `remark` varchar(255) CHARACTER SET utf8mb4 COLLATE utf8mb4_bin NULL DEFAULT NULL COMMENT '备注',
  PRIMARY KEY (`params_id`) USING BTREE
) ENGINE = InnoDB AUTO_INCREMENT = 1 CHARACTER SET = utf8mb4 COLLATE = utf8mb4_bin ROW_FORMAT = DYNAMIC;

-- ----------------------------
-- Records of kt_params
-- ----------------------------

-- ----------------------------
-- Table structure for kt_params_group
-- ----------------------------
DROP TABLE IF EXISTS `kt_params_group`;
CREATE TABLE `kt_params_group`  (
  `params_group_id` bigint(20) NOT NULL AUTO_INCREMENT COMMENT '参数组ID',
  `params_group_name` varchar(255) CHARACTER SET utf8mb4 COLLATE utf8mb4_bin NULL DEFAULT NULL COMMENT '参数组名',
  `status` char(1) CHARACTER SET utf8mb4 COLLATE utf8mb4_bin NULL DEFAULT NULL COMMENT '状态',
  `created_by` bigint(20) NULL DEFAULT NULL COMMENT '创建者',
  `created_time` datetime(0) NULL DEFAULT NULL COMMENT '创建时间',
  `updated_by` bigint(20) NULL DEFAULT NULL COMMENT '更新者',
  `updated_time` datetime(0) NULL DEFAULT NULL COMMENT '更新时间',
  PRIMARY KEY (`params_group_id`) USING BTREE
) ENGINE = InnoDB AUTO_INCREMENT = 1 CHARACTER SET = utf8mb4 COLLATE = utf8mb4_bin ROW_FORMAT = DYNAMIC;

-- ----------------------------
-- Records of kt_params_group
-- ----------------------------

-- ----------------------------
-- Table structure for kt_repository
-- ----------------------------
DROP TABLE IF EXISTS `kt_repository`;
CREATE TABLE `kt_repository`  (
  `repository_id` bigint(20) NOT NULL AUTO_INCREMENT COMMENT '资源仓库ID',
  `repository_name` varchar(255) CHARACTER SET utf8mb4 COLLATE utf8mb4_bin NULL DEFAULT NULL COMMENT '资源仓库名称',
  `repository_location` varchar(255) CHARACTER SET utf8mb4 COLLATE utf8mb4_bin NULL DEFAULT NULL COMMENT '资源仓库路径',
  `repository_description` varchar(255) CHARACTER SET utf8mb4 COLLATE utf8mb4_bin NULL DEFAULT NULL COMMENT '资源仓库描述',
  `repository_type` char(1) CHARACTER SET utf8mb4 COLLATE utf8mb4_bin NULL DEFAULT NULL COMMENT '资源仓库类型',
  `git_auth_type` varchar(255) CHARACTER SET utf8mb4 COLLATE utf8mb4_bin NULL DEFAULT NULL COMMENT 'git权限认证方式',
  `git_uri` varchar(255) CHARACTER SET utf8mb4 COLLATE utf8mb4_bin NULL DEFAULT NULL COMMENT 'git地址',
  `git_branch` varchar(255) CHARACTER SET utf8mb4 COLLATE utf8mb4_bin NULL DEFAULT NULL COMMENT 'git分支',
  `git_ssh_key` varchar(10000) CHARACTER SET utf8mb4 COLLATE utf8mb4_bin NULL DEFAULT NULL COMMENT 'git的SSHkey，用于认证',
  `git_username` varchar(255) CHARACTER SET utf8mb4 COLLATE utf8mb4_bin NULL DEFAULT NULL COMMENT 'git用户名',
  `git_password` varchar(255) CHARACTER SET utf8mb4 COLLATE utf8mb4_bin NULL DEFAULT NULL COMMENT 'git密码',
  `status` varchar(255) CHARACTER SET utf8mb4 COLLATE utf8mb4_bin NULL DEFAULT NULL COMMENT '状态',
  `created_by` bigint(20) NULL DEFAULT NULL COMMENT '创建者',
  `created_time` datetime(0) NULL DEFAULT NULL COMMENT '创建时间',
  `updated_by` bigint(20) NULL DEFAULT NULL COMMENT '更新者',
  `updated_time` datetime(0) NULL DEFAULT NULL COMMENT '更新时间',
  `remark` varchar(255) CHARACTER SET utf8mb4 COLLATE utf8mb4_bin NULL DEFAULT NULL COMMENT '备注',
  PRIMARY KEY (`repository_id`) USING BTREE
) ENGINE = InnoDB AUTO_INCREMENT = 1 CHARACTER SET = utf8mb4 COLLATE = utf8mb4_bin ROW_FORMAT = DYNAMIC;

-- ----------------------------
-- Records of kt_repository
-- ----------------------------

-- ----------------------------
-- Table structure for kt_repository_file
-- ----------------------------
DROP TABLE IF EXISTS `kt_repository_file`;
CREATE TABLE `kt_repository_file`  (
  `id` bigint(20) NOT NULL AUTO_INCREMENT COMMENT ' 主键',
  `repository_id` bigint(20) NULL DEFAULT NULL COMMENT '资源库ID',
  `parent_id` bigint(20) NULL DEFAULT NULL COMMENT '上级文件夹ID',
  `f_name` varchar(255) CHARACTER SET utf8mb4 COLLATE utf8mb4_bin NULL DEFAULT NULL COMMENT '文件名称',
  `f_type` varchar(255) CHARACTER SET utf8mb4 COLLATE utf8mb4_bin NULL DEFAULT NULL COMMENT '文件类型，后缀名',
  `type` char(1) CHARACTER SET utf8mb4 COLLATE utf8mb4_bin NULL DEFAULT NULL COMMENT '类型 0文件夹 1文件',
  `f_created_time` datetime(0) NULL DEFAULT NULL COMMENT '文件创建时间',
  `size` bigint(20) NULL DEFAULT NULL COMMENT '磁盘大小',
  `git_enable_version` varchar(255) CHARACTER SET utf8mb4 COLLATE utf8mb4_bin NULL DEFAULT NULL COMMENT 'git仓库有效版本',
  `status` char(1) CHARACTER SET utf8mb4 COLLATE utf8mb4_bin NULL DEFAULT NULL COMMENT '是否启用 0启用 1禁用',
  `del_flag` char(1) CHARACTER SET utf8mb4 COLLATE utf8mb4_bin NULL DEFAULT NULL COMMENT '是否被删除 0正常 1删除',
  `del_date` datetime(0) NULL DEFAULT NULL COMMENT '删除时间',
  PRIMARY KEY (`id`) USING BTREE
) ENGINE = InnoDB AUTO_INCREMENT = 1 CHARACTER SET = utf8mb4 COLLATE = utf8mb4_bin ROW_FORMAT = DYNAMIC;

-- ----------------------------
-- Records of kt_repository_file
-- ----------------------------

-- ----------------------------
-- Table structure for kt_repository_log
-- ----------------------------
DROP TABLE IF EXISTS `kt_repository_log`;
CREATE TABLE `kt_repository_log`  (
  `id` bigint(20) NOT NULL AUTO_INCREMENT COMMENT 'git仓库更新日志',
  `repository_id` bigint(20) NULL DEFAULT NULL COMMENT '资源库ID',
  `git_command` varchar(255) CHARACTER SET utf8mb4 COLLATE utf8mb4_bin NULL DEFAULT NULL COMMENT 'git命令',
  `git_executed_status` varchar(255) CHARACTER SET utf8mb4 COLLATE utf8mb4_bin NULL DEFAULT NULL COMMENT 'git命令的执行状态',
  `updated_time` datetime(0) NULL DEFAULT NULL COMMENT '更新时间',
  `updated_by` bigint(20) NULL DEFAULT NULL COMMENT '更新人',
  `git_remote_uri` varchar(255) CHARACTER SET utf8mb4 COLLATE utf8mb4_bin NULL DEFAULT NULL COMMENT 'git地址',
  `git_branch` varchar(255) CHARACTER SET utf8mb4 COLLATE utf8mb4_bin NULL DEFAULT NULL COMMENT 'git分支',
  `git_commited_time` datetime(0) NULL DEFAULT NULL COMMENT 'git最近一次提交时间',
  `git_commited_hash` varchar(255) CHARACTER SET utf8mb4 COLLATE utf8mb4_bin NULL DEFAULT NULL COMMENT 'git最近一次hash',
  `git_commited_person` varchar(255) CHARACTER SET utf8mb4 COLLATE utf8mb4_bin NULL DEFAULT NULL COMMENT 'git最近一次提交人',
  `git_commited_message` varchar(255) CHARACTER SET utf8mb4 COLLATE utf8mb4_bin NULL DEFAULT NULL COMMENT 'git最近一次提交信息',
  `git_executed_error_msg` varchar(255) CHARACTER SET utf8mb4 COLLATE utf8mb4_bin NULL DEFAULT NULL COMMENT 'git执行失败信息',
  PRIMARY KEY (`id`) USING BTREE
) ENGINE = InnoDB AUTO_INCREMENT = 1 CHARACTER SET = utf8mb4 COLLATE = utf8mb4_bin ROW_FORMAT = DYNAMIC;

-- ----------------------------
-- Records of kt_repository_log
-- ----------------------------

-- ----------------------------
-- Table structure for kt_repository_node
-- ----------------------------
DROP TABLE IF EXISTS `kt_repository_node`;
CREATE TABLE `kt_repository_node`  (
  `node_id` bigint(20) NOT NULL AUTO_INCREMENT COMMENT '节点ID',
  `repository_id` bigint(20) NULL DEFAULT NULL COMMENT '仓库ID',
  `name` varchar(255) CHARACTER SET utf8mb4 COLLATE utf8mb4_bin NULL DEFAULT NULL COMMENT '节点名称',
  `node_host` varchar(255) CHARACTER SET utf8mb4 COLLATE utf8mb4_bin NULL DEFAULT NULL COMMENT '节点IP地址',
  `node_port` varchar(255) CHARACTER SET utf8mb4 COLLATE utf8mb4_bin NULL DEFAULT NULL COMMENT '节点端口',
  `node_username` varchar(255) CHARACTER SET utf8mb4 COLLATE utf8mb4_bin NULL DEFAULT NULL COMMENT '节点用户名称',
  `node_password` varchar(255) CHARACTER SET utf8mb4 COLLATE utf8mb4_bin NULL DEFAULT NULL COMMENT '节点密码',
  `node_description` varchar(255) CHARACTER SET utf8mb4 COLLATE utf8mb4_bin NULL DEFAULT NULL COMMENT '节点描述',
  `status` char(1) CHARACTER SET utf8mb4 COLLATE utf8mb4_bin NULL DEFAULT NULL COMMENT '状态',
  `created_by` bigint(255) NULL DEFAULT NULL COMMENT '创建人',
  `created_time` datetime(0) NULL DEFAULT NULL COMMENT '创建时间',
  `updated_by` bigint(20) NULL DEFAULT NULL COMMENT '更新者',
  `updated_time` datetime(0) NULL DEFAULT NULL COMMENT '更新时间',
  `remark` varchar(255) CHARACTER SET utf8mb4 COLLATE utf8mb4_bin NULL DEFAULT NULL COMMENT '备注',
  PRIMARY KEY (`node_id`) USING BTREE
) ENGINE = InnoDB AUTO_INCREMENT = 2 CHARACTER SET = utf8mb4 COLLATE = utf8mb4_bin ROW_FORMAT = DYNAMIC;

-- ----------------------------
-- Records of kt_repository_node
-- ----------------------------
INSERT INTO `kt_repository_node` VALUES (1, NULL, '本地127.0.0.1', '127.0.0.1', '8080', 'cluster', 'cluster', '', '0', 1, '2022-04-09 17:02:10', NULL, NULL, '');

-- ----------------------------
-- Table structure for kt_warn_msg
-- ----------------------------
DROP TABLE IF EXISTS `kt_warn_msg`;
CREATE TABLE `kt_warn_msg`  (
  `id` bigint(20) NOT NULL AUTO_INCREMENT COMMENT 'ID',
  `contact_type` char(2) CHARACTER SET utf8mb4 COLLATE utf8mb4_bin NULL DEFAULT NULL COMMENT '联系类型 （1短信 2email 3钉钉）',
  `phone_num` varchar(100) CHARACTER SET utf8mb4 COLLATE utf8mb4_bin NULL DEFAULT NULL COMMENT '电话号码',
  `e_mail_addr` varchar(255) CHARACTER SET utf8mb4 COLLATE utf8mb4_bin NULL DEFAULT NULL COMMENT 'e_mail地址',
  `ding_web_hook` varchar(500) CHARACTER SET utf8mb4 COLLATE utf8mb4_bin NULL DEFAULT NULL COMMENT '钉钉webhook',
  `ding_secret_prefix` text CHARACTER SET utf8mb4 COLLATE utf8mb4_bin NULL COMMENT '钉钉消息前缀 最多10条',
  `status` char(255) CHARACTER SET utf8mb4 COLLATE utf8mb4_bin NULL DEFAULT NULL COMMENT '状态',
  `create_time` datetime(0) NULL DEFAULT NULL COMMENT '创建时间',
  `update_time` datetime(0) NULL DEFAULT NULL COMMENT '更新时间',
  PRIMARY KEY (`id`) USING BTREE
) ENGINE = InnoDB AUTO_INCREMENT = 1 CHARACTER SET = utf8mb4 COLLATE = utf8mb4_bin COMMENT = 'kettle运行提醒信息' ROW_FORMAT = DYNAMIC;

-- ----------------------------
-- Records of kt_warn_msg
-- ----------------------------

-- ----------------------------
-- Table structure for qrtz_blob_triggers
-- ----------------------------
DROP TABLE IF EXISTS `qrtz_blob_triggers`;
CREATE TABLE `qrtz_blob_triggers`  (
  `sched_name` varchar(120) CHARACTER SET utf8mb4 COLLATE utf8mb4_bin NOT NULL COMMENT '调度名称',
  `trigger_name` varchar(200) CHARACTER SET utf8mb4 COLLATE utf8mb4_bin NOT NULL COMMENT 'qrtz_triggers表trigger_name的外键',
  `trigger_group` varchar(200) CHARACTER SET utf8mb4 COLLATE utf8mb4_bin NOT NULL COMMENT 'qrtz_triggers表trigger_group的外键',
  `blob_data` blob NULL COMMENT '存放持久化Trigger对象',
  PRIMARY KEY (`sched_name`, `trigger_name`, `trigger_group`) USING BTREE,
  CONSTRAINT `QRTZ_BLOB_TRIGGERS_ibfk_1` FOREIGN KEY (`sched_name`, `trigger_name`, `trigger_group`) REFERENCES `qrtz_triggers` (`sched_name`, `trigger_name`, `trigger_group`) ON DELETE RESTRICT ON UPDATE RESTRICT
) ENGINE = InnoDB CHARACTER SET = utf8mb4 COLLATE = utf8mb4_bin COMMENT = 'Blob类型的触发器表' ROW_FORMAT = DYNAMIC;

-- ----------------------------
-- Records of qrtz_blob_triggers
-- ----------------------------

-- ----------------------------
-- Table structure for qrtz_calendars
-- ----------------------------
DROP TABLE IF EXISTS `qrtz_calendars`;
CREATE TABLE `qrtz_calendars`  (
  `sched_name` varchar(120) CHARACTER SET utf8mb4 COLLATE utf8mb4_bin NOT NULL COMMENT '调度名称',
  `calendar_name` varchar(200) CHARACTER SET utf8mb4 COLLATE utf8mb4_bin NOT NULL COMMENT '日历名称',
  `calendar` blob NOT NULL COMMENT '存放持久化calendar对象',
  PRIMARY KEY (`sched_name`, `calendar_name`) USING BTREE
) ENGINE = InnoDB CHARACTER SET = utf8mb4 COLLATE = utf8mb4_bin COMMENT = '日历信息表' ROW_FORMAT = DYNAMIC;

-- ----------------------------
-- Records of qrtz_calendars
-- ----------------------------

-- ----------------------------
-- Table structure for qrtz_cron_triggers
-- ----------------------------
DROP TABLE IF EXISTS `qrtz_cron_triggers`;
CREATE TABLE `qrtz_cron_triggers`  (
  `sched_name` varchar(120) CHARACTER SET utf8mb4 COLLATE utf8mb4_bin NOT NULL COMMENT '调度名称',
  `trigger_name` varchar(200) CHARACTER SET utf8mb4 COLLATE utf8mb4_bin NOT NULL COMMENT 'qrtz_triggers表trigger_name的外键',
  `trigger_group` varchar(200) CHARACTER SET utf8mb4 COLLATE utf8mb4_bin NOT NULL COMMENT 'qrtz_triggers表trigger_group的外键',
  `cron_expression` varchar(200) CHARACTER SET utf8mb4 COLLATE utf8mb4_bin NOT NULL COMMENT 'cron表达式',
  `time_zone_id` varchar(80) CHARACTER SET utf8mb4 COLLATE utf8mb4_bin NULL DEFAULT NULL COMMENT '时区',
  PRIMARY KEY (`sched_name`, `trigger_name`, `trigger_group`) USING BTREE,
  CONSTRAINT `QRTZ_CRON_TRIGGERS_ibfk_1` FOREIGN KEY (`sched_name`, `trigger_name`, `trigger_group`) REFERENCES `qrtz_triggers` (`sched_name`, `trigger_name`, `trigger_group`) ON DELETE RESTRICT ON UPDATE RESTRICT
) ENGINE = InnoDB CHARACTER SET = utf8mb4 COLLATE = utf8mb4_bin COMMENT = 'Cron类型的触发器表' ROW_FORMAT = DYNAMIC;

-- ----------------------------
-- Records of qrtz_cron_triggers
-- ----------------------------
INSERT INTO `qrtz_cron_triggers` VALUES ('RuoyiScheduler', 'TASK_CLASS_NAME1', 'DEFAULT', '0/10 * * * * ?', 'Asia/Shanghai');
INSERT INTO `qrtz_cron_triggers` VALUES ('RuoyiScheduler', 'TASK_CLASS_NAME2', 'DEFAULT', '0/15 * * * * ?', 'Asia/Shanghai');
INSERT INTO `qrtz_cron_triggers` VALUES ('RuoyiScheduler', 'TASK_CLASS_NAME3', 'DEFAULT', '0/20 * * * * ?', 'Asia/Shanghai');
INSERT INTO `qrtz_cron_triggers` VALUES ('kt-watchdogScheduler', 'TASK_CLASS_NAME1', 'DEFAULT', '0 * * * * ? *', 'Asia/Shanghai');

-- ----------------------------
-- Table structure for qrtz_fired_triggers
-- ----------------------------
DROP TABLE IF EXISTS `qrtz_fired_triggers`;
CREATE TABLE `qrtz_fired_triggers`  (
  `sched_name` varchar(120) CHARACTER SET utf8mb4 COLLATE utf8mb4_bin NOT NULL COMMENT '调度名称',
  `entry_id` varchar(95) CHARACTER SET utf8mb4 COLLATE utf8mb4_bin NOT NULL COMMENT '调度器实例id',
  `trigger_name` varchar(200) CHARACTER SET utf8mb4 COLLATE utf8mb4_bin NOT NULL COMMENT 'qrtz_triggers表trigger_name的外键',
  `trigger_group` varchar(200) CHARACTER SET utf8mb4 COLLATE utf8mb4_bin NOT NULL COMMENT 'qrtz_triggers表trigger_group的外键',
  `instance_name` varchar(200) CHARACTER SET utf8mb4 COLLATE utf8mb4_bin NOT NULL COMMENT '调度器实例名',
  `fired_time` bigint(13) NOT NULL COMMENT '触发的时间',
  `sched_time` bigint(13) NOT NULL COMMENT '定时器制定的时间',
  `priority` int(11) NOT NULL COMMENT '优先级',
  `state` varchar(16) CHARACTER SET utf8mb4 COLLATE utf8mb4_bin NOT NULL COMMENT '状态',
  `job_name` varchar(200) CHARACTER SET utf8mb4 COLLATE utf8mb4_bin NULL DEFAULT NULL COMMENT '任务名称',
  `job_group` varchar(200) CHARACTER SET utf8mb4 COLLATE utf8mb4_bin NULL DEFAULT NULL COMMENT '任务组名',
  `is_nonconcurrent` varchar(1) CHARACTER SET utf8mb4 COLLATE utf8mb4_bin NULL DEFAULT NULL COMMENT '是否并发',
  `requests_recovery` varchar(1) CHARACTER SET utf8mb4 COLLATE utf8mb4_bin NULL DEFAULT NULL COMMENT '是否接受恢复执行',
  PRIMARY KEY (`sched_name`, `entry_id`) USING BTREE
) ENGINE = InnoDB CHARACTER SET = utf8mb4 COLLATE = utf8mb4_bin COMMENT = '已触发的触发器表' ROW_FORMAT = DYNAMIC;

-- ----------------------------
-- Records of qrtz_fired_triggers
-- ----------------------------

-- ----------------------------
-- Table structure for qrtz_job_details
-- ----------------------------
DROP TABLE IF EXISTS `qrtz_job_details`;
CREATE TABLE `qrtz_job_details`  (
  `sched_name` varchar(120) CHARACTER SET utf8mb4 COLLATE utf8mb4_bin NOT NULL COMMENT '调度名称',
  `job_name` varchar(200) CHARACTER SET utf8mb4 COLLATE utf8mb4_bin NOT NULL COMMENT '任务名称',
  `job_group` varchar(200) CHARACTER SET utf8mb4 COLLATE utf8mb4_bin NOT NULL COMMENT '任务组名',
  `description` varchar(250) CHARACTER SET utf8mb4 COLLATE utf8mb4_bin NULL DEFAULT NULL COMMENT '相关介绍',
  `job_class_name` varchar(250) CHARACTER SET utf8mb4 COLLATE utf8mb4_bin NOT NULL COMMENT '执行任务类名称',
  `is_durable` varchar(1) CHARACTER SET utf8mb4 COLLATE utf8mb4_bin NOT NULL COMMENT '是否持久化',
  `is_nonconcurrent` varchar(1) CHARACTER SET utf8mb4 COLLATE utf8mb4_bin NOT NULL COMMENT '是否并发',
  `is_update_data` varchar(1) CHARACTER SET utf8mb4 COLLATE utf8mb4_bin NOT NULL COMMENT '是否更新数据',
  `requests_recovery` varchar(1) CHARACTER SET utf8mb4 COLLATE utf8mb4_bin NOT NULL COMMENT '是否接受恢复执行',
  `job_data` blob NULL COMMENT '存放持久化job对象',
  PRIMARY KEY (`sched_name`, `job_name`, `job_group`) USING BTREE
) ENGINE = InnoDB CHARACTER SET = utf8mb4 COLLATE = utf8mb4_bin COMMENT = '任务详细信息表' ROW_FORMAT = DYNAMIC;

-- ----------------------------
-- Records of qrtz_job_details
-- ----------------------------
INSERT INTO `qrtz_job_details` VALUES ('RuoyiScheduler', 'TASK_CLASS_NAME1', 'DEFAULT', NULL, 'com.ruoyi.quartz.util.QuartzDisallowConcurrentExecution', '0', '1', '0', '0', 0xACED0005737200156F72672E71756172747A2E4A6F62446174614D61709FB083E8BFA9B0CB020000787200266F72672E71756172747A2E7574696C732E537472696E674B65794469727479466C61674D61708208E8C3FBC55D280200015A0013616C6C6F77735472616E7369656E74446174617872001D6F72672E71756172747A2E7574696C732E4469727479466C61674D617013E62EAD28760ACE0200025A000564697274794C00036D617074000F4C6A6176612F7574696C2F4D61703B787001737200116A6176612E7574696C2E486173684D61700507DAC1C31660D103000246000A6C6F6164466163746F724900097468726573686F6C6478703F4000000000000C7708000000100000000174000F5441534B5F50524F504552544945537372001E636F6D2E72756F79692E71756172747A2E646F6D61696E2E5379734A6F6200000000000000010200084C000A636F6E63757272656E747400124C6A6176612F6C616E672F537472696E673B4C000E63726F6E45787072657373696F6E71007E00094C000C696E766F6B6554617267657471007E00094C00086A6F6247726F757071007E00094C00056A6F6249647400104C6A6176612F6C616E672F4C6F6E673B4C00076A6F624E616D6571007E00094C000D6D697366697265506F6C69637971007E00094C000673746174757371007E000978720027636F6D2E72756F79692E636F6D6D6F6E2E636F72652E646F6D61696E2E42617365456E7469747900000000000000010200074C0008637265617465427971007E00094C000A63726561746554696D657400104C6A6176612F7574696C2F446174653B4C0006706172616D7371007E00034C000672656D61726B71007E00094C000B73656172636856616C756571007E00094C0008757064617465427971007E00094C000A75706461746554696D6571007E000C787074000561646D696E7372000E6A6176612E7574696C2E44617465686A81014B597419030000787077080000017D51199D8878707400007070707400013174000E302F3130202A202A202A202A203F74001172795461736B2E72794E6F506172616D7374000744454641554C547372000E6A6176612E6C616E672E4C6F6E673B8BE490CC8F23DF0200014A000576616C7565787200106A6176612E6C616E672E4E756D62657286AC951D0B94E08B02000078700000000000000001740018E7B3BBE7BB9FE9BB98E8AEA4EFBC88E697A0E58F82EFBC8974000133740001317800);
INSERT INTO `qrtz_job_details` VALUES ('RuoyiScheduler', 'TASK_CLASS_NAME2', 'DEFAULT', NULL, 'com.ruoyi.quartz.util.QuartzDisallowConcurrentExecution', '0', '1', '0', '0', 0xACED0005737200156F72672E71756172747A2E4A6F62446174614D61709FB083E8BFA9B0CB020000787200266F72672E71756172747A2E7574696C732E537472696E674B65794469727479466C61674D61708208E8C3FBC55D280200015A0013616C6C6F77735472616E7369656E74446174617872001D6F72672E71756172747A2E7574696C732E4469727479466C61674D617013E62EAD28760ACE0200025A000564697274794C00036D617074000F4C6A6176612F7574696C2F4D61703B787001737200116A6176612E7574696C2E486173684D61700507DAC1C31660D103000246000A6C6F6164466163746F724900097468726573686F6C6478703F4000000000000C7708000000100000000174000F5441534B5F50524F504552544945537372001E636F6D2E72756F79692E71756172747A2E646F6D61696E2E5379734A6F6200000000000000010200084C000A636F6E63757272656E747400124C6A6176612F6C616E672F537472696E673B4C000E63726F6E45787072657373696F6E71007E00094C000C696E766F6B6554617267657471007E00094C00086A6F6247726F757071007E00094C00056A6F6249647400104C6A6176612F6C616E672F4C6F6E673B4C00076A6F624E616D6571007E00094C000D6D697366697265506F6C69637971007E00094C000673746174757371007E000978720027636F6D2E72756F79692E636F6D6D6F6E2E636F72652E646F6D61696E2E42617365456E7469747900000000000000010200074C0008637265617465427971007E00094C000A63726561746554696D657400104C6A6176612F7574696C2F446174653B4C0006706172616D7371007E00034C000672656D61726B71007E00094C000B73656172636856616C756571007E00094C0008757064617465427971007E00094C000A75706461746554696D6571007E000C787074000561646D696E7372000E6A6176612E7574696C2E44617465686A81014B597419030000787077080000017D51199D8878707400007070707400013174000E302F3135202A202A202A202A203F74001572795461736B2E7279506172616D7328277279272974000744454641554C547372000E6A6176612E6C616E672E4C6F6E673B8BE490CC8F23DF0200014A000576616C7565787200106A6176612E6C616E672E4E756D62657286AC951D0B94E08B02000078700000000000000002740018E7B3BBE7BB9FE9BB98E8AEA4EFBC88E69C89E58F82EFBC8974000133740001317800);
INSERT INTO `qrtz_job_details` VALUES ('RuoyiScheduler', 'TASK_CLASS_NAME3', 'DEFAULT', NULL, 'com.ruoyi.quartz.util.QuartzDisallowConcurrentExecution', '0', '1', '0', '0', 0xACED0005737200156F72672E71756172747A2E4A6F62446174614D61709FB083E8BFA9B0CB020000787200266F72672E71756172747A2E7574696C732E537472696E674B65794469727479466C61674D61708208E8C3FBC55D280200015A0013616C6C6F77735472616E7369656E74446174617872001D6F72672E71756172747A2E7574696C732E4469727479466C61674D617013E62EAD28760ACE0200025A000564697274794C00036D617074000F4C6A6176612F7574696C2F4D61703B787001737200116A6176612E7574696C2E486173684D61700507DAC1C31660D103000246000A6C6F6164466163746F724900097468726573686F6C6478703F4000000000000C7708000000100000000174000F5441534B5F50524F504552544945537372001E636F6D2E72756F79692E71756172747A2E646F6D61696E2E5379734A6F6200000000000000010200084C000A636F6E63757272656E747400124C6A6176612F6C616E672F537472696E673B4C000E63726F6E45787072657373696F6E71007E00094C000C696E766F6B6554617267657471007E00094C00086A6F6247726F757071007E00094C00056A6F6249647400104C6A6176612F6C616E672F4C6F6E673B4C00076A6F624E616D6571007E00094C000D6D697366697265506F6C69637971007E00094C000673746174757371007E000978720027636F6D2E72756F79692E636F6D6D6F6E2E636F72652E646F6D61696E2E42617365456E7469747900000000000000010200074C0008637265617465427971007E00094C000A63726561746554696D657400104C6A6176612F7574696C2F446174653B4C0006706172616D7371007E00034C000672656D61726B71007E00094C000B73656172636856616C756571007E00094C0008757064617465427971007E00094C000A75706461746554696D6571007E000C787074000561646D696E7372000E6A6176612E7574696C2E44617465686A81014B597419030000787077080000017D51199D8878707400007070707400013174000E302F3230202A202A202A202A203F74003872795461736B2E72794D756C7469706C65506172616D7328277279272C20747275652C20323030304C2C203331362E3530442C203130302974000744454641554C547372000E6A6176612E6C616E672E4C6F6E673B8BE490CC8F23DF0200014A000576616C7565787200106A6176612E6C616E672E4E756D62657286AC951D0B94E08B02000078700000000000000003740018E7B3BBE7BB9FE9BB98E8AEA4EFBC88E5A49AE58F82EFBC8974000133740001317800);
INSERT INTO `qrtz_job_details` VALUES ('kt-watchdogScheduler', 'TASK_CLASS_NAME1', 'DEFAULT', NULL, 'com.hzzftech.watchdog.quartz.util.QuartzDisallowConcurrentExecution', '0', '1', '0', '0', 0xACED0005737200156F72672E71756172747A2E4A6F62446174614D61709FB083E8BFA9B0CB020000787200266F72672E71756172747A2E7574696C732E537472696E674B65794469727479466C61674D61708208E8C3FBC55D280200015A0013616C6C6F77735472616E7369656E74446174617872001D6F72672E71756172747A2E7574696C732E4469727479466C61674D617013E62EAD28760ACE0200025A000564697274794C00036D617074000F4C6A6176612F7574696C2F4D61703B787001737200116A6176612E7574696C2E486173684D61700507DAC1C31660D103000246000A6C6F6164466163746F724900097468726573686F6C6478703F4000000000000C7708000000100000000174000F5441534B5F50524F5045525449455373720027636F6D2E687A7A66746563682E7761746368646F672E627573692E646F6D61696E2E4B744A6F62E3EE96E47A751ECD0200064C0004647049647400104C6A6176612F6C616E672F4C6F6E673B4C000564704964737400124C6A6176612F6C616E672F537472696E673B4C000664704E616D6571007E000A4C000A64705265706F5479706571007E000A4C000A6470547970654E616D6571007E000A4C00087265706F4E616D6571007E000A7872002A636F6D2E687A7A66746563682E7761746368646F672E71756172747A2E646F6D61696E2E5379734A6F6200000000000000010200084C000A636F6E63757272656E7471007E000A4C000E63726F6E45787072657373696F6E71007E000A4C000C696E766F6B6554617267657471007E000A4C00086A6F6247726F757071007E000A4C00056A6F62496471007E00094C00076A6F624E616D6571007E000A4C000D6D697366697265506F6C69637971007E000A4C000673746174757371007E000A78720033636F6D2E687A7A66746563682E7761746368646F672E636F6D6D6F6E2E636F72652E646F6D61696E2E42617365456E7469747900000000000000010200074C0008637265617465427971007E000A4C000A63726561746554696D657400104C6A6176612F7574696C2F446174653B4C0006706172616D7371007E00034C000672656D61726B71007E000A4C000B73656172636856616C756571007E000A4C0008757064617465427971007E000A4C000A75706461746554696D6571007E000D787074000561646D696E70707400007070707400013174000D30202A202A202A202A203F202A74002A4B744469737061746368657253657276696365496D706C2E6C61756E6368464A6F62282731272C20312974000744454641554C547372000E6A6176612E6C616E672E4C6F6E673B8BE490CC8F23DF0200014A000576616C7565787200106A6176612E6C616E672E4E756D62657286AC951D0B94E08B0200007870000000000000000174000CE6B58BE8AF95E4BBBBE58AA1740001317400013171007E001774000131707070707800);

-- ----------------------------
-- Table structure for qrtz_locks
-- ----------------------------
DROP TABLE IF EXISTS `qrtz_locks`;
CREATE TABLE `qrtz_locks`  (
  `sched_name` varchar(120) CHARACTER SET utf8mb4 COLLATE utf8mb4_bin NOT NULL COMMENT '调度名称',
  `lock_name` varchar(40) CHARACTER SET utf8mb4 COLLATE utf8mb4_bin NOT NULL COMMENT '悲观锁名称',
  PRIMARY KEY (`sched_name`, `lock_name`) USING BTREE
) ENGINE = InnoDB CHARACTER SET = utf8mb4 COLLATE = utf8mb4_bin COMMENT = '存储的悲观锁信息表' ROW_FORMAT = DYNAMIC;

-- ----------------------------
-- Records of qrtz_locks
-- ----------------------------
INSERT INTO `qrtz_locks` VALUES ('RuoyiScheduler', 'STATE_ACCESS');
INSERT INTO `qrtz_locks` VALUES ('RuoyiScheduler', 'TRIGGER_ACCESS');
INSERT INTO `qrtz_locks` VALUES ('kt-watchdogScheduler', 'STATE_ACCESS');
INSERT INTO `qrtz_locks` VALUES ('kt-watchdogScheduler', 'TRIGGER_ACCESS');

-- ----------------------------
-- Table structure for qrtz_paused_trigger_grps
-- ----------------------------
DROP TABLE IF EXISTS `qrtz_paused_trigger_grps`;
CREATE TABLE `qrtz_paused_trigger_grps`  (
  `sched_name` varchar(120) CHARACTER SET utf8mb4 COLLATE utf8mb4_bin NOT NULL COMMENT '调度名称',
  `trigger_group` varchar(200) CHARACTER SET utf8mb4 COLLATE utf8mb4_bin NOT NULL COMMENT 'qrtz_triggers表trigger_group的外键',
  PRIMARY KEY (`sched_name`, `trigger_group`) USING BTREE
) ENGINE = InnoDB CHARACTER SET = utf8mb4 COLLATE = utf8mb4_bin COMMENT = '暂停的触发器表' ROW_FORMAT = DYNAMIC;

-- ----------------------------
-- Records of qrtz_paused_trigger_grps
-- ----------------------------

-- ----------------------------
-- Table structure for qrtz_scheduler_state
-- ----------------------------
DROP TABLE IF EXISTS `qrtz_scheduler_state`;
CREATE TABLE `qrtz_scheduler_state`  (
  `sched_name` varchar(120) CHARACTER SET utf8mb4 COLLATE utf8mb4_bin NOT NULL COMMENT '调度名称',
  `instance_name` varchar(200) CHARACTER SET utf8mb4 COLLATE utf8mb4_bin NOT NULL COMMENT '实例名称',
  `last_checkin_time` bigint(13) NOT NULL COMMENT '上次检查时间',
  `checkin_interval` bigint(13) NOT NULL COMMENT '检查间隔时间',
  PRIMARY KEY (`sched_name`, `instance_name`) USING BTREE
) ENGINE = InnoDB CHARACTER SET = utf8mb4 COLLATE = utf8mb4_bin COMMENT = '调度器状态表' ROW_FORMAT = DYNAMIC;

-- ----------------------------
-- Records of qrtz_scheduler_state
-- ----------------------------
INSERT INTO `qrtz_scheduler_state` VALUES ('RuoyiScheduler', 'SJ-DEV-LiQX1637743908556', 1637746333132, 15000);
INSERT INTO `qrtz_scheduler_state` VALUES ('kt-watchdogScheduler', 'SJ-DEV-LiQX1649494833757', 1649501729912, 15000);

-- ----------------------------
-- Table structure for qrtz_simple_triggers
-- ----------------------------
DROP TABLE IF EXISTS `qrtz_simple_triggers`;
CREATE TABLE `qrtz_simple_triggers`  (
  `sched_name` varchar(120) CHARACTER SET utf8mb4 COLLATE utf8mb4_bin NOT NULL COMMENT '调度名称',
  `trigger_name` varchar(200) CHARACTER SET utf8mb4 COLLATE utf8mb4_bin NOT NULL COMMENT 'qrtz_triggers表trigger_name的外键',
  `trigger_group` varchar(200) CHARACTER SET utf8mb4 COLLATE utf8mb4_bin NOT NULL COMMENT 'qrtz_triggers表trigger_group的外键',
  `repeat_count` bigint(7) NOT NULL COMMENT '重复的次数统计',
  `repeat_interval` bigint(12) NOT NULL COMMENT '重复的间隔时间',
  `times_triggered` bigint(10) NOT NULL COMMENT '已经触发的次数',
  PRIMARY KEY (`sched_name`, `trigger_name`, `trigger_group`) USING BTREE,
  CONSTRAINT `QRTZ_SIMPLE_TRIGGERS_ibfk_1` FOREIGN KEY (`sched_name`, `trigger_name`, `trigger_group`) REFERENCES `qrtz_triggers` (`sched_name`, `trigger_name`, `trigger_group`) ON DELETE RESTRICT ON UPDATE RESTRICT
) ENGINE = InnoDB CHARACTER SET = utf8mb4 COLLATE = utf8mb4_bin COMMENT = '简单触发器的信息表' ROW_FORMAT = DYNAMIC;

-- ----------------------------
-- Records of qrtz_simple_triggers
-- ----------------------------

-- ----------------------------
-- Table structure for qrtz_simprop_triggers
-- ----------------------------
DROP TABLE IF EXISTS `qrtz_simprop_triggers`;
CREATE TABLE `qrtz_simprop_triggers`  (
  `sched_name` varchar(120) CHARACTER SET utf8mb4 COLLATE utf8mb4_bin NOT NULL COMMENT '调度名称',
  `trigger_name` varchar(200) CHARACTER SET utf8mb4 COLLATE utf8mb4_bin NOT NULL COMMENT 'qrtz_triggers表trigger_name的外键',
  `trigger_group` varchar(200) CHARACTER SET utf8mb4 COLLATE utf8mb4_bin NOT NULL COMMENT 'qrtz_triggers表trigger_group的外键',
  `str_prop_1` varchar(512) CHARACTER SET utf8mb4 COLLATE utf8mb4_bin NULL DEFAULT NULL COMMENT 'String类型的trigger的第一个参数',
  `str_prop_2` varchar(512) CHARACTER SET utf8mb4 COLLATE utf8mb4_bin NULL DEFAULT NULL COMMENT 'String类型的trigger的第二个参数',
  `str_prop_3` varchar(512) CHARACTER SET utf8mb4 COLLATE utf8mb4_bin NULL DEFAULT NULL COMMENT 'String类型的trigger的第三个参数',
  `int_prop_1` int(11) NULL DEFAULT NULL COMMENT 'int类型的trigger的第一个参数',
  `int_prop_2` int(11) NULL DEFAULT NULL COMMENT 'int类型的trigger的第二个参数',
  `long_prop_1` bigint(20) NULL DEFAULT NULL COMMENT 'long类型的trigger的第一个参数',
  `long_prop_2` bigint(20) NULL DEFAULT NULL COMMENT 'long类型的trigger的第二个参数',
  `dec_prop_1` decimal(13, 4) NULL DEFAULT NULL COMMENT 'decimal类型的trigger的第一个参数',
  `dec_prop_2` decimal(13, 4) NULL DEFAULT NULL COMMENT 'decimal类型的trigger的第二个参数',
  `bool_prop_1` varchar(1) CHARACTER SET utf8mb4 COLLATE utf8mb4_bin NULL DEFAULT NULL COMMENT 'Boolean类型的trigger的第一个参数',
  `bool_prop_2` varchar(1) CHARACTER SET utf8mb4 COLLATE utf8mb4_bin NULL DEFAULT NULL COMMENT 'Boolean类型的trigger的第二个参数',
  PRIMARY KEY (`sched_name`, `trigger_name`, `trigger_group`) USING BTREE,
  CONSTRAINT `QRTZ_SIMPROP_TRIGGERS_ibfk_1` FOREIGN KEY (`sched_name`, `trigger_name`, `trigger_group`) REFERENCES `qrtz_triggers` (`sched_name`, `trigger_name`, `trigger_group`) ON DELETE RESTRICT ON UPDATE RESTRICT
) ENGINE = InnoDB CHARACTER SET = utf8mb4 COLLATE = utf8mb4_bin COMMENT = '同步机制的行锁表' ROW_FORMAT = DYNAMIC;

-- ----------------------------
-- Records of qrtz_simprop_triggers
-- ----------------------------

-- ----------------------------
-- Table structure for qrtz_triggers
-- ----------------------------
DROP TABLE IF EXISTS `qrtz_triggers`;
CREATE TABLE `qrtz_triggers`  (
  `sched_name` varchar(120) CHARACTER SET utf8mb4 COLLATE utf8mb4_bin NOT NULL COMMENT '调度名称',
  `trigger_name` varchar(200) CHARACTER SET utf8mb4 COLLATE utf8mb4_bin NOT NULL COMMENT '触发器的名字',
  `trigger_group` varchar(200) CHARACTER SET utf8mb4 COLLATE utf8mb4_bin NOT NULL COMMENT '触发器所属组的名字',
  `job_name` varchar(200) CHARACTER SET utf8mb4 COLLATE utf8mb4_bin NOT NULL COMMENT 'qrtz_job_details表job_name的外键',
  `job_group` varchar(200) CHARACTER SET utf8mb4 COLLATE utf8mb4_bin NOT NULL COMMENT 'qrtz_job_details表job_group的外键',
  `description` varchar(250) CHARACTER SET utf8mb4 COLLATE utf8mb4_bin NULL DEFAULT NULL COMMENT '相关介绍',
  `next_fire_time` bigint(13) NULL DEFAULT NULL COMMENT '上一次触发时间（毫秒）',
  `prev_fire_time` bigint(13) NULL DEFAULT NULL COMMENT '下一次触发时间（默认为-1表示不触发）',
  `priority` int(11) NULL DEFAULT NULL COMMENT '优先级',
  `trigger_state` varchar(16) CHARACTER SET utf8mb4 COLLATE utf8mb4_bin NOT NULL COMMENT '触发器状态',
  `trigger_type` varchar(8) CHARACTER SET utf8mb4 COLLATE utf8mb4_bin NOT NULL COMMENT '触发器的类型',
  `start_time` bigint(13) NOT NULL COMMENT '开始时间',
  `end_time` bigint(13) NULL DEFAULT NULL COMMENT '结束时间',
  `calendar_name` varchar(200) CHARACTER SET utf8mb4 COLLATE utf8mb4_bin NULL DEFAULT NULL COMMENT '日程表名称',
  `misfire_instr` smallint(2) NULL DEFAULT NULL COMMENT '补偿执行的策略',
  `job_data` blob NULL COMMENT '存放持久化job对象',
  PRIMARY KEY (`sched_name`, `trigger_name`, `trigger_group`) USING BTREE,
  INDEX `sched_name`(`sched_name`, `job_name`, `job_group`) USING BTREE,
  CONSTRAINT `QRTZ_TRIGGERS_ibfk_1` FOREIGN KEY (`sched_name`, `job_name`, `job_group`) REFERENCES `qrtz_job_details` (`sched_name`, `job_name`, `job_group`) ON DELETE RESTRICT ON UPDATE RESTRICT
) ENGINE = InnoDB CHARACTER SET = utf8mb4 COLLATE = utf8mb4_bin COMMENT = '触发器详细信息表' ROW_FORMAT = DYNAMIC;

-- ----------------------------
-- Records of qrtz_triggers
-- ----------------------------
INSERT INTO `qrtz_triggers` VALUES ('RuoyiScheduler', 'TASK_CLASS_NAME1', 'DEFAULT', 'TASK_CLASS_NAME1', 'DEFAULT', NULL, 1637743910000, -1, 5, 'PAUSED', 'CRON', 1637743909000, 0, NULL, 2, '');
INSERT INTO `qrtz_triggers` VALUES ('RuoyiScheduler', 'TASK_CLASS_NAME2', 'DEFAULT', 'TASK_CLASS_NAME2', 'DEFAULT', NULL, 1637743920000, -1, 5, 'PAUSED', 'CRON', 1637743910000, 0, NULL, 2, '');
INSERT INTO `qrtz_triggers` VALUES ('RuoyiScheduler', 'TASK_CLASS_NAME3', 'DEFAULT', 'TASK_CLASS_NAME3', 'DEFAULT', NULL, 1637743920000, -1, 5, 'PAUSED', 'CRON', 1637743911000, 0, NULL, 2, '');
INSERT INTO `qrtz_triggers` VALUES ('kt-watchdogScheduler', 'TASK_CLASS_NAME1', 'DEFAULT', 'TASK_CLASS_NAME1', 'DEFAULT', NULL, 1649495100000, -1, 5, 'PAUSED', 'CRON', 1649495075000, 0, NULL, -1, '');

-- ----------------------------
-- Table structure for r_cluster
-- ----------------------------
DROP TABLE IF EXISTS `r_cluster`;
CREATE TABLE `r_cluster`  (
  `ID_CLUSTER` bigint(20) NOT NULL,
  `NAME` varchar(255) CHARACTER SET utf8mb4 COLLATE utf8mb4_bin NULL DEFAULT NULL,
  `BASE_PORT` varchar(255) CHARACTER SET utf8mb4 COLLATE utf8mb4_bin NULL DEFAULT NULL,
  `SOCKETS_BUFFER_SIZE` varchar(255) CHARACTER SET utf8mb4 COLLATE utf8mb4_bin NULL DEFAULT NULL,
  `SOCKETS_FLUSH_INTERVAL` varchar(255) CHARACTER SET utf8mb4 COLLATE utf8mb4_bin NULL DEFAULT NULL,
  `SOCKETS_COMPRESSED` tinyint(1) NULL DEFAULT NULL,
  `DYNAMIC_CLUSTER` tinyint(1) NULL DEFAULT NULL,
  PRIMARY KEY (`ID_CLUSTER`) USING BTREE
) ENGINE = InnoDB CHARACTER SET = utf8mb4 COLLATE = utf8mb4_bin ROW_FORMAT = DYNAMIC;

-- ----------------------------
-- Records of r_cluster
-- ----------------------------

-- ----------------------------
-- Table structure for r_cluster_slave
-- ----------------------------
DROP TABLE IF EXISTS `r_cluster_slave`;
CREATE TABLE `r_cluster_slave`  (
  `ID_CLUSTER_SLAVE` bigint(20) NOT NULL,
  `ID_CLUSTER` int(11) NULL DEFAULT NULL,
  `ID_SLAVE` int(11) NULL DEFAULT NULL,
  PRIMARY KEY (`ID_CLUSTER_SLAVE`) USING BTREE
) ENGINE = InnoDB CHARACTER SET = utf8mb4 COLLATE = utf8mb4_bin ROW_FORMAT = DYNAMIC;

-- ----------------------------
-- Records of r_cluster_slave
-- ----------------------------

-- ----------------------------
-- Table structure for r_condition
-- ----------------------------
DROP TABLE IF EXISTS `r_condition`;
CREATE TABLE `r_condition`  (
  `ID_CONDITION` bigint(20) NOT NULL,
  `ID_CONDITION_PARENT` int(11) NULL DEFAULT NULL,
  `NEGATED` tinyint(1) NULL DEFAULT NULL,
  `OPERATOR` varchar(255) CHARACTER SET utf8mb4 COLLATE utf8mb4_bin NULL DEFAULT NULL,
  `LEFT_NAME` varchar(255) CHARACTER SET utf8mb4 COLLATE utf8mb4_bin NULL DEFAULT NULL,
  `CONDITION_FUNCTION` varchar(255) CHARACTER SET utf8mb4 COLLATE utf8mb4_bin NULL DEFAULT NULL,
  `RIGHT_NAME` varchar(255) CHARACTER SET utf8mb4 COLLATE utf8mb4_bin NULL DEFAULT NULL,
  `ID_VALUE_RIGHT` int(11) NULL DEFAULT NULL,
  PRIMARY KEY (`ID_CONDITION`) USING BTREE
) ENGINE = InnoDB CHARACTER SET = utf8mb4 COLLATE = utf8mb4_bin ROW_FORMAT = DYNAMIC;

-- ----------------------------
-- Records of r_condition
-- ----------------------------

-- ----------------------------
-- Table structure for r_database
-- ----------------------------
DROP TABLE IF EXISTS `r_database`;
CREATE TABLE `r_database`  (
  `ID_DATABASE` bigint(20) NOT NULL,
  `NAME` varchar(255) CHARACTER SET utf8mb4 COLLATE utf8mb4_bin NULL DEFAULT NULL,
  `ID_DATABASE_TYPE` int(11) NULL DEFAULT NULL,
  `ID_DATABASE_CONTYPE` int(11) NULL DEFAULT NULL,
  `HOST_NAME` varchar(255) CHARACTER SET utf8mb4 COLLATE utf8mb4_bin NULL DEFAULT NULL,
  `DATABASE_NAME` mediumtext CHARACTER SET utf8mb4 COLLATE utf8mb4_bin NULL,
  `PORT` int(11) NULL DEFAULT NULL,
  `USERNAME` varchar(255) CHARACTER SET utf8mb4 COLLATE utf8mb4_bin NULL DEFAULT NULL,
  `PASSWORD` varchar(255) CHARACTER SET utf8mb4 COLLATE utf8mb4_bin NULL DEFAULT NULL,
  `SERVERNAME` varchar(255) CHARACTER SET utf8mb4 COLLATE utf8mb4_bin NULL DEFAULT NULL,
  `DATA_TBS` varchar(255) CHARACTER SET utf8mb4 COLLATE utf8mb4_bin NULL DEFAULT NULL,
  `INDEX_TBS` varchar(255) CHARACTER SET utf8mb4 COLLATE utf8mb4_bin NULL DEFAULT NULL,
  PRIMARY KEY (`ID_DATABASE`) USING BTREE
) ENGINE = InnoDB CHARACTER SET = utf8mb4 COLLATE = utf8mb4_bin ROW_FORMAT = DYNAMIC;

-- ----------------------------
-- Records of r_database
-- ----------------------------
INSERT INTO `r_database` VALUES (1, '8.141.49.92', 34, 1, '${db_host}', '${db_name}', -1, '${db_username}', '${db_password}', NULL, NULL, NULL);

-- ----------------------------
-- Table structure for r_database_attribute
-- ----------------------------
DROP TABLE IF EXISTS `r_database_attribute`;
CREATE TABLE `r_database_attribute`  (
  `ID_DATABASE_ATTRIBUTE` bigint(20) NOT NULL,
  `ID_DATABASE` int(11) NULL DEFAULT NULL,
  `CODE` varchar(255) CHARACTER SET utf8mb4 COLLATE utf8mb4_bin NULL DEFAULT NULL,
  `VALUE_STR` mediumtext CHARACTER SET utf8mb4 COLLATE utf8mb4_bin NULL,
  PRIMARY KEY (`ID_DATABASE_ATTRIBUTE`) USING BTREE,
  UNIQUE INDEX `IDX_RDAT`(`ID_DATABASE`, `CODE`) USING BTREE
) ENGINE = InnoDB CHARACTER SET = utf8mb4 COLLATE = utf8mb4_bin ROW_FORMAT = DYNAMIC;

-- ----------------------------
-- Records of r_database_attribute
-- ----------------------------
INSERT INTO `r_database_attribute` VALUES (1, 1, 'EXTRA_OPTION_MYSQL.useCursorFetch', 'true');
INSERT INTO `r_database_attribute` VALUES (2, 1, 'USE_POOLING', 'N');
INSERT INTO `r_database_attribute` VALUES (3, 1, 'PRESERVE_RESERVED_WORD_CASE', 'N');
INSERT INTO `r_database_attribute` VALUES (4, 1, 'SUPPORTS_TIMESTAMP_DATA_TYPE', 'Y');
INSERT INTO `r_database_attribute` VALUES (5, 1, 'IS_CLUSTERED', 'N');
INSERT INTO `r_database_attribute` VALUES (6, 1, 'SUPPORTS_BOOLEAN_DATA_TYPE', 'Y');
INSERT INTO `r_database_attribute` VALUES (7, 1, 'STREAM_RESULTS', 'Y');
INSERT INTO `r_database_attribute` VALUES (8, 1, 'EXTRA_OPTION_MYSQL.defaultFetchSize', '500');
INSERT INTO `r_database_attribute` VALUES (9, 1, 'PORT_NUMBER', '${db_port}');
INSERT INTO `r_database_attribute` VALUES (10, 1, 'FORCE_IDENTIFIERS_TO_UPPERCASE', 'N');
INSERT INTO `r_database_attribute` VALUES (11, 1, 'EXTRA_OPTION_MYSQL.characterEncoding', 'utf-8');
INSERT INTO `r_database_attribute` VALUES (12, 1, 'FORCE_IDENTIFIERS_TO_LOWERCASE', 'N');
INSERT INTO `r_database_attribute` VALUES (13, 1, 'SQL_CONNECT', 'set names utf8');
INSERT INTO `r_database_attribute` VALUES (14, 1, 'QUOTE_ALL_FIELDS', 'N');

-- ----------------------------
-- Table structure for r_database_contype
-- ----------------------------
DROP TABLE IF EXISTS `r_database_contype`;
CREATE TABLE `r_database_contype`  (
  `ID_DATABASE_CONTYPE` bigint(20) NOT NULL,
  `CODE` varchar(255) CHARACTER SET utf8mb4 COLLATE utf8mb4_bin NULL DEFAULT NULL,
  `DESCRIPTION` varchar(255) CHARACTER SET utf8mb4 COLLATE utf8mb4_bin NULL DEFAULT NULL,
  PRIMARY KEY (`ID_DATABASE_CONTYPE`) USING BTREE
) ENGINE = InnoDB CHARACTER SET = utf8mb4 COLLATE = utf8mb4_bin ROW_FORMAT = DYNAMIC;

-- ----------------------------
-- Records of r_database_contype
-- ----------------------------
INSERT INTO `r_database_contype` VALUES (1, 'Native', 'Native (JDBC)');
INSERT INTO `r_database_contype` VALUES (2, 'ODBC', 'ODBC');
INSERT INTO `r_database_contype` VALUES (3, 'OCI', 'OCI');
INSERT INTO `r_database_contype` VALUES (4, 'Plugin', 'Plugin specific access method');
INSERT INTO `r_database_contype` VALUES (5, 'JNDI', 'JNDI');
INSERT INTO `r_database_contype` VALUES (6, ',', 'Custom');

-- ----------------------------
-- Table structure for r_database_type
-- ----------------------------
DROP TABLE IF EXISTS `r_database_type`;
CREATE TABLE `r_database_type`  (
  `ID_DATABASE_TYPE` bigint(20) NOT NULL,
  `CODE` varchar(255) CHARACTER SET utf8mb4 COLLATE utf8mb4_bin NULL DEFAULT NULL,
  `DESCRIPTION` varchar(255) CHARACTER SET utf8mb4 COLLATE utf8mb4_bin NULL DEFAULT NULL,
  PRIMARY KEY (`ID_DATABASE_TYPE`) USING BTREE
) ENGINE = InnoDB CHARACTER SET = utf8mb4 COLLATE = utf8mb4_bin ROW_FORMAT = DYNAMIC;

-- ----------------------------
-- Records of r_database_type
-- ----------------------------
INSERT INTO `r_database_type` VALUES (1, 'DERBY', 'Apache Derby');
INSERT INTO `r_database_type` VALUES (2, 'AS/400', 'AS/400');
INSERT INTO `r_database_type` VALUES (3, 'INTERBASE', 'Borland Interbase');
INSERT INTO `r_database_type` VALUES (4, 'INFINIDB', 'Calpont InfiniDB');
INSERT INTO `r_database_type` VALUES (5, 'IMPALASIMBA', 'Cloudera Impala');
INSERT INTO `r_database_type` VALUES (6, 'DBASE', 'dBase III, IV or 5');
INSERT INTO `r_database_type` VALUES (7, 'EXASOL4', 'Exasol 4');
INSERT INTO `r_database_type` VALUES (8, 'EXTENDB', 'ExtenDB');
INSERT INTO `r_database_type` VALUES (9, 'FIREBIRD', 'Firebird SQL');
INSERT INTO `r_database_type` VALUES (10, 'GENERIC', 'Generic database');
INSERT INTO `r_database_type` VALUES (11, 'GOOGLEBIGQUERY', 'Google BigQuery');
INSERT INTO `r_database_type` VALUES (12, 'GREENPLUM', 'Greenplum');
INSERT INTO `r_database_type` VALUES (13, 'SQLBASE', 'Gupta SQL Base');
INSERT INTO `r_database_type` VALUES (14, 'H2', 'H2');
INSERT INTO `r_database_type` VALUES (15, 'HIVE', 'Hadoop Hive');
INSERT INTO `r_database_type` VALUES (16, 'HIVE2', 'Hadoop Hive 2/3');
INSERT INTO `r_database_type` VALUES (17, 'HIVEWAREHOUSE', 'Hive Warehouse Connector');
INSERT INTO `r_database_type` VALUES (18, 'HYPERSONIC', 'Hypersonic');
INSERT INTO `r_database_type` VALUES (19, 'DB2', 'IBM DB2');
INSERT INTO `r_database_type` VALUES (20, 'IMPALA', 'Impala');
INSERT INTO `r_database_type` VALUES (21, 'INFOBRIGHT', 'Infobright');
INSERT INTO `r_database_type` VALUES (22, 'INFORMIX', 'Informix');
INSERT INTO `r_database_type` VALUES (23, 'INGRES', 'Ingres');
INSERT INTO `r_database_type` VALUES (24, 'VECTORWISE', 'Ingres VectorWise');
INSERT INTO `r_database_type` VALUES (25, 'CACHE', 'Intersystems Cache');
INSERT INTO `r_database_type` VALUES (26, 'KINGBASEES', 'KingbaseES');
INSERT INTO `r_database_type` VALUES (27, 'LucidDB', 'LucidDB');
INSERT INTO `r_database_type` VALUES (28, 'MARIADB', 'MariaDB');
INSERT INTO `r_database_type` VALUES (29, 'SAPDB', 'MaxDB (SAP DB)');
INSERT INTO `r_database_type` VALUES (30, 'MONETDB', 'MonetDB');
INSERT INTO `r_database_type` VALUES (31, 'MSACCESS', 'MS Access');
INSERT INTO `r_database_type` VALUES (32, 'MSSQL', 'MS SQL Server');
INSERT INTO `r_database_type` VALUES (33, 'MSSQLNATIVE', 'MS SQL Server (Native)');
INSERT INTO `r_database_type` VALUES (34, 'MYSQL', 'MySQL');
INSERT INTO `r_database_type` VALUES (35, 'MONDRIAN', 'Native Mondrian');
INSERT INTO `r_database_type` VALUES (36, 'NEOVIEW', 'Neoview');
INSERT INTO `r_database_type` VALUES (37, 'NETEZZA', 'Netezza');
INSERT INTO `r_database_type` VALUES (38, 'ORACLE', 'Oracle');
INSERT INTO `r_database_type` VALUES (39, 'ORACLERDB', 'Oracle RDB');
INSERT INTO `r_database_type` VALUES (40, 'PALO', 'Palo MOLAP Server');
INSERT INTO `r_database_type` VALUES (41, 'KettleThin', 'Pentaho Data Services');
INSERT INTO `r_database_type` VALUES (42, 'POSTGRESQL', 'PostgreSQL');
INSERT INTO `r_database_type` VALUES (43, 'REDSHIFT', 'Redshift');
INSERT INTO `r_database_type` VALUES (44, 'REMEDY-AR-SYSTEM', 'Remedy Action Request System');
INSERT INTO `r_database_type` VALUES (45, 'SAPR3', 'SAP ERP System');
INSERT INTO `r_database_type` VALUES (46, 'SNOWFLAKEHV', 'Snowflake');
INSERT INTO `r_database_type` VALUES (47, 'SPARKSIMBA', 'SparkSQL');
INSERT INTO `r_database_type` VALUES (48, 'SQLITE', 'SQLite');
INSERT INTO `r_database_type` VALUES (49, 'SYBASE', 'Sybase');
INSERT INTO `r_database_type` VALUES (50, 'SYBASEIQ', 'SybaseIQ');
INSERT INTO `r_database_type` VALUES (51, 'TERADATA', 'Teradata');
INSERT INTO `r_database_type` VALUES (52, 'UNIVERSE', 'UniVerse database');
INSERT INTO `r_database_type` VALUES (53, 'VERTICA', 'Vertica');
INSERT INTO `r_database_type` VALUES (54, 'VERTICA5', 'Vertica 5+');

-- ----------------------------
-- Table structure for r_dependency
-- ----------------------------
DROP TABLE IF EXISTS `r_dependency`;
CREATE TABLE `r_dependency`  (
  `ID_DEPENDENCY` bigint(20) NOT NULL,
  `ID_TRANSFORMATION` int(11) NULL DEFAULT NULL,
  `ID_DATABASE` int(11) NULL DEFAULT NULL,
  `TABLE_NAME` varchar(255) CHARACTER SET utf8mb4 COLLATE utf8mb4_bin NULL DEFAULT NULL,
  `FIELD_NAME` varchar(255) CHARACTER SET utf8mb4 COLLATE utf8mb4_bin NULL DEFAULT NULL,
  PRIMARY KEY (`ID_DEPENDENCY`) USING BTREE
) ENGINE = InnoDB CHARACTER SET = utf8mb4 COLLATE = utf8mb4_bin ROW_FORMAT = DYNAMIC;

-- ----------------------------
-- Records of r_dependency
-- ----------------------------

-- ----------------------------
-- Table structure for r_directory
-- ----------------------------
DROP TABLE IF EXISTS `r_directory`;
CREATE TABLE `r_directory`  (
  `ID_DIRECTORY` bigint(20) NOT NULL,
  `ID_DIRECTORY_PARENT` int(11) NULL DEFAULT NULL,
  `DIRECTORY_NAME` varchar(255) CHARACTER SET utf8mb4 COLLATE utf8mb4_bin NULL DEFAULT NULL,
  PRIMARY KEY (`ID_DIRECTORY`) USING BTREE,
  UNIQUE INDEX `IDX_RDIR`(`ID_DIRECTORY_PARENT`, `DIRECTORY_NAME`) USING BTREE
) ENGINE = InnoDB CHARACTER SET = utf8mb4 COLLATE = utf8mb4_bin ROW_FORMAT = DYNAMIC;

-- ----------------------------
-- Records of r_directory
-- ----------------------------
INSERT INTO `r_directory` VALUES (1, 0, '你好');
INSERT INTO `r_directory` VALUES (2, 1, '第二层');

-- ----------------------------
-- Table structure for r_element
-- ----------------------------
DROP TABLE IF EXISTS `r_element`;
CREATE TABLE `r_element`  (
  `ID_ELEMENT` bigint(20) NOT NULL,
  `ID_ELEMENT_TYPE` int(11) NULL DEFAULT NULL,
  `NAME` text CHARACTER SET utf8mb4 COLLATE utf8mb4_bin NULL,
  PRIMARY KEY (`ID_ELEMENT`) USING BTREE
) ENGINE = InnoDB CHARACTER SET = utf8mb4 COLLATE = utf8mb4_bin ROW_FORMAT = DYNAMIC;

-- ----------------------------
-- Records of r_element
-- ----------------------------

-- ----------------------------
-- Table structure for r_element_attribute
-- ----------------------------
DROP TABLE IF EXISTS `r_element_attribute`;
CREATE TABLE `r_element_attribute`  (
  `ID_ELEMENT_ATTRIBUTE` bigint(20) NOT NULL,
  `ID_ELEMENT` int(11) NULL DEFAULT NULL,
  `ID_ELEMENT_ATTRIBUTE_PARENT` int(11) NULL DEFAULT NULL,
  `ATTR_KEY` varchar(255) CHARACTER SET utf8mb4 COLLATE utf8mb4_bin NULL DEFAULT NULL,
  `ATTR_VALUE` mediumtext CHARACTER SET utf8mb4 COLLATE utf8mb4_bin NULL,
  PRIMARY KEY (`ID_ELEMENT_ATTRIBUTE`) USING BTREE
) ENGINE = InnoDB CHARACTER SET = utf8mb4 COLLATE = utf8mb4_bin ROW_FORMAT = DYNAMIC;

-- ----------------------------
-- Records of r_element_attribute
-- ----------------------------

-- ----------------------------
-- Table structure for r_element_type
-- ----------------------------
DROP TABLE IF EXISTS `r_element_type`;
CREATE TABLE `r_element_type`  (
  `ID_ELEMENT_TYPE` bigint(20) NOT NULL,
  `ID_NAMESPACE` int(11) NULL DEFAULT NULL,
  `NAME` text CHARACTER SET utf8mb4 COLLATE utf8mb4_bin NULL,
  `DESCRIPTION` mediumtext CHARACTER SET utf8mb4 COLLATE utf8mb4_bin NULL,
  PRIMARY KEY (`ID_ELEMENT_TYPE`) USING BTREE
) ENGINE = InnoDB CHARACTER SET = utf8mb4 COLLATE = utf8mb4_bin ROW_FORMAT = DYNAMIC;

-- ----------------------------
-- Records of r_element_type
-- ----------------------------

-- ----------------------------
-- Table structure for r_job
-- ----------------------------
DROP TABLE IF EXISTS `r_job`;
CREATE TABLE `r_job`  (
  `ID_JOB` bigint(20) NOT NULL,
  `ID_DIRECTORY` int(11) NULL DEFAULT NULL,
  `NAME` varchar(255) CHARACTER SET utf8mb4 COLLATE utf8mb4_bin NULL DEFAULT NULL,
  `DESCRIPTION` mediumtext CHARACTER SET utf8mb4 COLLATE utf8mb4_bin NULL,
  `EXTENDED_DESCRIPTION` mediumtext CHARACTER SET utf8mb4 COLLATE utf8mb4_bin NULL,
  `JOB_VERSION` varchar(255) CHARACTER SET utf8mb4 COLLATE utf8mb4_bin NULL DEFAULT NULL,
  `JOB_STATUS` int(11) NULL DEFAULT NULL,
  `ID_DATABASE_LOG` int(11) NULL DEFAULT NULL,
  `TABLE_NAME_LOG` varchar(255) CHARACTER SET utf8mb4 COLLATE utf8mb4_bin NULL DEFAULT NULL,
  `CREATED_USER` varchar(255) CHARACTER SET utf8mb4 COLLATE utf8mb4_bin NULL DEFAULT NULL,
  `CREATED_DATE` datetime(0) NULL DEFAULT NULL,
  `MODIFIED_USER` varchar(255) CHARACTER SET utf8mb4 COLLATE utf8mb4_bin NULL DEFAULT NULL,
  `MODIFIED_DATE` datetime(0) NULL DEFAULT NULL,
  `USE_BATCH_ID` tinyint(1) NULL DEFAULT NULL,
  `PASS_BATCH_ID` tinyint(1) NULL DEFAULT NULL,
  `USE_LOGFIELD` tinyint(1) NULL DEFAULT NULL,
  `SHARED_FILE` varchar(255) CHARACTER SET utf8mb4 COLLATE utf8mb4_bin NULL DEFAULT NULL,
  PRIMARY KEY (`ID_JOB`) USING BTREE
) ENGINE = InnoDB CHARACTER SET = utf8mb4 COLLATE = utf8mb4_bin ROW_FORMAT = DYNAMIC;

-- ----------------------------
-- Records of r_job
-- ----------------------------

-- ----------------------------
-- Table structure for r_job_attribute
-- ----------------------------
DROP TABLE IF EXISTS `r_job_attribute`;
CREATE TABLE `r_job_attribute`  (
  `ID_JOB_ATTRIBUTE` bigint(20) NOT NULL,
  `ID_JOB` int(11) NULL DEFAULT NULL,
  `NR` int(11) NULL DEFAULT NULL,
  `CODE` varchar(255) CHARACTER SET utf8mb4 COLLATE utf8mb4_bin NULL DEFAULT NULL,
  `VALUE_NUM` bigint(20) NULL DEFAULT NULL,
  `VALUE_STR` mediumtext CHARACTER SET utf8mb4 COLLATE utf8mb4_bin NULL,
  PRIMARY KEY (`ID_JOB_ATTRIBUTE`) USING BTREE,
  UNIQUE INDEX `IDX_JATT`(`ID_JOB`, `CODE`, `NR`) USING BTREE
) ENGINE = InnoDB CHARACTER SET = utf8mb4 COLLATE = utf8mb4_bin ROW_FORMAT = DYNAMIC;

-- ----------------------------
-- Records of r_job_attribute
-- ----------------------------

-- ----------------------------
-- Table structure for r_job_hop
-- ----------------------------
DROP TABLE IF EXISTS `r_job_hop`;
CREATE TABLE `r_job_hop`  (
  `ID_JOB_HOP` bigint(20) NOT NULL,
  `ID_JOB` int(11) NULL DEFAULT NULL,
  `ID_JOBENTRY_COPY_FROM` int(11) NULL DEFAULT NULL,
  `ID_JOBENTRY_COPY_TO` int(11) NULL DEFAULT NULL,
  `ENABLED` tinyint(1) NULL DEFAULT NULL,
  `EVALUATION` tinyint(1) NULL DEFAULT NULL,
  `UNCONDITIONAL` tinyint(1) NULL DEFAULT NULL,
  PRIMARY KEY (`ID_JOB_HOP`) USING BTREE
) ENGINE = InnoDB CHARACTER SET = utf8mb4 COLLATE = utf8mb4_bin ROW_FORMAT = DYNAMIC;

-- ----------------------------
-- Records of r_job_hop
-- ----------------------------

-- ----------------------------
-- Table structure for r_job_lock
-- ----------------------------
DROP TABLE IF EXISTS `r_job_lock`;
CREATE TABLE `r_job_lock`  (
  `ID_JOB_LOCK` bigint(20) NOT NULL,
  `ID_JOB` int(11) NULL DEFAULT NULL,
  `ID_USER` int(11) NULL DEFAULT NULL,
  `LOCK_MESSAGE` mediumtext CHARACTER SET utf8mb4 COLLATE utf8mb4_bin NULL,
  `LOCK_DATE` datetime(0) NULL DEFAULT NULL,
  PRIMARY KEY (`ID_JOB_LOCK`) USING BTREE
) ENGINE = InnoDB CHARACTER SET = utf8mb4 COLLATE = utf8mb4_bin ROW_FORMAT = DYNAMIC;

-- ----------------------------
-- Records of r_job_lock
-- ----------------------------

-- ----------------------------
-- Table structure for r_job_note
-- ----------------------------
DROP TABLE IF EXISTS `r_job_note`;
CREATE TABLE `r_job_note`  (
  `ID_JOB` int(11) NULL DEFAULT NULL,
  `ID_NOTE` int(11) NULL DEFAULT NULL
) ENGINE = InnoDB CHARACTER SET = utf8mb4 COLLATE = utf8mb4_bin ROW_FORMAT = DYNAMIC;

-- ----------------------------
-- Records of r_job_note
-- ----------------------------

-- ----------------------------
-- Table structure for r_jobentry
-- ----------------------------
DROP TABLE IF EXISTS `r_jobentry`;
CREATE TABLE `r_jobentry`  (
  `ID_JOBENTRY` bigint(20) NOT NULL,
  `ID_JOB` int(11) NULL DEFAULT NULL,
  `ID_JOBENTRY_TYPE` int(11) NULL DEFAULT NULL,
  `NAME` varchar(255) CHARACTER SET utf8mb4 COLLATE utf8mb4_bin NULL DEFAULT NULL,
  `DESCRIPTION` mediumtext CHARACTER SET utf8mb4 COLLATE utf8mb4_bin NULL,
  PRIMARY KEY (`ID_JOBENTRY`) USING BTREE
) ENGINE = InnoDB CHARACTER SET = utf8mb4 COLLATE = utf8mb4_bin ROW_FORMAT = DYNAMIC;

-- ----------------------------
-- Records of r_jobentry
-- ----------------------------

-- ----------------------------
-- Table structure for r_jobentry_attribute
-- ----------------------------
DROP TABLE IF EXISTS `r_jobentry_attribute`;
CREATE TABLE `r_jobentry_attribute`  (
  `ID_JOBENTRY_ATTRIBUTE` bigint(20) NOT NULL,
  `ID_JOB` int(11) NULL DEFAULT NULL,
  `ID_JOBENTRY` int(11) NULL DEFAULT NULL,
  `NR` int(11) NULL DEFAULT NULL,
  `CODE` varchar(255) CHARACTER SET utf8mb4 COLLATE utf8mb4_bin NULL DEFAULT NULL,
  `VALUE_NUM` double NULL DEFAULT NULL,
  `VALUE_STR` mediumtext CHARACTER SET utf8mb4 COLLATE utf8mb4_bin NULL,
  PRIMARY KEY (`ID_JOBENTRY_ATTRIBUTE`) USING BTREE,
  UNIQUE INDEX `IDX_RJEA`(`ID_JOBENTRY_ATTRIBUTE`, `CODE`, `NR`) USING BTREE
) ENGINE = InnoDB CHARACTER SET = utf8mb4 COLLATE = utf8mb4_bin ROW_FORMAT = DYNAMIC;

-- ----------------------------
-- Records of r_jobentry_attribute
-- ----------------------------

-- ----------------------------
-- Table structure for r_jobentry_copy
-- ----------------------------
DROP TABLE IF EXISTS `r_jobentry_copy`;
CREATE TABLE `r_jobentry_copy`  (
  `ID_JOBENTRY_COPY` bigint(20) NOT NULL,
  `ID_JOBENTRY` int(11) NULL DEFAULT NULL,
  `ID_JOB` int(11) NULL DEFAULT NULL,
  `ID_JOBENTRY_TYPE` int(11) NULL DEFAULT NULL,
  `NR` int(11) NULL DEFAULT NULL,
  `GUI_LOCATION_X` int(11) NULL DEFAULT NULL,
  `GUI_LOCATION_Y` int(11) NULL DEFAULT NULL,
  `GUI_DRAW` tinyint(1) NULL DEFAULT NULL,
  `PARALLEL` tinyint(1) NULL DEFAULT NULL,
  PRIMARY KEY (`ID_JOBENTRY_COPY`) USING BTREE
) ENGINE = InnoDB CHARACTER SET = utf8mb4 COLLATE = utf8mb4_bin ROW_FORMAT = DYNAMIC;

-- ----------------------------
-- Records of r_jobentry_copy
-- ----------------------------

-- ----------------------------
-- Table structure for r_jobentry_database
-- ----------------------------
DROP TABLE IF EXISTS `r_jobentry_database`;
CREATE TABLE `r_jobentry_database`  (
  `ID_JOB` int(11) NULL DEFAULT NULL,
  `ID_JOBENTRY` int(11) NULL DEFAULT NULL,
  `ID_DATABASE` int(11) NULL DEFAULT NULL,
  INDEX `IDX_RJD1`(`ID_JOB`) USING BTREE,
  INDEX `IDX_RJD2`(`ID_DATABASE`) USING BTREE
) ENGINE = InnoDB CHARACTER SET = utf8mb4 COLLATE = utf8mb4_bin ROW_FORMAT = DYNAMIC;

-- ----------------------------
-- Records of r_jobentry_database
-- ----------------------------

-- ----------------------------
-- Table structure for r_jobentry_type
-- ----------------------------
DROP TABLE IF EXISTS `r_jobentry_type`;
CREATE TABLE `r_jobentry_type`  (
  `ID_JOBENTRY_TYPE` bigint(20) NOT NULL,
  `CODE` varchar(255) CHARACTER SET utf8mb4 COLLATE utf8mb4_bin NULL DEFAULT NULL,
  `DESCRIPTION` varchar(255) CHARACTER SET utf8mb4 COLLATE utf8mb4_bin NULL DEFAULT NULL,
  PRIMARY KEY (`ID_JOBENTRY_TYPE`) USING BTREE
) ENGINE = InnoDB CHARACTER SET = utf8mb4 COLLATE = utf8mb4_bin ROW_FORMAT = DYNAMIC;

-- ----------------------------
-- Records of r_jobentry_type
-- ----------------------------
INSERT INTO `r_jobentry_type` VALUES (1, 'EMRJobExecutorPlugin', 'Amazon EMR job executor');
INSERT INTO `r_jobentry_type` VALUES (2, 'HiveJobExecutorPlugin', 'Amazon Hive job executor');
INSERT INTO `r_jobentry_type` VALUES (3, 'DataRefineryBuildModel', 'Build model');
INSERT INTO `r_jobentry_type` VALUES (4, 'CHECK_DB_CONNECTIONS', 'Check DB connections');
INSERT INTO `r_jobentry_type` VALUES (5, 'XML_WELL_FORMED', 'Check if XML file is well formed');
INSERT INTO `r_jobentry_type` VALUES (6, 'DOS_UNIX_CONVERTER', 'DOS和UNIX之间的文本转换');
INSERT INTO `r_jobentry_type` VALUES (7, 'DTD_VALIDATOR', 'DTD validator');
INSERT INTO `r_jobentry_type` VALUES (8, 'DummyJob', 'Example job (deprecated)');
INSERT INTO `r_jobentry_type` VALUES (9, 'FTP_PUT', 'FTP 上传');
INSERT INTO `r_jobentry_type` VALUES (10, 'FTP', 'FTP 下载');
INSERT INTO `r_jobentry_type` VALUES (11, 'FTP_DELETE', 'FTP 删除');
INSERT INTO `r_jobentry_type` VALUES (12, 'FTPS_PUT', 'FTPS 上传');
INSERT INTO `r_jobentry_type` VALUES (13, 'FTPS_GET', 'FTPS 下载');
INSERT INTO `r_jobentry_type` VALUES (14, 'HadoopCopyFilesPlugin', 'Hadoop copy files');
INSERT INTO `r_jobentry_type` VALUES (15, 'HadoopJobExecutorPlugin', 'Hadoop job executor ');
INSERT INTO `r_jobentry_type` VALUES (16, 'HL7MLLPAcknowledge', 'HL7 MLLP acknowledge');
INSERT INTO `r_jobentry_type` VALUES (17, 'HL7MLLPInput', 'HL7 MLLP input');
INSERT INTO `r_jobentry_type` VALUES (18, 'HTTP', 'HTTP');
INSERT INTO `r_jobentry_type` VALUES (19, 'EVAL', 'JavaScript');
INSERT INTO `r_jobentry_type` VALUES (20, 'MS_ACCESS_BULK_LOAD', 'MS Access bulk load (deprecated)');
INSERT INTO `r_jobentry_type` VALUES (21, 'MYSQL_BULK_LOAD', 'MySQL 批量加载');
INSERT INTO `r_jobentry_type` VALUES (22, 'OozieJobExecutor', 'Oozie job executor');
INSERT INTO `r_jobentry_type` VALUES (23, 'PALO_CUBE_CREATE', 'Palo cube create (deprecated)');
INSERT INTO `r_jobentry_type` VALUES (24, 'PALO_CUBE_DELETE', 'Palo cube delete (deprecated)');
INSERT INTO `r_jobentry_type` VALUES (25, 'HadoopTransJobExecutorPlugin', 'Pentaho MapReduce');
INSERT INTO `r_jobentry_type` VALUES (26, 'HadoopPigScriptExecutorPlugin', 'Pig script executor');
INSERT INTO `r_jobentry_type` VALUES (27, 'PING', 'Ping 一台主机');
INSERT INTO `r_jobentry_type` VALUES (28, 'GET_POP', 'POP 收信');
INSERT INTO `r_jobentry_type` VALUES (29, 'DATASOURCE_PUBLISH', 'Publish model');
INSERT INTO `r_jobentry_type` VALUES (30, 'SFTPPUT', 'SFTP 上传');
INSERT INTO `r_jobentry_type` VALUES (31, 'SFTP', 'SFTP 下载');
INSERT INTO `r_jobentry_type` VALUES (32, 'SHELL', 'Shell');
INSERT INTO `r_jobentry_type` VALUES (33, 'SparkSubmit', 'Spark submit');
INSERT INTO `r_jobentry_type` VALUES (34, 'SQL', 'SQL');
INSERT INTO `r_jobentry_type` VALUES (35, 'MSSQL_BULK_LOAD', 'SQLServer 批量加载');
INSERT INTO `r_jobentry_type` VALUES (36, 'SqoopExport', 'Sqoop export');
INSERT INTO `r_jobentry_type` VALUES (37, 'SqoopImport', 'Sqoop import');
INSERT INTO `r_jobentry_type` VALUES (38, 'TALEND_JOB_EXEC', 'Talend 作业执行 (deprecated)');
INSERT INTO `r_jobentry_type` VALUES (39, 'XSD_VALIDATOR', 'XSD validator');
INSERT INTO `r_jobentry_type` VALUES (40, 'XSLT', 'XSL transformation');
INSERT INTO `r_jobentry_type` VALUES (41, 'ZIP_FILE', 'Zip 压缩文件');
INSERT INTO `r_jobentry_type` VALUES (42, 'ABORT', '中止作业');
INSERT INTO `r_jobentry_type` VALUES (43, 'MYSQL_BULK_FILE', '从 MySQL 批量导出到文件');
INSERT INTO `r_jobentry_type` VALUES (44, 'DELETE_RESULT_FILENAMES', '从结果文件中删除文件');
INSERT INTO `r_jobentry_type` VALUES (45, 'JOB', '作业');
INSERT INTO `r_jobentry_type` VALUES (46, 'WRITE_TO_FILE', '写入文件');
INSERT INTO `r_jobentry_type` VALUES (47, 'WRITE_TO_LOG', '写日志');
INSERT INTO `r_jobentry_type` VALUES (48, 'CREATE_FOLDER', '创建一个目录');
INSERT INTO `r_jobentry_type` VALUES (49, 'CREATE_FILE', '创建文件');
INSERT INTO `r_jobentry_type` VALUES (50, 'DELETE_FILE', '删除一个文件');
INSERT INTO `r_jobentry_type` VALUES (51, 'DELETE_FILES', '删除多个文件');
INSERT INTO `r_jobentry_type` VALUES (52, 'DELETE_FOLDERS', '删除目录');
INSERT INTO `r_jobentry_type` VALUES (53, 'SNMP_TRAP', '发送 SNMP 自陷');
INSERT INTO `r_jobentry_type` VALUES (54, 'SEND_NAGIOS_PASSIVE_CHECK', '发送Nagios 被动检查');
INSERT INTO `r_jobentry_type` VALUES (55, 'MAIL', '发送邮件');
INSERT INTO `r_jobentry_type` VALUES (56, 'COPY_MOVE_RESULT_FILENAMES', '复制/移动结果文件');
INSERT INTO `r_jobentry_type` VALUES (57, 'COPY_FILES', '复制文件');
INSERT INTO `r_jobentry_type` VALUES (58, 'EXPORT_REPOSITORY', '导出资源库到XML文件');
INSERT INTO `r_jobentry_type` VALUES (59, 'SUCCESS', '成功');
INSERT INTO `r_jobentry_type` VALUES (60, 'MSGBOX_INFO', '显示消息对话框');
INSERT INTO `r_jobentry_type` VALUES (61, 'WEBSERVICE_AVAILABLE', '检查web服务是否可用');
INSERT INTO `r_jobentry_type` VALUES (62, 'FILE_EXISTS', '检查一个文件是否存在');
INSERT INTO `r_jobentry_type` VALUES (63, 'COLUMNS_EXIST', '检查列是否存在');
INSERT INTO `r_jobentry_type` VALUES (64, 'FILES_EXIST', '检查多个文件是否存在');
INSERT INTO `r_jobentry_type` VALUES (65, 'CHECK_FILES_LOCKED', '检查文件是否被锁');
INSERT INTO `r_jobentry_type` VALUES (66, 'CONNECTED_TO_REPOSITORY', '检查是否连接到资源库');
INSERT INTO `r_jobentry_type` VALUES (67, 'FOLDER_IS_EMPTY', '检查目录是否为空');
INSERT INTO `r_jobentry_type` VALUES (68, 'TABLE_EXISTS', '检查表是否存在');
INSERT INTO `r_jobentry_type` VALUES (69, 'SIMPLE_EVAL', '检验字段的值');
INSERT INTO `r_jobentry_type` VALUES (70, 'FILE_COMPARE', '比较文件');
INSERT INTO `r_jobentry_type` VALUES (71, 'FOLDERS_COMPARE', '比较目录');
INSERT INTO `r_jobentry_type` VALUES (72, 'ADD_RESULT_FILENAMES', '添加文件到结果文件中');
INSERT INTO `r_jobentry_type` VALUES (73, 'TRUNCATE_TABLES', '清空表');
INSERT INTO `r_jobentry_type` VALUES (74, 'SPECIAL', '特殊作业项');
INSERT INTO `r_jobentry_type` VALUES (75, 'SYSLOG', '用 syslog 发送信息');
INSERT INTO `r_jobentry_type` VALUES (76, 'PGP_ENCRYPT_FILES', '用PGP加密文件');
INSERT INTO `r_jobentry_type` VALUES (77, 'PGP_DECRYPT_FILES', '用PGP解密文件');
INSERT INTO `r_jobentry_type` VALUES (78, 'PGP_VERIFY_FILES', '用PGP验证文件签名');
INSERT INTO `r_jobentry_type` VALUES (79, 'MOVE_FILES', '移动文件');
INSERT INTO `r_jobentry_type` VALUES (80, 'DELAY', '等待');
INSERT INTO `r_jobentry_type` VALUES (81, 'WAIT_FOR_SQL', '等待SQL');
INSERT INTO `r_jobentry_type` VALUES (82, 'WAIT_FOR_FILE', '等待文件');
INSERT INTO `r_jobentry_type` VALUES (83, 'UNZIP', '解压缩文件');
INSERT INTO `r_jobentry_type` VALUES (84, 'EVAL_FILES_METRICS', '计算文件大小或个数');
INSERT INTO `r_jobentry_type` VALUES (85, 'EVAL_TABLE_CONTENT', '计算表中的记录数');
INSERT INTO `r_jobentry_type` VALUES (86, 'SET_VARIABLES', '设置变量');
INSERT INTO `r_jobentry_type` VALUES (87, 'TRANS', '转换');
INSERT INTO `r_jobentry_type` VALUES (88, 'TELNET', '远程登录一台主机');
INSERT INTO `r_jobentry_type` VALUES (89, 'MAIL_VALIDATOR', '邮件验证');

-- ----------------------------
-- Table structure for r_log
-- ----------------------------
DROP TABLE IF EXISTS `r_log`;
CREATE TABLE `r_log`  (
  `ID_LOG` bigint(20) NOT NULL,
  `NAME` varchar(255) CHARACTER SET utf8mb4 COLLATE utf8mb4_bin NULL DEFAULT NULL,
  `ID_LOGLEVEL` int(11) NULL DEFAULT NULL,
  `LOGTYPE` varchar(255) CHARACTER SET utf8mb4 COLLATE utf8mb4_bin NULL DEFAULT NULL,
  `FILENAME` varchar(255) CHARACTER SET utf8mb4 COLLATE utf8mb4_bin NULL DEFAULT NULL,
  `FILEEXTENTION` varchar(255) CHARACTER SET utf8mb4 COLLATE utf8mb4_bin NULL DEFAULT NULL,
  `ADD_DATE` tinyint(1) NULL DEFAULT NULL,
  `ADD_TIME` tinyint(1) NULL DEFAULT NULL,
  `ID_DATABASE_LOG` int(11) NULL DEFAULT NULL,
  `TABLE_NAME_LOG` varchar(255) CHARACTER SET utf8mb4 COLLATE utf8mb4_bin NULL DEFAULT NULL,
  PRIMARY KEY (`ID_LOG`) USING BTREE
) ENGINE = InnoDB CHARACTER SET = utf8mb4 COLLATE = utf8mb4_bin ROW_FORMAT = DYNAMIC;

-- ----------------------------
-- Records of r_log
-- ----------------------------

-- ----------------------------
-- Table structure for r_loglevel
-- ----------------------------
DROP TABLE IF EXISTS `r_loglevel`;
CREATE TABLE `r_loglevel`  (
  `ID_LOGLEVEL` bigint(20) NOT NULL,
  `CODE` varchar(255) CHARACTER SET utf8mb4 COLLATE utf8mb4_bin NULL DEFAULT NULL,
  `DESCRIPTION` varchar(255) CHARACTER SET utf8mb4 COLLATE utf8mb4_bin NULL DEFAULT NULL,
  PRIMARY KEY (`ID_LOGLEVEL`) USING BTREE
) ENGINE = InnoDB CHARACTER SET = utf8mb4 COLLATE = utf8mb4_bin ROW_FORMAT = DYNAMIC;

-- ----------------------------
-- Records of r_loglevel
-- ----------------------------
INSERT INTO `r_loglevel` VALUES (1, 'Error', '错误日志');
INSERT INTO `r_loglevel` VALUES (2, 'Minimal', '最小日志');
INSERT INTO `r_loglevel` VALUES (3, 'Basic', '基本日志');
INSERT INTO `r_loglevel` VALUES (4, 'Detailed', '详细日志');
INSERT INTO `r_loglevel` VALUES (5, 'Debug', '调试');
INSERT INTO `r_loglevel` VALUES (6, 'Rowlevel', '行级日志(非常详细)');

-- ----------------------------
-- Table structure for r_namespace
-- ----------------------------
DROP TABLE IF EXISTS `r_namespace`;
CREATE TABLE `r_namespace`  (
  `ID_NAMESPACE` bigint(20) NOT NULL,
  `NAME` text CHARACTER SET utf8mb4 COLLATE utf8mb4_bin NULL,
  PRIMARY KEY (`ID_NAMESPACE`) USING BTREE
) ENGINE = InnoDB CHARACTER SET = utf8mb4 COLLATE = utf8mb4_bin ROW_FORMAT = DYNAMIC;

-- ----------------------------
-- Records of r_namespace
-- ----------------------------

-- ----------------------------
-- Table structure for r_note
-- ----------------------------
DROP TABLE IF EXISTS `r_note`;
CREATE TABLE `r_note`  (
  `ID_NOTE` bigint(20) NOT NULL,
  `VALUE_STR` mediumtext CHARACTER SET utf8mb4 COLLATE utf8mb4_bin NULL,
  `GUI_LOCATION_X` int(11) NULL DEFAULT NULL,
  `GUI_LOCATION_Y` int(11) NULL DEFAULT NULL,
  `GUI_LOCATION_WIDTH` int(11) NULL DEFAULT NULL,
  `GUI_LOCATION_HEIGHT` int(11) NULL DEFAULT NULL,
  `FONT_NAME` mediumtext CHARACTER SET utf8mb4 COLLATE utf8mb4_bin NULL,
  `FONT_SIZE` int(11) NULL DEFAULT NULL,
  `FONT_BOLD` tinyint(1) NULL DEFAULT NULL,
  `FONT_ITALIC` tinyint(1) NULL DEFAULT NULL,
  `FONT_COLOR_RED` int(11) NULL DEFAULT NULL,
  `FONT_COLOR_GREEN` int(11) NULL DEFAULT NULL,
  `FONT_COLOR_BLUE` int(11) NULL DEFAULT NULL,
  `FONT_BACK_GROUND_COLOR_RED` int(11) NULL DEFAULT NULL,
  `FONT_BACK_GROUND_COLOR_GREEN` int(11) NULL DEFAULT NULL,
  `FONT_BACK_GROUND_COLOR_BLUE` int(11) NULL DEFAULT NULL,
  `FONT_BORDER_COLOR_RED` int(11) NULL DEFAULT NULL,
  `FONT_BORDER_COLOR_GREEN` int(11) NULL DEFAULT NULL,
  `FONT_BORDER_COLOR_BLUE` int(11) NULL DEFAULT NULL,
  `DRAW_SHADOW` tinyint(1) NULL DEFAULT NULL,
  PRIMARY KEY (`ID_NOTE`) USING BTREE
) ENGINE = InnoDB CHARACTER SET = utf8mb4 COLLATE = utf8mb4_bin ROW_FORMAT = DYNAMIC;

-- ----------------------------
-- Records of r_note
-- ----------------------------

-- ----------------------------
-- Table structure for r_partition
-- ----------------------------
DROP TABLE IF EXISTS `r_partition`;
CREATE TABLE `r_partition`  (
  `ID_PARTITION` bigint(20) NOT NULL,
  `ID_PARTITION_SCHEMA` int(11) NULL DEFAULT NULL,
  `PARTITION_ID` varchar(255) CHARACTER SET utf8mb4 COLLATE utf8mb4_bin NULL DEFAULT NULL,
  PRIMARY KEY (`ID_PARTITION`) USING BTREE
) ENGINE = InnoDB CHARACTER SET = utf8mb4 COLLATE = utf8mb4_bin ROW_FORMAT = DYNAMIC;

-- ----------------------------
-- Records of r_partition
-- ----------------------------

-- ----------------------------
-- Table structure for r_partition_schema
-- ----------------------------
DROP TABLE IF EXISTS `r_partition_schema`;
CREATE TABLE `r_partition_schema`  (
  `ID_PARTITION_SCHEMA` bigint(20) NOT NULL,
  `NAME` varchar(255) CHARACTER SET utf8mb4 COLLATE utf8mb4_bin NULL DEFAULT NULL,
  `DYNAMIC_DEFINITION` tinyint(1) NULL DEFAULT NULL,
  `PARTITIONS_PER_SLAVE` varchar(255) CHARACTER SET utf8mb4 COLLATE utf8mb4_bin NULL DEFAULT NULL,
  PRIMARY KEY (`ID_PARTITION_SCHEMA`) USING BTREE
) ENGINE = InnoDB CHARACTER SET = utf8mb4 COLLATE = utf8mb4_bin ROW_FORMAT = DYNAMIC;

-- ----------------------------
-- Records of r_partition_schema
-- ----------------------------

-- ----------------------------
-- Table structure for r_repository_log
-- ----------------------------
DROP TABLE IF EXISTS `r_repository_log`;
CREATE TABLE `r_repository_log`  (
  `ID_REPOSITORY_LOG` bigint(20) NOT NULL,
  `REP_VERSION` varchar(255) CHARACTER SET utf8mb4 COLLATE utf8mb4_bin NULL DEFAULT NULL,
  `LOG_DATE` datetime(0) NULL DEFAULT NULL,
  `LOG_USER` varchar(255) CHARACTER SET utf8mb4 COLLATE utf8mb4_bin NULL DEFAULT NULL,
  `OPERATION_DESC` mediumtext CHARACTER SET utf8mb4 COLLATE utf8mb4_bin NULL,
  PRIMARY KEY (`ID_REPOSITORY_LOG`) USING BTREE
) ENGINE = InnoDB CHARACTER SET = utf8mb4 COLLATE = utf8mb4_bin ROW_FORMAT = DYNAMIC;

-- ----------------------------
-- Records of r_repository_log
-- ----------------------------
INSERT INTO `r_repository_log` VALUES (2, '5.0', '2022-01-27 15:44:17', 'admin', 'Creation of the Kettle repository');
INSERT INTO `r_repository_log` VALUES (3, '5.0', '2022-01-27 16:05:24', 'admin', 'save transformation \'测试trans\'');
INSERT INTO `r_repository_log` VALUES (4, '5.0', '2022-01-27 16:05:32', 'admin', 'save transformation \'测试trans\'');
INSERT INTO `r_repository_log` VALUES (5, '5.0', '2022-01-27 16:41:56', 'admin', 'save job \'测试JOB_ERROR\'');
INSERT INTO `r_repository_log` VALUES (6, '5.0', '2022-01-27 16:42:00', 'admin', 'save job \'测试JOB_ERROR\'');
INSERT INTO `r_repository_log` VALUES (7, '5.0', '2022-01-27 16:43:44', 'admin', 'save transformation \'测试trans\'');
INSERT INTO `r_repository_log` VALUES (8, '5.0', '2022-01-27 16:43:54', 'admin', 'save transformation \'测试trans\'');
INSERT INTO `r_repository_log` VALUES (9, '5.0', '2022-01-29 10:23:03', 'admin', 'save job \'测试JOB_ERROR\'');
INSERT INTO `r_repository_log` VALUES (10, '5.0', '2022-01-29 10:23:34', 'admin', 'save transformation \'测试trans\'');
INSERT INTO `r_repository_log` VALUES (11, '5.0', '2022-01-29 10:24:39', 'admin', 'save job \'test_job\'');
INSERT INTO `r_repository_log` VALUES (12, '5.0', '2022-02-06 19:11:18', 'admin', 'Upgrade of the Kettle repository');
INSERT INTO `r_repository_log` VALUES (13, '5.0', '2022-02-06 19:13:50', 'admin', 'save job \'测试JOB\'');
INSERT INTO `r_repository_log` VALUES (14, '5.0', '2022-02-06 19:13:56', 'admin', 'save job \'测试JOB\'');
INSERT INTO `r_repository_log` VALUES (15, '5.0', '2022-02-06 19:15:03', 'admin', 'save transformation \'测试trans\'');
INSERT INTO `r_repository_log` VALUES (16, '5.0', '2022-02-06 21:11:53', 'admin', 'save job \'测试JOB\'');
INSERT INTO `r_repository_log` VALUES (17, '5.0', '2022-02-06 21:13:44', 'admin', 'save job \'测试JOB\'');
INSERT INTO `r_repository_log` VALUES (18, '5.0', '2022-02-07 10:08:45', 'admin', 'save job \'测试JOB\'');

-- ----------------------------
-- Table structure for r_slave
-- ----------------------------
DROP TABLE IF EXISTS `r_slave`;
CREATE TABLE `r_slave`  (
  `ID_SLAVE` bigint(20) NOT NULL,
  `NAME` varchar(255) CHARACTER SET utf8mb4 COLLATE utf8mb4_bin NULL DEFAULT NULL,
  `HOST_NAME` varchar(255) CHARACTER SET utf8mb4 COLLATE utf8mb4_bin NULL DEFAULT NULL,
  `PORT` varchar(255) CHARACTER SET utf8mb4 COLLATE utf8mb4_bin NULL DEFAULT NULL,
  `WEB_APP_NAME` varchar(255) CHARACTER SET utf8mb4 COLLATE utf8mb4_bin NULL DEFAULT NULL,
  `USERNAME` varchar(255) CHARACTER SET utf8mb4 COLLATE utf8mb4_bin NULL DEFAULT NULL,
  `PASSWORD` varchar(255) CHARACTER SET utf8mb4 COLLATE utf8mb4_bin NULL DEFAULT NULL,
  `PROXY_HOST_NAME` varchar(255) CHARACTER SET utf8mb4 COLLATE utf8mb4_bin NULL DEFAULT NULL,
  `PROXY_PORT` varchar(255) CHARACTER SET utf8mb4 COLLATE utf8mb4_bin NULL DEFAULT NULL,
  `NON_PROXY_HOSTS` varchar(255) CHARACTER SET utf8mb4 COLLATE utf8mb4_bin NULL DEFAULT NULL,
  `MASTER` tinyint(1) NULL DEFAULT NULL,
  PRIMARY KEY (`ID_SLAVE`) USING BTREE
) ENGINE = InnoDB CHARACTER SET = utf8mb4 COLLATE = utf8mb4_bin ROW_FORMAT = DYNAMIC;

-- ----------------------------
-- Records of r_slave
-- ----------------------------

-- ----------------------------
-- Table structure for r_step
-- ----------------------------
DROP TABLE IF EXISTS `r_step`;
CREATE TABLE `r_step`  (
  `ID_STEP` bigint(20) NOT NULL,
  `ID_TRANSFORMATION` int(11) NULL DEFAULT NULL,
  `NAME` varchar(255) CHARACTER SET utf8mb4 COLLATE utf8mb4_bin NULL DEFAULT NULL,
  `DESCRIPTION` mediumtext CHARACTER SET utf8mb4 COLLATE utf8mb4_bin NULL,
  `ID_STEP_TYPE` int(11) NULL DEFAULT NULL,
  `DISTRIBUTE` tinyint(1) NULL DEFAULT NULL,
  `COPIES` int(11) NULL DEFAULT NULL,
  `GUI_LOCATION_X` int(11) NULL DEFAULT NULL,
  `GUI_LOCATION_Y` int(11) NULL DEFAULT NULL,
  `GUI_DRAW` tinyint(1) NULL DEFAULT NULL,
  `COPIES_STRING` varchar(255) CHARACTER SET utf8mb4 COLLATE utf8mb4_bin NULL DEFAULT NULL,
  PRIMARY KEY (`ID_STEP`) USING BTREE
) ENGINE = InnoDB CHARACTER SET = utf8mb4 COLLATE = utf8mb4_bin ROW_FORMAT = DYNAMIC;

-- ----------------------------
-- Records of r_step
-- ----------------------------
INSERT INTO `r_step` VALUES (3, 2, '插入 / 更新', NULL, 166, 1, 1, 352, 112, 1, '1');
INSERT INTO `r_step` VALUES (4, 2, '表输入', NULL, 215, 1, 1, 80, 112, 1, '1');
INSERT INTO `r_step` VALUES (5, 3, '插入 / 更新', NULL, 166, 1, 1, 352, 112, 1, '1');
INSERT INTO `r_step` VALUES (6, 3, '表输入', NULL, 215, 1, 1, 80, 112, 1, '1');

-- ----------------------------
-- Table structure for r_step_attribute
-- ----------------------------
DROP TABLE IF EXISTS `r_step_attribute`;
CREATE TABLE `r_step_attribute`  (
  `ID_STEP_ATTRIBUTE` bigint(20) NOT NULL,
  `ID_TRANSFORMATION` int(11) NULL DEFAULT NULL,
  `ID_STEP` int(11) NULL DEFAULT NULL,
  `NR` int(11) NULL DEFAULT NULL,
  `CODE` varchar(255) CHARACTER SET utf8mb4 COLLATE utf8mb4_bin NULL DEFAULT NULL,
  `VALUE_NUM` bigint(20) NULL DEFAULT NULL,
  `VALUE_STR` mediumtext CHARACTER SET utf8mb4 COLLATE utf8mb4_bin NULL,
  PRIMARY KEY (`ID_STEP_ATTRIBUTE`) USING BTREE,
  UNIQUE INDEX `IDX_RSAT`(`ID_STEP`, `CODE`, `NR`) USING BTREE
) ENGINE = InnoDB CHARACTER SET = utf8mb4 COLLATE = utf8mb4_bin ROW_FORMAT = DYNAMIC;

-- ----------------------------
-- Records of r_step_attribute
-- ----------------------------
INSERT INTO `r_step_attribute` VALUES (36, 2, 3, 0, 'PARTITIONING_SCHEMA', 0, NULL);
INSERT INTO `r_step_attribute` VALUES (37, 2, 3, 0, 'PARTITIONING_METHOD', 0, 'none');
INSERT INTO `r_step_attribute` VALUES (38, 2, 3, 0, 'id_connection', 1, NULL);
INSERT INTO `r_step_attribute` VALUES (39, 2, 3, 0, 'commit', 0, '100');
INSERT INTO `r_step_attribute` VALUES (40, 2, 3, 0, 'schema', 0, NULL);
INSERT INTO `r_step_attribute` VALUES (41, 2, 3, 0, 'table', 0, 'copy_user');
INSERT INTO `r_step_attribute` VALUES (42, 2, 3, 0, 'update_bypassed', 0, 'N');
INSERT INTO `r_step_attribute` VALUES (43, 2, 3, 0, 'key_name', 0, 'id');
INSERT INTO `r_step_attribute` VALUES (44, 2, 3, 0, 'key_field', 0, 'id');
INSERT INTO `r_step_attribute` VALUES (45, 2, 3, 0, 'key_condition', 0, '=');
INSERT INTO `r_step_attribute` VALUES (46, 2, 3, 0, 'key_name2', 0, NULL);
INSERT INTO `r_step_attribute` VALUES (47, 2, 3, 0, 'value_name', 0, 'id');
INSERT INTO `r_step_attribute` VALUES (48, 2, 3, 0, 'value_rename', 0, 'id');
INSERT INTO `r_step_attribute` VALUES (49, 2, 3, 0, 'value_update', 0, 'N');
INSERT INTO `r_step_attribute` VALUES (50, 2, 3, 1, 'value_name', 0, 'user_name');
INSERT INTO `r_step_attribute` VALUES (51, 2, 3, 1, 'value_rename', 0, 'user_name');
INSERT INTO `r_step_attribute` VALUES (52, 2, 3, 1, 'value_update', 0, 'Y');
INSERT INTO `r_step_attribute` VALUES (53, 2, 3, 2, 'value_name', 0, 'user_pass');
INSERT INTO `r_step_attribute` VALUES (54, 2, 3, 2, 'value_rename', 0, 'user_pass');
INSERT INTO `r_step_attribute` VALUES (55, 2, 3, 2, 'value_update', 0, 'Y');
INSERT INTO `r_step_attribute` VALUES (56, 2, 3, 0, 'cluster_schema', 0, NULL);
INSERT INTO `r_step_attribute` VALUES (57, 2, 3, 0, 'row_distribution_code', 0, NULL);
INSERT INTO `r_step_attribute` VALUES (58, 2, 4, 0, 'PARTITIONING_SCHEMA', 0, NULL);
INSERT INTO `r_step_attribute` VALUES (59, 2, 4, 0, 'PARTITIONING_METHOD', 0, 'none');
INSERT INTO `r_step_attribute` VALUES (60, 2, 4, 0, 'id_connection', 1, NULL);
INSERT INTO `r_step_attribute` VALUES (61, 2, 4, 0, 'sql', 0, 'select * from org_user1;');
INSERT INTO `r_step_attribute` VALUES (62, 2, 4, 0, 'limit', 0, '0');
INSERT INTO `r_step_attribute` VALUES (63, 2, 4, 0, 'lookup', 0, NULL);
INSERT INTO `r_step_attribute` VALUES (64, 2, 4, 0, 'execute_each_row', 0, 'N');
INSERT INTO `r_step_attribute` VALUES (65, 2, 4, 0, 'variables_active', 0, 'Y');
INSERT INTO `r_step_attribute` VALUES (66, 2, 4, 0, 'lazy_conversion_active', 0, 'N');
INSERT INTO `r_step_attribute` VALUES (67, 2, 4, 0, 'cached_row_meta_active', 0, 'N');
INSERT INTO `r_step_attribute` VALUES (68, 2, 4, 0, 'row-meta', 0, '<row-meta><value-meta><type>Integer</type>\r\n<storagetype>normal</storagetype>\r\n<name>id</name>\r\n<length>9</length>\r\n<precision>0</precision>\r\n<origin>表输入</origin>\r\n<comments>id</comments>\r\n<conversion_Mask>####0;-####0</conversion_Mask>\r\n<decimal_symbol>.</decimal_symbol>\r\n<grouping_symbol>,</grouping_symbol>\r\n<currency_symbol/>\r\n<trim_type>none</trim_type>\r\n<case_insensitive>N</case_insensitive>\r\n<collator_disabled>Y</collator_disabled>\r\n<collator_strength>0</collator_strength>\r\n<sort_descending>N</sort_descending>\r\n<output_padding>N</output_padding>\r\n<date_format_lenient>N</date_format_lenient>\r\n<date_format_locale>zh_CN</date_format_locale>\r\n<date_format_timezone>Asia/Shanghai</date_format_timezone>\r\n<lenient_string_to_number>N</lenient_string_to_number>\r\n</value-meta><value-meta><type>String</type>\r\n<storagetype>normal</storagetype>\r\n<name>user_name</name>\r\n<length>255</length>\r\n<precision>-1</precision>\r\n<origin>表输入</origin>\r\n<comments>user_name</comments>\r\n<conversion_Mask/>\r\n<decimal_symbol>.</decimal_symbol>\r\n<grouping_symbol>,</grouping_symbol>\r\n<currency_symbol/>\r\n<trim_type>none</trim_type>\r\n<case_insensitive>N</case_insensitive>\r\n<collator_disabled>Y</collator_disabled>\r\n<collator_strength>0</collator_strength>\r\n<sort_descending>N</sort_descending>\r\n<output_padding>N</output_padding>\r\n<date_format_lenient>N</date_format_lenient>\r\n<date_format_locale>zh_CN</date_format_locale>\r\n<date_format_timezone>Asia/Shanghai</date_format_timezone>\r\n<lenient_string_to_number>N</lenient_string_to_number>\r\n</value-meta><value-meta><type>String</type>\r\n<storagetype>normal</storagetype>\r\n<name>user_pass</name>\r\n<length>255</length>\r\n<precision>-1</precision>\r\n<origin>表输入</origin>\r\n<comments>user_pass</comments>\r\n<conversion_Mask/>\r\n<decimal_symbol>.</decimal_symbol>\r\n<grouping_symbol>,</grouping_symbol>\r\n<currency_symbol/>\r\n<trim_type>none</trim_type>\r\n<case_insensitive>N</case_insensitive>\r\n<collator_disabled>Y</collator_disabled>\r\n<collator_strength>0</collator_strength>\r\n<sort_descending>N</sort_descending>\r\n<output_padding>N</output_padding>\r\n<date_format_lenient>N</date_format_lenient>\r\n<date_format_locale>zh_CN</date_format_locale>\r\n<date_format_timezone>Asia/Shanghai</date_format_timezone>\r\n<lenient_string_to_number>N</lenient_string_to_number>\r\n</value-meta></row-meta>');
INSERT INTO `r_step_attribute` VALUES (69, 2, 4, 0, 'cluster_schema', 0, NULL);
INSERT INTO `r_step_attribute` VALUES (70, 2, 4, 0, 'row_distribution_code', 0, NULL);
INSERT INTO `r_step_attribute` VALUES (71, 3, 5, 0, 'PARTITIONING_SCHEMA', 0, NULL);
INSERT INTO `r_step_attribute` VALUES (72, 3, 5, 0, 'PARTITIONING_METHOD', 0, 'none');
INSERT INTO `r_step_attribute` VALUES (73, 3, 5, 0, 'id_connection', 1, NULL);
INSERT INTO `r_step_attribute` VALUES (74, 3, 5, 0, 'commit', 0, '100');
INSERT INTO `r_step_attribute` VALUES (75, 3, 5, 0, 'schema', 0, NULL);
INSERT INTO `r_step_attribute` VALUES (76, 3, 5, 0, 'table', 0, 'copy_user');
INSERT INTO `r_step_attribute` VALUES (77, 3, 5, 0, 'update_bypassed', 0, 'N');
INSERT INTO `r_step_attribute` VALUES (78, 3, 5, 0, 'key_name', 0, 'id');
INSERT INTO `r_step_attribute` VALUES (79, 3, 5, 0, 'key_field', 0, 'id');
INSERT INTO `r_step_attribute` VALUES (80, 3, 5, 0, 'key_condition', 0, '=');
INSERT INTO `r_step_attribute` VALUES (81, 3, 5, 0, 'key_name2', 0, NULL);
INSERT INTO `r_step_attribute` VALUES (82, 3, 5, 0, 'value_name', 0, 'id');
INSERT INTO `r_step_attribute` VALUES (83, 3, 5, 0, 'value_rename', 0, 'id');
INSERT INTO `r_step_attribute` VALUES (84, 3, 5, 0, 'value_update', 0, 'N');
INSERT INTO `r_step_attribute` VALUES (85, 3, 5, 1, 'value_name', 0, 'user_name');
INSERT INTO `r_step_attribute` VALUES (86, 3, 5, 1, 'value_rename', 0, 'user_name');
INSERT INTO `r_step_attribute` VALUES (87, 3, 5, 1, 'value_update', 0, 'Y');
INSERT INTO `r_step_attribute` VALUES (88, 3, 5, 2, 'value_name', 0, 'user_pass');
INSERT INTO `r_step_attribute` VALUES (89, 3, 5, 2, 'value_rename', 0, 'user_pass');
INSERT INTO `r_step_attribute` VALUES (90, 3, 5, 2, 'value_update', 0, 'Y');
INSERT INTO `r_step_attribute` VALUES (91, 3, 5, 0, 'cluster_schema', 0, NULL);
INSERT INTO `r_step_attribute` VALUES (92, 3, 5, 0, 'row_distribution_code', 0, NULL);
INSERT INTO `r_step_attribute` VALUES (93, 3, 6, 0, 'PARTITIONING_SCHEMA', 0, NULL);
INSERT INTO `r_step_attribute` VALUES (94, 3, 6, 0, 'PARTITIONING_METHOD', 0, 'none');
INSERT INTO `r_step_attribute` VALUES (95, 3, 6, 0, 'id_connection', 1, NULL);
INSERT INTO `r_step_attribute` VALUES (96, 3, 6, 0, 'sql', 0, 'select * from org_user;');
INSERT INTO `r_step_attribute` VALUES (97, 3, 6, 0, 'limit', 0, '0');
INSERT INTO `r_step_attribute` VALUES (98, 3, 6, 0, 'lookup', 0, NULL);
INSERT INTO `r_step_attribute` VALUES (99, 3, 6, 0, 'execute_each_row', 0, 'N');
INSERT INTO `r_step_attribute` VALUES (100, 3, 6, 0, 'variables_active', 0, 'Y');
INSERT INTO `r_step_attribute` VALUES (101, 3, 6, 0, 'lazy_conversion_active', 0, 'N');
INSERT INTO `r_step_attribute` VALUES (102, 3, 6, 0, 'cached_row_meta_active', 0, 'N');
INSERT INTO `r_step_attribute` VALUES (103, 3, 6, 0, 'row-meta', 0, '<row-meta><value-meta><type>Integer</type>\r\n<storagetype>normal</storagetype>\r\n<name>id</name>\r\n<length>9</length>\r\n<precision>0</precision>\r\n<origin>表输入</origin>\r\n<comments>id</comments>\r\n<conversion_Mask>####0;-####0</conversion_Mask>\r\n<decimal_symbol>.</decimal_symbol>\r\n<grouping_symbol>,</grouping_symbol>\r\n<currency_symbol/>\r\n<trim_type>none</trim_type>\r\n<case_insensitive>N</case_insensitive>\r\n<collator_disabled>Y</collator_disabled>\r\n<collator_strength>0</collator_strength>\r\n<sort_descending>N</sort_descending>\r\n<output_padding>N</output_padding>\r\n<date_format_lenient>N</date_format_lenient>\r\n<date_format_locale>zh_CN</date_format_locale>\r\n<date_format_timezone>Asia/Shanghai</date_format_timezone>\r\n<lenient_string_to_number>N</lenient_string_to_number>\r\n</value-meta><value-meta><type>String</type>\r\n<storagetype>normal</storagetype>\r\n<name>user_name</name>\r\n<length>255</length>\r\n<precision>-1</precision>\r\n<origin>表输入</origin>\r\n<comments>user_name</comments>\r\n<conversion_Mask/>\r\n<decimal_symbol>.</decimal_symbol>\r\n<grouping_symbol>,</grouping_symbol>\r\n<currency_symbol/>\r\n<trim_type>none</trim_type>\r\n<case_insensitive>N</case_insensitive>\r\n<collator_disabled>Y</collator_disabled>\r\n<collator_strength>0</collator_strength>\r\n<sort_descending>N</sort_descending>\r\n<output_padding>N</output_padding>\r\n<date_format_lenient>N</date_format_lenient>\r\n<date_format_locale>zh_CN</date_format_locale>\r\n<date_format_timezone>Asia/Shanghai</date_format_timezone>\r\n<lenient_string_to_number>N</lenient_string_to_number>\r\n</value-meta><value-meta><type>String</type>\r\n<storagetype>normal</storagetype>\r\n<name>user_pass</name>\r\n<length>255</length>\r\n<precision>-1</precision>\r\n<origin>表输入</origin>\r\n<comments>user_pass</comments>\r\n<conversion_Mask/>\r\n<decimal_symbol>.</decimal_symbol>\r\n<grouping_symbol>,</grouping_symbol>\r\n<currency_symbol/>\r\n<trim_type>none</trim_type>\r\n<case_insensitive>N</case_insensitive>\r\n<collator_disabled>Y</collator_disabled>\r\n<collator_strength>0</collator_strength>\r\n<sort_descending>N</sort_descending>\r\n<output_padding>N</output_padding>\r\n<date_format_lenient>N</date_format_lenient>\r\n<date_format_locale>zh_CN</date_format_locale>\r\n<date_format_timezone>Asia/Shanghai</date_format_timezone>\r\n<lenient_string_to_number>N</lenient_string_to_number>\r\n</value-meta></row-meta>');
INSERT INTO `r_step_attribute` VALUES (104, 3, 6, 0, 'cluster_schema', 0, NULL);
INSERT INTO `r_step_attribute` VALUES (105, 3, 6, 0, 'row_distribution_code', 0, NULL);

-- ----------------------------
-- Table structure for r_step_database
-- ----------------------------
DROP TABLE IF EXISTS `r_step_database`;
CREATE TABLE `r_step_database`  (
  `ID_TRANSFORMATION` int(11) NULL DEFAULT NULL,
  `ID_STEP` int(11) NULL DEFAULT NULL,
  `ID_DATABASE` int(11) NULL DEFAULT NULL,
  INDEX `IDX_RSD1`(`ID_TRANSFORMATION`) USING BTREE,
  INDEX `IDX_RSD2`(`ID_DATABASE`) USING BTREE
) ENGINE = InnoDB CHARACTER SET = utf8mb4 COLLATE = utf8mb4_bin ROW_FORMAT = DYNAMIC;

-- ----------------------------
-- Records of r_step_database
-- ----------------------------
INSERT INTO `r_step_database` VALUES (2, 3, 1);
INSERT INTO `r_step_database` VALUES (2, 4, 1);
INSERT INTO `r_step_database` VALUES (3, 5, 1);
INSERT INTO `r_step_database` VALUES (3, 6, 1);

-- ----------------------------
-- Table structure for r_step_type
-- ----------------------------
DROP TABLE IF EXISTS `r_step_type`;
CREATE TABLE `r_step_type`  (
  `ID_STEP_TYPE` bigint(20) NOT NULL,
  `CODE` varchar(255) CHARACTER SET utf8mb4 COLLATE utf8mb4_bin NULL DEFAULT NULL,
  `DESCRIPTION` varchar(255) CHARACTER SET utf8mb4 COLLATE utf8mb4_bin NULL DEFAULT NULL,
  `HELPTEXT` varchar(255) CHARACTER SET utf8mb4 COLLATE utf8mb4_bin NULL DEFAULT NULL,
  PRIMARY KEY (`ID_STEP_TYPE`) USING BTREE
) ENGINE = InnoDB CHARACTER SET = utf8mb4 COLLATE = utf8mb4_bin ROW_FORMAT = DYNAMIC;

-- ----------------------------
-- Records of r_step_type
-- ----------------------------
INSERT INTO `r_step_type` VALUES (1, 'AccessInput', 'Access 输入', 'Read data from a Microsoft Access file');
INSERT INTO `r_step_type` VALUES (2, 'AccessOutput', 'Access 输出', 'Stores records into an MS-Access database table.');
INSERT INTO `r_step_type` VALUES (3, 'CheckSum', 'Add a checksum', 'Add a checksum column for each input row');
INSERT INTO `r_step_type` VALUES (4, 'AddXML', 'Add XML', 'Encode several fields into an XML fragment');
INSERT INTO `r_step_type` VALUES (5, 'FieldMetadataAnnotation', 'Annotate stream', 'Add more details to describe data for published models used by the Streamlined Data Refinery.');
INSERT INTO `r_step_type` VALUES (6, 'AvroInput', 'Avro input', 'Reads data from an Avro file');
INSERT INTO `r_step_type` VALUES (7, 'AvroInputNew', 'Avro input', 'Reads data from Avro file');
INSERT INTO `r_step_type` VALUES (8, 'AvroOutput', 'Avro output', 'Writes data to an Avro file according to a mapping');
INSERT INTO `r_step_type` VALUES (9, 'BlockingStep', 'Blocking step', 'The Blocking step blocks all output until the very last row is received from the previous step.');
INSERT INTO `r_step_type` VALUES (10, 'CallEndpointStep', 'Call endpoint', 'Call an endpoint of the Pentaho Server.');
INSERT INTO `r_step_type` VALUES (11, 'CassandraInput', 'Cassandra input', 'Reads data from a Cassandra table');
INSERT INTO `r_step_type` VALUES (12, 'CassandraOutput', 'Cassandra output', 'Writes to a Cassandra table');
INSERT INTO `r_step_type` VALUES (13, 'ChangeFileEncoding', 'Change file encoding', 'Change file encoding and create a new file');
INSERT INTO `r_step_type` VALUES (14, 'CloneRow', 'Clone row', 'Clone a row as many times as needed');
INSERT INTO `r_step_type` VALUES (15, 'ClosureGenerator', 'Closure generator', 'This step allows you to generates a closure table using parent-child relationships.');
INSERT INTO `r_step_type` VALUES (16, 'ColumnExists', 'Column exists', 'Check if a column exists');
INSERT INTO `r_step_type` VALUES (17, 'ConcatFields', 'Concat fields', 'Concat fields together into a new field (similar to the Text File Output step)');
INSERT INTO `r_step_type` VALUES (18, 'CouchDbInput', 'CouchDB input', 'Reads from a Couch DB view');
INSERT INTO `r_step_type` VALUES (19, 'CsvInput', 'CSV文件输入', 'Simple CSV file input');
INSERT INTO `r_step_type` VALUES (20, 'CubeInput', 'Cube 文件输入', '从一个cube读取记录.');
INSERT INTO `r_step_type` VALUES (21, 'CubeOutput', 'Cube输出', '把数据写入一个cube');
INSERT INTO `r_step_type` VALUES (22, 'TypeExitEdi2XmlStep', 'EDI to XML', 'Converts Edi text to generic XML');
INSERT INTO `r_step_type` VALUES (23, 'ElasticSearchBulk', 'Elasticsearch bulk insert', 'Performs bulk inserts into ElasticSearch');
INSERT INTO `r_step_type` VALUES (24, 'ShapeFileReader', 'ESRI shapefile reader', 'Reads shape file data from an ESRI shape file and linked DBF file');
INSERT INTO `r_step_type` VALUES (25, 'MetaInject', 'ETL metadata injection', 'ETL元数据注入');
INSERT INTO `r_step_type` VALUES (26, 'DummyStep', 'Example step', 'This is a plugin example step');
INSERT INTO `r_step_type` VALUES (27, 'ExcelInput', 'Excel输入', '从一个微软的Excel文件里读取数据. 兼容Excel 95, 97 and 2000.');
INSERT INTO `r_step_type` VALUES (28, 'ExcelOutput', 'Excel输出', 'Stores records into an Excel (XLS) document with formatting information.');
INSERT INTO `r_step_type` VALUES (29, 'getXMLData', 'Get data from XML', 'Get data from XML file by using XPath.\n This step also allows you to parse XML defined in a previous field.');
INSERT INTO `r_step_type` VALUES (30, 'GetSlaveSequence', 'Get ID from slave server', 'Retrieves unique IDs in blocks from a slave server.  The referenced sequence needs to be configured on the slave server in the XML configuration file.');
INSERT INTO `r_step_type` VALUES (31, 'RecordsFromStream', 'Get records from stream', 'This step allows you to read records from a streaming step.');
INSERT INTO `r_step_type` VALUES (32, 'GetSessionVariableStep', 'Get session variables', 'Get session variables from the current user session.');
INSERT INTO `r_step_type` VALUES (33, 'TypeExitGoogleAnalyticsInputStep', 'Google Analytics', 'Fetches data from google analytics account');
INSERT INTO `r_step_type` VALUES (34, 'GPBulkLoader', 'Greenplum bulk loader', 'Greenplum bulk loader');
INSERT INTO `r_step_type` VALUES (35, 'GPLoad', 'Greenplum load', 'Greenplum load');
INSERT INTO `r_step_type` VALUES (36, 'ParallelGzipCsvInput', 'GZIP CSV input', 'Parallel GZIP CSV file input reader');
INSERT INTO `r_step_type` VALUES (37, 'HadoopFileInputPlugin', 'Hadoop file input', 'Process files from an HDFS location');
INSERT INTO `r_step_type` VALUES (38, 'HadoopFileOutputPlugin', 'Hadoop file output', 'Create files in an HDFS location ');
INSERT INTO `r_step_type` VALUES (39, 'HBaseInput', 'HBase input', 'Reads data from a HBase table according to a mapping ');
INSERT INTO `r_step_type` VALUES (40, 'HBaseOutput', 'HBase output', 'Writes data to an HBase table according to a mapping');
INSERT INTO `r_step_type` VALUES (41, 'HBaseRowDecoder', 'HBase row decoder', 'Decodes an incoming key and HBase result object according to a mapping ');
INSERT INTO `r_step_type` VALUES (42, 'HL7Input', 'HL7 input', 'Reads and parses HL7 messages and outputs a series of values from the messages');
INSERT INTO `r_step_type` VALUES (43, 'HTTP', 'HTTP client', 'Call a web service over HTTP by supplying a base URL by allowing parameters to be set dynamically');
INSERT INTO `r_step_type` VALUES (44, 'HTTPPOST', 'HTTP post', 'Call a web service request over HTTP by supplying a base URL by allowing parameters to be set dynamically');
INSERT INTO `r_step_type` VALUES (45, 'InfobrightOutput', 'Infobright 批量加载', 'Load data to an Infobright database table');
INSERT INTO `r_step_type` VALUES (46, 'VectorWiseBulkLoader', 'Ingres VectorWise 批量加载', 'This step interfaces with the Ingres VectorWise Bulk Loader \"COPY TABLE\" command.');
INSERT INTO `r_step_type` VALUES (47, 'UserDefinedJavaClass', 'Java 代码', 'This step allows you to program a step using Java code');
INSERT INTO `r_step_type` VALUES (48, 'ScriptValueMod', 'JavaScript代码', 'This is a modified plugin for the Scripting Values with improved interface and performance.\nWritten & donated to open source by Martin Lange, Proconis : http://www.proconis.de');
INSERT INTO `r_step_type` VALUES (49, 'Jms2Consumer', 'JMS consumer', 'Consumes JMS streams');
INSERT INTO `r_step_type` VALUES (50, 'Jms2Producer', 'JMS producer', 'Produces JMS streams');
INSERT INTO `r_step_type` VALUES (51, 'JsonInput', 'JSON input', 'Extract relevant portions out of JSON structures (file or incoming field) and output rows');
INSERT INTO `r_step_type` VALUES (52, 'JsonOutput', 'JSON output', 'Create JSON block and output it in a field or a file.');
INSERT INTO `r_step_type` VALUES (53, 'KafkaConsumerInput', 'Kafka consumer', 'Consume messages from a Kafka topic');
INSERT INTO `r_step_type` VALUES (54, 'KafkaProducerOutput', 'Kafka producer', 'Produce messages to a Kafka topic');
INSERT INTO `r_step_type` VALUES (55, 'LDAPInput', 'LDAP 输入', 'Read data from LDAP host');
INSERT INTO `r_step_type` VALUES (56, 'LDAPOutput', 'LDAP 输出', 'Perform Insert, upsert, update, add or delete operations on records based on their DN (Distinguished  Name).');
INSERT INTO `r_step_type` VALUES (57, 'LDIFInput', 'LDIF 输入', 'Read data from LDIF files');
INSERT INTO `r_step_type` VALUES (58, 'LucidDBStreamingLoader', 'LucidDB streaming loader', 'Load data into LucidDB by using Remote Rows UDX.');
INSERT INTO `r_step_type` VALUES (59, 'HadoopEnterPlugin', 'MapReduce input', 'Enter a Hadoop Mapper or Reducer transformation');
INSERT INTO `r_step_type` VALUES (60, 'HadoopExitPlugin', 'MapReduce output', 'Exit a Hadoop Mapper or Reducer transformation ');
INSERT INTO `r_step_type` VALUES (61, 'TypeExitExcelWriterStep', 'Microsoft Excel 输出', 'Writes or appends data to an Excel file');
INSERT INTO `r_step_type` VALUES (62, 'MondrianInput', 'Mondrian 输入', 'Execute and retrieve data using an MDX query against a Pentaho Analyses OLAP server (Mondrian)');
INSERT INTO `r_step_type` VALUES (63, 'MonetDBAgileMart', 'MonetDB Agile Mart', 'Load data into MonetDB for Agile BI use cases');
INSERT INTO `r_step_type` VALUES (64, 'MonetDBBulkLoader', 'MonetDB 批量加载', 'Load data into MonetDB by using their bulk load command in streaming mode.');
INSERT INTO `r_step_type` VALUES (65, 'MongoDbInput', 'MongoDB input', 'Reads from a Mongo DB collection');
INSERT INTO `r_step_type` VALUES (66, 'MongoDbOutput', 'MongoDB output', 'Writes to a Mongo DB collection');
INSERT INTO `r_step_type` VALUES (67, 'MQTTConsumer', 'MQTT consumer', 'Subscribes and streams an MQTT Topic');
INSERT INTO `r_step_type` VALUES (68, 'MQTTProducer', 'MQTT producer', 'Produce messages to a MQTT Topic');
INSERT INTO `r_step_type` VALUES (69, 'MultiwayMergeJoin', 'Multiway merge join', 'Multiway merge join');
INSERT INTO `r_step_type` VALUES (70, 'MySQLBulkLoader', 'MySQL 批量加载', 'MySQL bulk loader step, loading data over a named pipe (not available on MS Windows)');
INSERT INTO `r_step_type` VALUES (71, 'OlapInput', 'OLAP 输入', 'Execute and retrieve data using an MDX query against any XML/A OLAP datasource using olap4j');
INSERT INTO `r_step_type` VALUES (72, 'OraBulkLoader', 'Oracle 批量加载', 'Use Oracle bulk loader to load data');
INSERT INTO `r_step_type` VALUES (73, 'OrcInput', 'ORC input', 'Reads data from ORC file');
INSERT INTO `r_step_type` VALUES (74, 'OrcOutput', 'ORC output', 'Writes data to an Orc file according to a mapping');
INSERT INTO `r_step_type` VALUES (75, 'PaloCellInput', 'Palo cell input', 'Reads data from a defined Palo Cube ');
INSERT INTO `r_step_type` VALUES (76, 'PaloCellOutput', 'Palo cell output', 'Writes data to a defined Palo Cube');
INSERT INTO `r_step_type` VALUES (77, 'PaloDimInput', 'Palo dim input', 'Reads data from a defined Palo Dimension');
INSERT INTO `r_step_type` VALUES (78, 'PaloDimOutput', 'Palo dim output', 'Writes data to defined Palo Dimension');
INSERT INTO `r_step_type` VALUES (79, 'ParquetInput', 'Parquet input', 'Reads data from a Parquet file.');
INSERT INTO `r_step_type` VALUES (80, 'ParquetOutput', 'Parquet output', 'Writes data to a Parquet file according to a mapping.');
INSERT INTO `r_step_type` VALUES (81, 'PentahoReportingOutput', 'Pentaho 报表输出', 'Executes an existing report (PRPT)');
INSERT INTO `r_step_type` VALUES (82, 'PGPDecryptStream', 'PGP decrypt stream', 'Decrypt data stream with PGP');
INSERT INTO `r_step_type` VALUES (83, 'PGPEncryptStream', 'PGP encrypt stream', 'Encrypt data stream with PGP');
INSERT INTO `r_step_type` VALUES (84, 'PGBulkLoader', 'PostgreSQL 批量加载', 'PostgreSQL Bulk Loader');
INSERT INTO `r_step_type` VALUES (85, 'Rest', 'REST client', 'Consume RESTfull services.\nREpresentational State Transfer (REST) is a key design idiom that embraces a stateless client-server\narchitecture in which the web services are viewed as resources and can be identified by their URLs');
INSERT INTO `r_step_type` VALUES (86, 'RssInput', 'RSS 输入', 'Read RSS feeds');
INSERT INTO `r_step_type` VALUES (87, 'RssOutput', 'RSS 输出', 'Read RSS stream.');
INSERT INTO `r_step_type` VALUES (88, 'RuleAccumulator', 'Rules accumulator', 'Rules accumulator step');
INSERT INTO `r_step_type` VALUES (89, 'RuleExecutor', 'Rules executor', 'Rules executor step');
INSERT INTO `r_step_type` VALUES (90, 'S3CSVINPUT', 'S3 CSV input', 'Is capable of reading CSV data stored on Amazon S3 in parallel');
INSERT INTO `r_step_type` VALUES (91, 'S3FileOutputPlugin', 'S3 file output', 'Create files in an S3 location');
INSERT INTO `r_step_type` VALUES (92, 'SalesforceDelete', 'Salesforce delete', 'Delete records in Salesforce module.');
INSERT INTO `r_step_type` VALUES (93, 'SalesforceInput', 'Salesforce input', 'Extract data from Salesforce');
INSERT INTO `r_step_type` VALUES (94, 'SalesforceInsert', 'Salesforce insert', 'Insert records in Salesforce module.');
INSERT INTO `r_step_type` VALUES (95, 'SalesforceUpdate', 'Salesforce update', 'Update records in Salesforce module.');
INSERT INTO `r_step_type` VALUES (96, 'SalesforceUpsert', 'Salesforce upsert', 'Insert or update records in Salesforce module.');
INSERT INTO `r_step_type` VALUES (97, 'SAPINPUT', 'SAP input', 'Read data from SAP ERP, optionally with parameters');
INSERT INTO `r_step_type` VALUES (98, 'SASInput', 'SAS 输入', 'This step reads files in sas7bdat (SAS) native format');
INSERT INTO `r_step_type` VALUES (99, 'Script', 'Script', 'Calculate values by scripting in Ruby, Python, Groovy, JavaScript, ... (JSR-223)');
INSERT INTO `r_step_type` VALUES (100, 'SetSessionVariableStep', 'Set session variables', 'Set session variables in the current user session.');
INSERT INTO `r_step_type` VALUES (101, 'SFTPPut', 'SFTP put', 'Upload a file or a stream file to remote host via SFTP');
INSERT INTO `r_step_type` VALUES (102, 'CreateSharedDimensions', 'Shared dimension', 'Create shared dimensions for use with Streamlined Data Refinery.');
INSERT INTO `r_step_type` VALUES (103, 'SimpleMapping', 'Simple mapping (sub-transformation)', 'Run a mapping (sub-transformation), use MappingInput and MappingOutput to specify the fields interface.  This is the simplified version only allowing one input and one output data set.');
INSERT INTO `r_step_type` VALUES (104, 'SingleThreader', 'Single threader', 'Executes a transformation snippet in a single thread.  You need a standard mapping or a transformation with an Injector step where data from the parent transformation will arive in blocks.');
INSERT INTO `r_step_type` VALUES (105, 'SocketWriter', 'Socket 写', 'Socket writer.  A socket server that can send rows of data to a socket reader.');
INSERT INTO `r_step_type` VALUES (106, 'SocketReader', 'Socket 读', 'Socket reader.  A socket client that connects to a server (Socket Writer step).');
INSERT INTO `r_step_type` VALUES (107, 'SQLFileOutput', 'SQL 文件输出', 'Output SQL INSERT statements to file');
INSERT INTO `r_step_type` VALUES (108, 'SSTableOutput', 'SSTable output', 'Writes to a filesystem directory as a Cassandra SSTable');
INSERT INTO `r_step_type` VALUES (109, 'SwitchCase', 'Switch / case', 'Switch a row to a certain target step based on the case value in a field.');
INSERT INTO `r_step_type` VALUES (110, 'TableAgileMart', 'Table Agile Mart', 'Load data into a table for Agile BI use cases');
INSERT INTO `r_step_type` VALUES (111, 'TeraFast', 'Teradata Fastload 批量加载', 'The Teradata Fastload bulk loader');
INSERT INTO `r_step_type` VALUES (112, 'TeraDataBulkLoader', 'Teradata TPT bulk loader', 'Teradata TPT bulkloader, using tbuild command');
INSERT INTO `r_step_type` VALUES (113, 'OldTextFileInput', 'Text file input', '从一个文本文件（几种格式）里读取数据{0}这些数据可以被传递到下一个步骤里...');
INSERT INTO `r_step_type` VALUES (114, 'TextFileOutputLegacy', 'Text file output', '写记录到一个文本文件.');
INSERT INTO `r_step_type` VALUES (115, 'TransExecutor', 'Transformation executor', 'This step executes a Pentaho Data Integration transformation, sets parameters and passes rows.');
INSERT INTO `r_step_type` VALUES (116, 'VerticaBulkLoader', 'Vertica bulk loader', 'Bulk load data into a Vertica database table');
INSERT INTO `r_step_type` VALUES (117, 'WebServiceLookup', 'Web 服务查询', '使用 Web 服务查询信息');
INSERT INTO `r_step_type` VALUES (118, 'XBaseInput', 'XBase输入', '从一个XBase类型的文件(DBF)读取记录');
INSERT INTO `r_step_type` VALUES (119, 'XMLInputStream', 'XML input stream (StAX)', 'This step is capable of processing very large and complex XML files very fast.');
INSERT INTO `r_step_type` VALUES (120, 'XMLJoin', 'XML join', 'Joins a stream of XML-Tags into a target XML string');
INSERT INTO `r_step_type` VALUES (121, 'XMLOutput', 'XML output', 'Write data to an XML file');
INSERT INTO `r_step_type` VALUES (122, 'XSDValidator', 'XSD validator', 'Validate XML source (files or streams) against XML Schema Definition.');
INSERT INTO `r_step_type` VALUES (123, 'XSLT', 'XSL transformation', 'Make an XSL transformation');
INSERT INTO `r_step_type` VALUES (124, 'YamlInput', 'YAML 输入', 'Read YAML source (file or stream) parse them and convert them to rows and writes these to one or more output.');
INSERT INTO `r_step_type` VALUES (125, 'ZipFile', 'Zip 文件', 'Zip a file.\nFilename will be extracted from incoming stream.');
INSERT INTO `r_step_type` VALUES (126, 'Abort', '中止', 'Abort a transformation');
INSERT INTO `r_step_type` VALUES (127, 'FilesFromResult', '从结果获取文件', 'This step allows you to read filenames used or generated in a previous entry in a job.');
INSERT INTO `r_step_type` VALUES (128, 'RowsFromResult', '从结果获取记录', '这个允许你从同一个任务的前一个条目里读取记录.');
INSERT INTO `r_step_type` VALUES (129, 'ValueMapper', '值映射', 'Maps values of a certain field from one value to another');
INSERT INTO `r_step_type` VALUES (130, 'Formula', '公式', '使用 Pentaho 的公式库来计算公式');
INSERT INTO `r_step_type` VALUES (131, 'WriteToLog', '写日志', 'Write data to log');
INSERT INTO `r_step_type` VALUES (132, 'AnalyticQuery', '分析查询', 'Execute analytic queries over a sorted dataset (LEAD/LAG/FIRST/LAST)');
INSERT INTO `r_step_type` VALUES (133, 'GroupBy', '分组', '以分组的形式创建聚合.{0}这个仅仅在一个已经排好序的输入有效.{1}如果输入没有排序, 仅仅两个连续的记录行被正确处理.');
INSERT INTO `r_step_type` VALUES (134, 'SplitFieldToRows3', '列拆分为多行', 'Splits a single string field by delimiter and creates a new row for each split term');
INSERT INTO `r_step_type` VALUES (135, 'Denormaliser', '列转行', 'Denormalises rows by looking up key-value pairs and by assigning them to new fields in the输出 rows.{0}This method aggregates and needs the输入 rows to be sorted on the grouping fields');
INSERT INTO `r_step_type` VALUES (136, 'Delete', '删除', '基于关键字删除记录');
INSERT INTO `r_step_type` VALUES (137, 'Janino', '利用Janino计算Java表达式', 'Calculate the result of a Java Expression using Janino');
INSERT INTO `r_step_type` VALUES (138, 'StringCut', '剪切字符串', 'Strings cut (substring).');
INSERT INTO `r_step_type` VALUES (139, 'UnivariateStats', '单变量统计', 'This step computes some simple stats based on a single input field');
INSERT INTO `r_step_type` VALUES (140, 'Unique', '去除重复记录', '去除重复的记录行，保持记录唯一{0}这个仅仅基于一个已经排好序的输入.{1}如果输入没有排序, 仅仅两个连续的记录行被正确处理.');
INSERT INTO `r_step_type` VALUES (141, 'SyslogMessage', '发送信息至syslog', 'Send message to syslog server');
INSERT INTO `r_step_type` VALUES (142, 'Mail', '发送邮件', 'Send eMail.');
INSERT INTO `r_step_type` VALUES (143, 'MergeRows', '合并记录', '合并两个数据流, 并根据某个关键字排序.  这两个数据流被比较，以标识相等的、变更的、删除的和新建的记录.');
INSERT INTO `r_step_type` VALUES (144, 'ExecProcess', '启动一个进程', 'Execute a process and return the result');
INSERT INTO `r_step_type` VALUES (145, 'UniqueRowsByHashSet', '唯一行 (哈希值)', 'Remove double rows and leave only unique occurrences by using a HashSet.');
INSERT INTO `r_step_type` VALUES (146, 'FixedInput', '固定宽度文件输入', 'Fixed file input');
INSERT INTO `r_step_type` VALUES (147, 'MemoryGroupBy', '在内存中分组', 'Builds aggregates in a group by fashion.\nThis step doesn\'t require sorted input.');
INSERT INTO `r_step_type` VALUES (148, 'Constant', '增加常量', '给记录增加一到多个常量');
INSERT INTO `r_step_type` VALUES (149, 'Sequence', '增加序列', '从序列获取下一个值');
INSERT INTO `r_step_type` VALUES (150, 'ProcessFiles', '处理文件', 'Process one file per row (copy or move or delete).\nThis step only accept filename in input.');
INSERT INTO `r_step_type` VALUES (151, 'FilesToResult', '复制文件到结果', 'This step allows you to set filenames in the result of this transformation.\nSubsequent job entries can then use this information.');
INSERT INTO `r_step_type` VALUES (152, 'RowsToResult', '复制记录到结果', '使用这个步骤把记录写到正在执行的任务.{0}信息将会被传递给同一个任务里的下一个条目.');
INSERT INTO `r_step_type` VALUES (153, 'SelectValues', '字段选择', '选择或移除记录里的字。{0}此外，可以设置字段的元数据: 类型, 长度和精度.');
INSERT INTO `r_step_type` VALUES (154, 'StringOperations', '字符串操作', 'Apply certain operations like trimming, padding and others to string value.');
INSERT INTO `r_step_type` VALUES (155, 'ReplaceString', '字符串替换', 'Replace all occurences a word in a string with another word.');
INSERT INTO `r_step_type` VALUES (156, 'SymmetricCryptoTrans', '对称加密', 'Encrypt or decrypt a string using symmetric encryption.\nAvailable algorithms are DES, AES, TripleDES.');
INSERT INTO `r_step_type` VALUES (157, 'SetValueConstant', '将字段值设置为常量', 'Set value of a field to a constant');
INSERT INTO `r_step_type` VALUES (158, 'Delay', '延迟行', 'Output each input row after a delay');
INSERT INTO `r_step_type` VALUES (159, 'DynamicSQLRow', '执行Dynamic SQL', 'Execute dynamic SQL statement build in a previous field');
INSERT INTO `r_step_type` VALUES (160, 'ExecSQL', '执行SQL脚本', '执行一个SQL脚本, 另外，可以使用输入的记录作为参数');
INSERT INTO `r_step_type` VALUES (161, 'ExecSQLRow', '执行SQL脚本(字段流替换)', 'Execute SQL script extracted from a field\ncreated in a previous step.');
INSERT INTO `r_step_type` VALUES (162, 'JobExecutor', '执行作业', 'This step executes a Pentaho Data Integration job, sets parameters and passes rows.');
INSERT INTO `r_step_type` VALUES (163, 'FieldSplitter', '拆分字段', '当你想把一个字段拆分成多个时，使用这个类型.');
INSERT INTO `r_step_type` VALUES (164, 'SortedMerge', '排序合并', 'Sorted merge');
INSERT INTO `r_step_type` VALUES (165, 'SortRows', '排序记录', '基于字段值把记录排序(升序或降序)');
INSERT INTO `r_step_type` VALUES (166, 'InsertUpdate', '插入 / 更新', '基于关键字更新或插入记录到数据库.');
INSERT INTO `r_step_type` VALUES (167, 'NumberRange', '数值范围', 'Create ranges based on numeric field');
INSERT INTO `r_step_type` VALUES (168, 'SynchronizeAfterMerge', '数据同步', 'This step perform insert/update/delete in one go based on the value of a field.');
INSERT INTO `r_step_type` VALUES (169, 'DBLookup', '数据库查询', '使用字段值在数据库里查询值');
INSERT INTO `r_step_type` VALUES (170, 'DBJoin', '数据库连接', '使用数据流里的值作为参数执行一个数据库查询');
INSERT INTO `r_step_type` VALUES (171, 'Validator', '数据检验', 'Validates passing data based on a set of rules');
INSERT INTO `r_step_type` VALUES (172, 'PrioritizeStreams', '数据流优先级排序', 'Prioritize streams in an order way.');
INSERT INTO `r_step_type` VALUES (173, 'ReservoirSampling', '数据采样', '[Transform] Samples a fixed number of rows from the incoming stream');
INSERT INTO `r_step_type` VALUES (174, 'LoadFileInput', '文件内容加载至内存', 'Load file content in memory');
INSERT INTO `r_step_type` VALUES (175, 'TextFileInput', '文本文件输入', '从一个文本文件（几种格式）里读取数据{0}这些数据可以被传递到下一个步骤里...');
INSERT INTO `r_step_type` VALUES (176, 'TextFileOutput', '文本文件输出', '写记录到一个文本文件.');
INSERT INTO `r_step_type` VALUES (177, 'Mapping', '映射 (子转换)', '运行一个映射 (子转换), 使用MappingInput和MappingOutput来指定接口的字段');
INSERT INTO `r_step_type` VALUES (178, 'MappingInput', '映射输入规范', '指定一个映射的字段输入');
INSERT INTO `r_step_type` VALUES (179, 'MappingOutput', '映射输出规范', '指定一个映射的字段输出');
INSERT INTO `r_step_type` VALUES (180, 'Update', '更新', '基于关键字更新记录到数据库');
INSERT INTO `r_step_type` VALUES (181, 'IfNull', '替换NULL值', 'Sets a field value to a constant if it is null.');
INSERT INTO `r_step_type` VALUES (182, 'SampleRows', '样本行', 'Filter rows based on the line number.');
INSERT INTO `r_step_type` VALUES (183, 'JavaFilter', '根据Java代码过滤记录', 'Filter rows using java code');
INSERT INTO `r_step_type` VALUES (184, 'FieldsChangeSequence', '根据字段值来改变序列', 'Add sequence depending of fields value change.\nEach time value of at least one field change, PDI will reset sequence.');
INSERT INTO `r_step_type` VALUES (185, 'WebServiceAvailable', '检查web服务是否可用', 'Check if a webservice is available');
INSERT INTO `r_step_type` VALUES (186, 'FileExists', '检查文件是否存在', 'Check if a file exists');
INSERT INTO `r_step_type` VALUES (187, 'FileLocked', '检查文件是否已被锁定', 'Check if a file is locked by another process');
INSERT INTO `r_step_type` VALUES (188, 'TableExists', '检查表是否存在', 'Check if a table exists on a specified connection');
INSERT INTO `r_step_type` VALUES (189, 'DetectEmptyStream', '检测空流', 'This step will output one empty row if input stream is empty\n(ie when input stream does not contain any row)');
INSERT INTO `r_step_type` VALUES (190, 'CreditCardValidator', '检验信用卡号码是否有效', 'The Credit card validator step will help you tell:\n(1) if a credit card number is valid (uses LUHN10 (MOD-10) algorithm)\n(2) which credit card vendor handles that number\n(VISA, MasterCard, Diners Club, EnRoute, American Express (AMEX),...)');
INSERT INTO `r_step_type` VALUES (191, 'MailValidator', '检验邮件地址', 'Check if an email address is valid.');
INSERT INTO `r_step_type` VALUES (192, 'FuzzyMatch', '模糊匹配', 'Finding approximate matches to a string using matching algorithms.\nRead a field from a main stream and output approximative value from lookup stream.');
INSERT INTO `r_step_type` VALUES (193, 'RegexEval', '正则表达式', 'Regular expression Evaluation\nThis step uses a regular expression to evaluate a field. It can also extract new fields out of an existing field with capturing groups.');
INSERT INTO `r_step_type` VALUES (194, 'TableCompare', '比较表', 'Compares 2 tables and gives back a list of differences');
INSERT INTO `r_step_type` VALUES (195, 'StreamLookup', '流查询', '从转换中的其它流里查询值.');
INSERT INTO `r_step_type` VALUES (196, 'StepMetastructure', '流的元数据', 'This is a step to read the metadata of the incoming stream.');
INSERT INTO `r_step_type` VALUES (197, 'SecretKeyGenerator', '生成密钥', 'Generate secret key for algorithms such as DES, AES, TripleDES.');
INSERT INTO `r_step_type` VALUES (198, 'RowGenerator', '生成记录', '产生一些空记录或相等的行.');
INSERT INTO `r_step_type` VALUES (199, 'RandomValue', '生成随机数', 'Generate random value');
INSERT INTO `r_step_type` VALUES (200, 'RandomCCNumberGenerator', '生成随机的信用卡号', 'Generate random valide (luhn check) credit card numbers');
INSERT INTO `r_step_type` VALUES (201, 'Dummy', '空操作 (什么也不做)', '这个步骤类型什么都不作.{0} 当你想测试或拆分数据流的时候有用.');
INSERT INTO `r_step_type` VALUES (202, 'DimensionLookup', '维度查询/更新', '在一个数据仓库里更新一个渐变维 {0} 或者在这个维里查询信息.');
INSERT INTO `r_step_type` VALUES (203, 'CombinationLookup', '联合查询/更新', '更新数据仓库里的一个junk维 {0} 可选的, 科研查询维里的信息.{1}junk维的主键是所有的字段.');
INSERT INTO `r_step_type` VALUES (204, 'AutoDoc', '自动文档输出', 'This step automatically generates documentation based on input in the form of a list of transformations and jobs');
INSERT INTO `r_step_type` VALUES (205, 'DataGrid', '自定义常量数据', 'Enter rows of static data in a grid, usually for testing, reference or demo purpose');
INSERT INTO `r_step_type` VALUES (206, 'GetVariable', '获取变量', 'Determine the values of certain (environment or Kettle) variables and put them in field values.');
INSERT INTO `r_step_type` VALUES (207, 'GetSubFolders', '获取子目录名', 'Read a parent folder and return all subfolders');
INSERT INTO `r_step_type` VALUES (208, 'GetFileNames', '获取文件名', 'Get file names from the operating system and send them to the next step.');
INSERT INTO `r_step_type` VALUES (209, 'GetFilesRowsCount', '获取文件行数', 'Returns rows count for text files.');
INSERT INTO `r_step_type` VALUES (210, 'SystemInfo', '获取系统信息', '获取系统信息，例如时间、日期.');
INSERT INTO `r_step_type` VALUES (211, 'GetTableNames', '获取表名', 'Get table names from database connection and send them to the next step');
INSERT INTO `r_step_type` VALUES (212, 'GetRepositoryNames', '获取资源库配置', 'Lists detailed information about transformations and/or jobs in a repository');
INSERT INTO `r_step_type` VALUES (213, 'Flattener', '行扁平化', 'Flattens consequetive rows based on the order in which they appear in the输入 stream');
INSERT INTO `r_step_type` VALUES (214, 'Normaliser', '行转列', 'De-normalised information can be normalised using this step type.');
INSERT INTO `r_step_type` VALUES (215, 'TableInput', '表输入', '从数据库表里读取信息.');
INSERT INTO `r_step_type` VALUES (216, 'TableOutput', '表输出', '写信息到一个数据库表');
INSERT INTO `r_step_type` VALUES (217, 'Calculator', '计算器', '通过执行简单的计算创建一个新字段');
INSERT INTO `r_step_type` VALUES (218, 'JoinRows', '记录关联 (笛卡尔输出)', '这个步骤的输出是输入流的笛卡尔的结果.{0} 输出结果的记录数是输入流记录之间的乘积.');
INSERT INTO `r_step_type` VALUES (219, 'Injector', '记录注射', 'Injector step to allow to inject rows into the transformation through the java API');
INSERT INTO `r_step_type` VALUES (220, 'MergeJoin', '记录集连接', 'Joins two streams on a given key and outputs a joined set. The input streams must be sorted on the join key');
INSERT INTO `r_step_type` VALUES (221, 'NullIf', '设置值为NULL', '如果一个字段值等于某个固定值，那么把这个字段值设置成null');
INSERT INTO `r_step_type` VALUES (222, 'SetVariable', '设置变量', 'Set environment variables based on a single input row.');
INSERT INTO `r_step_type` VALUES (223, 'SetValueField', '设置字段值', 'Set value of a field with another value field');
INSERT INTO `r_step_type` VALUES (224, 'DetectLastRow', '识别流的最后一行', 'Last row will be marked');
INSERT INTO `r_step_type` VALUES (225, 'DBProc', '调用DB存储过程', '通过调用数据库存储过程获得返回值.');
INSERT INTO `r_step_type` VALUES (226, 'StepsMetrics', '转换步骤信息统计', 'Return metrics for one or several steps');
INSERT INTO `r_step_type` VALUES (227, 'FilterRows', '过滤记录', '使用简单的相等来过滤记录');
INSERT INTO `r_step_type` VALUES (228, 'SSH', '运行SSH命令', 'Run SSH commands and returns result.');
INSERT INTO `r_step_type` VALUES (229, 'Append', '追加流', 'Append 2 streams in an ordered way');
INSERT INTO `r_step_type` VALUES (230, 'MailInput', '邮件信息输入', 'Read POP3/IMAP server and retrieve messages');
INSERT INTO `r_step_type` VALUES (231, 'PropertyInput', '配置文件输入', 'Read data (key, value) from properties files.');
INSERT INTO `r_step_type` VALUES (232, 'PropertyOutput', '配置文件输出', 'Write data to properties file');
INSERT INTO `r_step_type` VALUES (233, 'BlockUntilStepsFinish', '阻塞数据直到步骤都完成', 'Block this step until selected steps finish.');

-- ----------------------------
-- Table structure for r_trans_attribute
-- ----------------------------
DROP TABLE IF EXISTS `r_trans_attribute`;
CREATE TABLE `r_trans_attribute`  (
  `ID_TRANS_ATTRIBUTE` bigint(20) NOT NULL,
  `ID_TRANSFORMATION` int(11) NULL DEFAULT NULL,
  `NR` int(11) NULL DEFAULT NULL,
  `CODE` varchar(255) CHARACTER SET utf8mb4 COLLATE utf8mb4_bin NULL DEFAULT NULL,
  `VALUE_NUM` bigint(20) NULL DEFAULT NULL,
  `VALUE_STR` mediumtext CHARACTER SET utf8mb4 COLLATE utf8mb4_bin NULL,
  PRIMARY KEY (`ID_TRANS_ATTRIBUTE`) USING BTREE,
  UNIQUE INDEX `IDX_TATT`(`ID_TRANSFORMATION`, `CODE`, `NR`) USING BTREE
) ENGINE = InnoDB CHARACTER SET = utf8mb4 COLLATE = utf8mb4_bin ROW_FORMAT = DYNAMIC;

-- ----------------------------
-- Records of r_trans_attribute
-- ----------------------------
INSERT INTO `r_trans_attribute` VALUES (223, 2, 0, 'UNIQUE_CONNECTIONS', 0, 'N');
INSERT INTO `r_trans_attribute` VALUES (224, 2, 0, 'FEEDBACK_SHOWN', 0, 'Y');
INSERT INTO `r_trans_attribute` VALUES (225, 2, 0, 'FEEDBACK_SIZE', 50000, NULL);
INSERT INTO `r_trans_attribute` VALUES (226, 2, 0, 'USING_THREAD_PRIORITIES', 0, 'Y');
INSERT INTO `r_trans_attribute` VALUES (227, 2, 0, 'SHARED_FILE', 0, NULL);
INSERT INTO `r_trans_attribute` VALUES (228, 2, 0, 'CAPTURE_STEP_PERFORMANCE', 0, 'N');
INSERT INTO `r_trans_attribute` VALUES (229, 2, 0, 'STEP_PERFORMANCE_CAPTURING_DELAY', 1000, NULL);
INSERT INTO `r_trans_attribute` VALUES (230, 2, 0, 'STEP_PERFORMANCE_CAPTURING_SIZE_LIMIT', 0, '100');
INSERT INTO `r_trans_attribute` VALUES (231, 2, 0, 'STEP_PERFORMANCE_LOG_TABLE', 0, NULL);
INSERT INTO `r_trans_attribute` VALUES (232, 2, 0, 'LOG_SIZE_LIMIT', 0, NULL);
INSERT INTO `r_trans_attribute` VALUES (233, 2, 0, 'LOG_INTERVAL', 0, NULL);
INSERT INTO `r_trans_attribute` VALUES (234, 2, 0, 'TRANSFORMATION_TYPE', 0, 'Normal');
INSERT INTO `r_trans_attribute` VALUES (235, 2, 0, 'SLEEP_TIME_EMPTY', 50, NULL);
INSERT INTO `r_trans_attribute` VALUES (236, 2, 0, 'SLEEP_TIME_FULL', 50, NULL);
INSERT INTO `r_trans_attribute` VALUES (237, 2, 0, 'TRANS_LOG_TABLE_CONNECTION_NAME', 0, NULL);
INSERT INTO `r_trans_attribute` VALUES (238, 2, 0, 'TRANS_LOG_TABLE_SCHEMA_NAME', 0, NULL);
INSERT INTO `r_trans_attribute` VALUES (239, 2, 0, 'TRANS_LOG_TABLE_TABLE_NAME', 0, NULL);
INSERT INTO `r_trans_attribute` VALUES (240, 2, 0, 'TRANS_LOG_TABLE_TIMEOUT_IN_DAYS', 0, NULL);
INSERT INTO `r_trans_attribute` VALUES (241, 2, 0, 'TRANS_LOG_TABLE_FIELD_ID0', 0, 'ID_BATCH');
INSERT INTO `r_trans_attribute` VALUES (242, 2, 0, 'TRANS_LOG_TABLE_FIELD_NAME0', 0, 'ID_BATCH');
INSERT INTO `r_trans_attribute` VALUES (243, 2, 0, 'TRANS_LOG_TABLE_FIELD_ENABLED0', 0, 'Y');
INSERT INTO `r_trans_attribute` VALUES (244, 2, 0, 'TRANS_LOG_TABLE_FIELD_ID1', 0, 'CHANNEL_ID');
INSERT INTO `r_trans_attribute` VALUES (245, 2, 0, 'TRANS_LOG_TABLE_FIELD_NAME1', 0, 'CHANNEL_ID');
INSERT INTO `r_trans_attribute` VALUES (246, 2, 0, 'TRANS_LOG_TABLE_FIELD_ENABLED1', 0, 'Y');
INSERT INTO `r_trans_attribute` VALUES (247, 2, 0, 'TRANS_LOG_TABLE_FIELD_ID2', 0, 'TRANSNAME');
INSERT INTO `r_trans_attribute` VALUES (248, 2, 0, 'TRANS_LOG_TABLE_FIELD_NAME2', 0, 'TRANSNAME');
INSERT INTO `r_trans_attribute` VALUES (249, 2, 0, 'TRANS_LOG_TABLE_FIELD_ENABLED2', 0, 'Y');
INSERT INTO `r_trans_attribute` VALUES (250, 2, 0, 'TRANS_LOG_TABLE_FIELD_ID3', 0, 'STATUS');
INSERT INTO `r_trans_attribute` VALUES (251, 2, 0, 'TRANS_LOG_TABLE_FIELD_NAME3', 0, 'STATUS');
INSERT INTO `r_trans_attribute` VALUES (252, 2, 0, 'TRANS_LOG_TABLE_FIELD_ENABLED3', 0, 'Y');
INSERT INTO `r_trans_attribute` VALUES (253, 2, 0, 'TRANS_LOG_TABLE_FIELD_ID4', 0, 'LINES_READ');
INSERT INTO `r_trans_attribute` VALUES (254, 2, 0, 'TRANS_LOG_TABLE_FIELD_NAME4', 0, 'LINES_READ');
INSERT INTO `r_trans_attribute` VALUES (255, 2, 0, 'TRANS_LOG_TABLE_FIELD_ENABLED4', 0, 'Y');
INSERT INTO `r_trans_attribute` VALUES (256, 2, 0, 'TRANS_LOG_TABLE_FIELD_SUBJECT4', 0, NULL);
INSERT INTO `r_trans_attribute` VALUES (257, 2, 0, 'TRANS_LOG_TABLE_FIELD_ID5', 0, 'LINES_WRITTEN');
INSERT INTO `r_trans_attribute` VALUES (258, 2, 0, 'TRANS_LOG_TABLE_FIELD_NAME5', 0, 'LINES_WRITTEN');
INSERT INTO `r_trans_attribute` VALUES (259, 2, 0, 'TRANS_LOG_TABLE_FIELD_ENABLED5', 0, 'Y');
INSERT INTO `r_trans_attribute` VALUES (260, 2, 0, 'TRANS_LOG_TABLE_FIELD_SUBJECT5', 0, NULL);
INSERT INTO `r_trans_attribute` VALUES (261, 2, 0, 'TRANS_LOG_TABLE_FIELD_ID6', 0, 'LINES_UPDATED');
INSERT INTO `r_trans_attribute` VALUES (262, 2, 0, 'TRANS_LOG_TABLE_FIELD_NAME6', 0, 'LINES_UPDATED');
INSERT INTO `r_trans_attribute` VALUES (263, 2, 0, 'TRANS_LOG_TABLE_FIELD_ENABLED6', 0, 'Y');
INSERT INTO `r_trans_attribute` VALUES (264, 2, 0, 'TRANS_LOG_TABLE_FIELD_SUBJECT6', 0, NULL);
INSERT INTO `r_trans_attribute` VALUES (265, 2, 0, 'TRANS_LOG_TABLE_FIELD_ID7', 0, 'LINES_INPUT');
INSERT INTO `r_trans_attribute` VALUES (266, 2, 0, 'TRANS_LOG_TABLE_FIELD_NAME7', 0, 'LINES_INPUT');
INSERT INTO `r_trans_attribute` VALUES (267, 2, 0, 'TRANS_LOG_TABLE_FIELD_ENABLED7', 0, 'Y');
INSERT INTO `r_trans_attribute` VALUES (268, 2, 0, 'TRANS_LOG_TABLE_FIELD_SUBJECT7', 0, NULL);
INSERT INTO `r_trans_attribute` VALUES (269, 2, 0, 'TRANS_LOG_TABLE_FIELD_ID8', 0, 'LINES_OUTPUT');
INSERT INTO `r_trans_attribute` VALUES (270, 2, 0, 'TRANS_LOG_TABLE_FIELD_NAME8', 0, 'LINES_OUTPUT');
INSERT INTO `r_trans_attribute` VALUES (271, 2, 0, 'TRANS_LOG_TABLE_FIELD_ENABLED8', 0, 'Y');
INSERT INTO `r_trans_attribute` VALUES (272, 2, 0, 'TRANS_LOG_TABLE_FIELD_SUBJECT8', 0, NULL);
INSERT INTO `r_trans_attribute` VALUES (273, 2, 0, 'TRANS_LOG_TABLE_FIELD_ID9', 0, 'LINES_REJECTED');
INSERT INTO `r_trans_attribute` VALUES (274, 2, 0, 'TRANS_LOG_TABLE_FIELD_NAME9', 0, 'LINES_REJECTED');
INSERT INTO `r_trans_attribute` VALUES (275, 2, 0, 'TRANS_LOG_TABLE_FIELD_ENABLED9', 0, 'Y');
INSERT INTO `r_trans_attribute` VALUES (276, 2, 0, 'TRANS_LOG_TABLE_FIELD_SUBJECT9', 0, NULL);
INSERT INTO `r_trans_attribute` VALUES (277, 2, 0, 'TRANS_LOG_TABLE_FIELD_ID10', 0, 'ERRORS');
INSERT INTO `r_trans_attribute` VALUES (278, 2, 0, 'TRANS_LOG_TABLE_FIELD_NAME10', 0, 'ERRORS');
INSERT INTO `r_trans_attribute` VALUES (279, 2, 0, 'TRANS_LOG_TABLE_FIELD_ENABLED10', 0, 'Y');
INSERT INTO `r_trans_attribute` VALUES (280, 2, 0, 'TRANS_LOG_TABLE_FIELD_ID11', 0, 'STARTDATE');
INSERT INTO `r_trans_attribute` VALUES (281, 2, 0, 'TRANS_LOG_TABLE_FIELD_NAME11', 0, 'STARTDATE');
INSERT INTO `r_trans_attribute` VALUES (282, 2, 0, 'TRANS_LOG_TABLE_FIELD_ENABLED11', 0, 'Y');
INSERT INTO `r_trans_attribute` VALUES (283, 2, 0, 'TRANS_LOG_TABLE_FIELD_ID12', 0, 'ENDDATE');
INSERT INTO `r_trans_attribute` VALUES (284, 2, 0, 'TRANS_LOG_TABLE_FIELD_NAME12', 0, 'ENDDATE');
INSERT INTO `r_trans_attribute` VALUES (285, 2, 0, 'TRANS_LOG_TABLE_FIELD_ENABLED12', 0, 'Y');
INSERT INTO `r_trans_attribute` VALUES (286, 2, 0, 'TRANS_LOG_TABLE_FIELD_ID13', 0, 'LOGDATE');
INSERT INTO `r_trans_attribute` VALUES (287, 2, 0, 'TRANS_LOG_TABLE_FIELD_NAME13', 0, 'LOGDATE');
INSERT INTO `r_trans_attribute` VALUES (288, 2, 0, 'TRANS_LOG_TABLE_FIELD_ENABLED13', 0, 'Y');
INSERT INTO `r_trans_attribute` VALUES (289, 2, 0, 'TRANS_LOG_TABLE_FIELD_ID14', 0, 'DEPDATE');
INSERT INTO `r_trans_attribute` VALUES (290, 2, 0, 'TRANS_LOG_TABLE_FIELD_NAME14', 0, 'DEPDATE');
INSERT INTO `r_trans_attribute` VALUES (291, 2, 0, 'TRANS_LOG_TABLE_FIELD_ENABLED14', 0, 'Y');
INSERT INTO `r_trans_attribute` VALUES (292, 2, 0, 'TRANS_LOG_TABLE_FIELD_ID15', 0, 'REPLAYDATE');
INSERT INTO `r_trans_attribute` VALUES (293, 2, 0, 'TRANS_LOG_TABLE_FIELD_NAME15', 0, 'REPLAYDATE');
INSERT INTO `r_trans_attribute` VALUES (294, 2, 0, 'TRANS_LOG_TABLE_FIELD_ENABLED15', 0, 'Y');
INSERT INTO `r_trans_attribute` VALUES (295, 2, 0, 'TRANS_LOG_TABLE_FIELD_ID16', 0, 'LOG_FIELD');
INSERT INTO `r_trans_attribute` VALUES (296, 2, 0, 'TRANS_LOG_TABLE_FIELD_NAME16', 0, 'LOG_FIELD');
INSERT INTO `r_trans_attribute` VALUES (297, 2, 0, 'TRANS_LOG_TABLE_FIELD_ENABLED16', 0, 'Y');
INSERT INTO `r_trans_attribute` VALUES (298, 2, 0, 'TRANS_LOG_TABLE_FIELD_ID17', 0, 'EXECUTING_SERVER');
INSERT INTO `r_trans_attribute` VALUES (299, 2, 0, 'TRANS_LOG_TABLE_FIELD_NAME17', 0, 'EXECUTING_SERVER');
INSERT INTO `r_trans_attribute` VALUES (300, 2, 0, 'TRANS_LOG_TABLE_FIELD_ENABLED17', 0, 'N');
INSERT INTO `r_trans_attribute` VALUES (301, 2, 0, 'TRANS_LOG_TABLE_FIELD_ID18', 0, 'EXECUTING_USER');
INSERT INTO `r_trans_attribute` VALUES (302, 2, 0, 'TRANS_LOG_TABLE_FIELD_NAME18', 0, 'EXECUTING_USER');
INSERT INTO `r_trans_attribute` VALUES (303, 2, 0, 'TRANS_LOG_TABLE_FIELD_ENABLED18', 0, 'N');
INSERT INTO `r_trans_attribute` VALUES (304, 2, 0, 'TRANS_LOG_TABLE_FIELD_ID19', 0, 'CLIENT');
INSERT INTO `r_trans_attribute` VALUES (305, 2, 0, 'TRANS_LOG_TABLE_FIELD_NAME19', 0, 'CLIENT');
INSERT INTO `r_trans_attribute` VALUES (306, 2, 0, 'TRANS_LOG_TABLE_FIELD_ENABLED19', 0, 'N');
INSERT INTO `r_trans_attribute` VALUES (307, 2, 0, 'TRANSLOG_TABLE_INTERVAL', 0, NULL);
INSERT INTO `r_trans_attribute` VALUES (308, 2, 0, 'TRANSLOG_TABLE_SIZE_LIMIT', 0, NULL);
INSERT INTO `r_trans_attribute` VALUES (309, 2, 0, 'STEP_LOG_TABLE_CONNECTION_NAME', 0, NULL);
INSERT INTO `r_trans_attribute` VALUES (310, 2, 0, 'STEP_LOG_TABLE_SCHEMA_NAME', 0, NULL);
INSERT INTO `r_trans_attribute` VALUES (311, 2, 0, 'STEP_LOG_TABLE_TABLE_NAME', 0, NULL);
INSERT INTO `r_trans_attribute` VALUES (312, 2, 0, 'STEP_LOG_TABLE_TIMEOUT_IN_DAYS', 0, NULL);
INSERT INTO `r_trans_attribute` VALUES (313, 2, 0, 'STEP_LOG_TABLE_FIELD_ID0', 0, 'ID_BATCH');
INSERT INTO `r_trans_attribute` VALUES (314, 2, 0, 'STEP_LOG_TABLE_FIELD_NAME0', 0, 'ID_BATCH');
INSERT INTO `r_trans_attribute` VALUES (315, 2, 0, 'STEP_LOG_TABLE_FIELD_ENABLED0', 0, 'Y');
INSERT INTO `r_trans_attribute` VALUES (316, 2, 0, 'STEP_LOG_TABLE_FIELD_ID1', 0, 'CHANNEL_ID');
INSERT INTO `r_trans_attribute` VALUES (317, 2, 0, 'STEP_LOG_TABLE_FIELD_NAME1', 0, 'CHANNEL_ID');
INSERT INTO `r_trans_attribute` VALUES (318, 2, 0, 'STEP_LOG_TABLE_FIELD_ENABLED1', 0, 'Y');
INSERT INTO `r_trans_attribute` VALUES (319, 2, 0, 'STEP_LOG_TABLE_FIELD_ID2', 0, 'LOG_DATE');
INSERT INTO `r_trans_attribute` VALUES (320, 2, 0, 'STEP_LOG_TABLE_FIELD_NAME2', 0, 'LOG_DATE');
INSERT INTO `r_trans_attribute` VALUES (321, 2, 0, 'STEP_LOG_TABLE_FIELD_ENABLED2', 0, 'Y');
INSERT INTO `r_trans_attribute` VALUES (322, 2, 0, 'STEP_LOG_TABLE_FIELD_ID3', 0, 'TRANSNAME');
INSERT INTO `r_trans_attribute` VALUES (323, 2, 0, 'STEP_LOG_TABLE_FIELD_NAME3', 0, 'TRANSNAME');
INSERT INTO `r_trans_attribute` VALUES (324, 2, 0, 'STEP_LOG_TABLE_FIELD_ENABLED3', 0, 'Y');
INSERT INTO `r_trans_attribute` VALUES (325, 2, 0, 'STEP_LOG_TABLE_FIELD_ID4', 0, 'STEPNAME');
INSERT INTO `r_trans_attribute` VALUES (326, 2, 0, 'STEP_LOG_TABLE_FIELD_NAME4', 0, 'STEPNAME');
INSERT INTO `r_trans_attribute` VALUES (327, 2, 0, 'STEP_LOG_TABLE_FIELD_ENABLED4', 0, 'Y');
INSERT INTO `r_trans_attribute` VALUES (328, 2, 0, 'STEP_LOG_TABLE_FIELD_ID5', 0, 'STEP_COPY');
INSERT INTO `r_trans_attribute` VALUES (329, 2, 0, 'STEP_LOG_TABLE_FIELD_NAME5', 0, 'STEP_COPY');
INSERT INTO `r_trans_attribute` VALUES (330, 2, 0, 'STEP_LOG_TABLE_FIELD_ENABLED5', 0, 'Y');
INSERT INTO `r_trans_attribute` VALUES (331, 2, 0, 'STEP_LOG_TABLE_FIELD_ID6', 0, 'LINES_READ');
INSERT INTO `r_trans_attribute` VALUES (332, 2, 0, 'STEP_LOG_TABLE_FIELD_NAME6', 0, 'LINES_READ');
INSERT INTO `r_trans_attribute` VALUES (333, 2, 0, 'STEP_LOG_TABLE_FIELD_ENABLED6', 0, 'Y');
INSERT INTO `r_trans_attribute` VALUES (334, 2, 0, 'STEP_LOG_TABLE_FIELD_ID7', 0, 'LINES_WRITTEN');
INSERT INTO `r_trans_attribute` VALUES (335, 2, 0, 'STEP_LOG_TABLE_FIELD_NAME7', 0, 'LINES_WRITTEN');
INSERT INTO `r_trans_attribute` VALUES (336, 2, 0, 'STEP_LOG_TABLE_FIELD_ENABLED7', 0, 'Y');
INSERT INTO `r_trans_attribute` VALUES (337, 2, 0, 'STEP_LOG_TABLE_FIELD_ID8', 0, 'LINES_UPDATED');
INSERT INTO `r_trans_attribute` VALUES (338, 2, 0, 'STEP_LOG_TABLE_FIELD_NAME8', 0, 'LINES_UPDATED');
INSERT INTO `r_trans_attribute` VALUES (339, 2, 0, 'STEP_LOG_TABLE_FIELD_ENABLED8', 0, 'Y');
INSERT INTO `r_trans_attribute` VALUES (340, 2, 0, 'STEP_LOG_TABLE_FIELD_ID9', 0, 'LINES_INPUT');
INSERT INTO `r_trans_attribute` VALUES (341, 2, 0, 'STEP_LOG_TABLE_FIELD_NAME9', 0, 'LINES_INPUT');
INSERT INTO `r_trans_attribute` VALUES (342, 2, 0, 'STEP_LOG_TABLE_FIELD_ENABLED9', 0, 'Y');
INSERT INTO `r_trans_attribute` VALUES (343, 2, 0, 'STEP_LOG_TABLE_FIELD_ID10', 0, 'LINES_OUTPUT');
INSERT INTO `r_trans_attribute` VALUES (344, 2, 0, 'STEP_LOG_TABLE_FIELD_NAME10', 0, 'LINES_OUTPUT');
INSERT INTO `r_trans_attribute` VALUES (345, 2, 0, 'STEP_LOG_TABLE_FIELD_ENABLED10', 0, 'Y');
INSERT INTO `r_trans_attribute` VALUES (346, 2, 0, 'STEP_LOG_TABLE_FIELD_ID11', 0, 'LINES_REJECTED');
INSERT INTO `r_trans_attribute` VALUES (347, 2, 0, 'STEP_LOG_TABLE_FIELD_NAME11', 0, 'LINES_REJECTED');
INSERT INTO `r_trans_attribute` VALUES (348, 2, 0, 'STEP_LOG_TABLE_FIELD_ENABLED11', 0, 'Y');
INSERT INTO `r_trans_attribute` VALUES (349, 2, 0, 'STEP_LOG_TABLE_FIELD_ID12', 0, 'ERRORS');
INSERT INTO `r_trans_attribute` VALUES (350, 2, 0, 'STEP_LOG_TABLE_FIELD_NAME12', 0, 'ERRORS');
INSERT INTO `r_trans_attribute` VALUES (351, 2, 0, 'STEP_LOG_TABLE_FIELD_ENABLED12', 0, 'Y');
INSERT INTO `r_trans_attribute` VALUES (352, 2, 0, 'STEP_LOG_TABLE_FIELD_ID13', 0, 'LOG_FIELD');
INSERT INTO `r_trans_attribute` VALUES (353, 2, 0, 'STEP_LOG_TABLE_FIELD_NAME13', 0, 'LOG_FIELD');
INSERT INTO `r_trans_attribute` VALUES (354, 2, 0, 'STEP_LOG_TABLE_FIELD_ENABLED13', 0, 'N');
INSERT INTO `r_trans_attribute` VALUES (355, 2, 0, 'PERFORMANCE_LOG_TABLE_CONNECTION_NAME', 0, NULL);
INSERT INTO `r_trans_attribute` VALUES (356, 2, 0, 'PERFORMANCE_LOG_TABLE_SCHEMA_NAME', 0, NULL);
INSERT INTO `r_trans_attribute` VALUES (357, 2, 0, 'PERFORMANCE_LOG_TABLE_TABLE_NAME', 0, NULL);
INSERT INTO `r_trans_attribute` VALUES (358, 2, 0, 'PERFORMANCE_LOG_TABLE_TIMEOUT_IN_DAYS', 0, NULL);
INSERT INTO `r_trans_attribute` VALUES (359, 2, 0, 'PERFORMANCE_LOG_TABLE_FIELD_ID0', 0, 'ID_BATCH');
INSERT INTO `r_trans_attribute` VALUES (360, 2, 0, 'PERFORMANCE_LOG_TABLE_FIELD_NAME0', 0, 'ID_BATCH');
INSERT INTO `r_trans_attribute` VALUES (361, 2, 0, 'PERFORMANCE_LOG_TABLE_FIELD_ENABLED0', 0, 'Y');
INSERT INTO `r_trans_attribute` VALUES (362, 2, 0, 'PERFORMANCE_LOG_TABLE_FIELD_ID1', 0, 'SEQ_NR');
INSERT INTO `r_trans_attribute` VALUES (363, 2, 0, 'PERFORMANCE_LOG_TABLE_FIELD_NAME1', 0, 'SEQ_NR');
INSERT INTO `r_trans_attribute` VALUES (364, 2, 0, 'PERFORMANCE_LOG_TABLE_FIELD_ENABLED1', 0, 'Y');
INSERT INTO `r_trans_attribute` VALUES (365, 2, 0, 'PERFORMANCE_LOG_TABLE_FIELD_ID2', 0, 'LOGDATE');
INSERT INTO `r_trans_attribute` VALUES (366, 2, 0, 'PERFORMANCE_LOG_TABLE_FIELD_NAME2', 0, 'LOGDATE');
INSERT INTO `r_trans_attribute` VALUES (367, 2, 0, 'PERFORMANCE_LOG_TABLE_FIELD_ENABLED2', 0, 'Y');
INSERT INTO `r_trans_attribute` VALUES (368, 2, 0, 'PERFORMANCE_LOG_TABLE_FIELD_ID3', 0, 'TRANSNAME');
INSERT INTO `r_trans_attribute` VALUES (369, 2, 0, 'PERFORMANCE_LOG_TABLE_FIELD_NAME3', 0, 'TRANSNAME');
INSERT INTO `r_trans_attribute` VALUES (370, 2, 0, 'PERFORMANCE_LOG_TABLE_FIELD_ENABLED3', 0, 'Y');
INSERT INTO `r_trans_attribute` VALUES (371, 2, 0, 'PERFORMANCE_LOG_TABLE_FIELD_ID4', 0, 'STEPNAME');
INSERT INTO `r_trans_attribute` VALUES (372, 2, 0, 'PERFORMANCE_LOG_TABLE_FIELD_NAME4', 0, 'STEPNAME');
INSERT INTO `r_trans_attribute` VALUES (373, 2, 0, 'PERFORMANCE_LOG_TABLE_FIELD_ENABLED4', 0, 'Y');
INSERT INTO `r_trans_attribute` VALUES (374, 2, 0, 'PERFORMANCE_LOG_TABLE_FIELD_ID5', 0, 'STEP_COPY');
INSERT INTO `r_trans_attribute` VALUES (375, 2, 0, 'PERFORMANCE_LOG_TABLE_FIELD_NAME5', 0, 'STEP_COPY');
INSERT INTO `r_trans_attribute` VALUES (376, 2, 0, 'PERFORMANCE_LOG_TABLE_FIELD_ENABLED5', 0, 'Y');
INSERT INTO `r_trans_attribute` VALUES (377, 2, 0, 'PERFORMANCE_LOG_TABLE_FIELD_ID6', 0, 'LINES_READ');
INSERT INTO `r_trans_attribute` VALUES (378, 2, 0, 'PERFORMANCE_LOG_TABLE_FIELD_NAME6', 0, 'LINES_READ');
INSERT INTO `r_trans_attribute` VALUES (379, 2, 0, 'PERFORMANCE_LOG_TABLE_FIELD_ENABLED6', 0, 'Y');
INSERT INTO `r_trans_attribute` VALUES (380, 2, 0, 'PERFORMANCE_LOG_TABLE_FIELD_ID7', 0, 'LINES_WRITTEN');
INSERT INTO `r_trans_attribute` VALUES (381, 2, 0, 'PERFORMANCE_LOG_TABLE_FIELD_NAME7', 0, 'LINES_WRITTEN');
INSERT INTO `r_trans_attribute` VALUES (382, 2, 0, 'PERFORMANCE_LOG_TABLE_FIELD_ENABLED7', 0, 'Y');
INSERT INTO `r_trans_attribute` VALUES (383, 2, 0, 'PERFORMANCE_LOG_TABLE_FIELD_ID8', 0, 'LINES_UPDATED');
INSERT INTO `r_trans_attribute` VALUES (384, 2, 0, 'PERFORMANCE_LOG_TABLE_FIELD_NAME8', 0, 'LINES_UPDATED');
INSERT INTO `r_trans_attribute` VALUES (385, 2, 0, 'PERFORMANCE_LOG_TABLE_FIELD_ENABLED8', 0, 'Y');
INSERT INTO `r_trans_attribute` VALUES (386, 2, 0, 'PERFORMANCE_LOG_TABLE_FIELD_ID9', 0, 'LINES_INPUT');
INSERT INTO `r_trans_attribute` VALUES (387, 2, 0, 'PERFORMANCE_LOG_TABLE_FIELD_NAME9', 0, 'LINES_INPUT');
INSERT INTO `r_trans_attribute` VALUES (388, 2, 0, 'PERFORMANCE_LOG_TABLE_FIELD_ENABLED9', 0, 'Y');
INSERT INTO `r_trans_attribute` VALUES (389, 2, 0, 'PERFORMANCE_LOG_TABLE_FIELD_ID10', 0, 'LINES_OUTPUT');
INSERT INTO `r_trans_attribute` VALUES (390, 2, 0, 'PERFORMANCE_LOG_TABLE_FIELD_NAME10', 0, 'LINES_OUTPUT');
INSERT INTO `r_trans_attribute` VALUES (391, 2, 0, 'PERFORMANCE_LOG_TABLE_FIELD_ENABLED10', 0, 'Y');
INSERT INTO `r_trans_attribute` VALUES (392, 2, 0, 'PERFORMANCE_LOG_TABLE_FIELD_ID11', 0, 'LINES_REJECTED');
INSERT INTO `r_trans_attribute` VALUES (393, 2, 0, 'PERFORMANCE_LOG_TABLE_FIELD_NAME11', 0, 'LINES_REJECTED');
INSERT INTO `r_trans_attribute` VALUES (394, 2, 0, 'PERFORMANCE_LOG_TABLE_FIELD_ENABLED11', 0, 'Y');
INSERT INTO `r_trans_attribute` VALUES (395, 2, 0, 'PERFORMANCE_LOG_TABLE_FIELD_ID12', 0, 'ERRORS');
INSERT INTO `r_trans_attribute` VALUES (396, 2, 0, 'PERFORMANCE_LOG_TABLE_FIELD_NAME12', 0, 'ERRORS');
INSERT INTO `r_trans_attribute` VALUES (397, 2, 0, 'PERFORMANCE_LOG_TABLE_FIELD_ENABLED12', 0, 'Y');
INSERT INTO `r_trans_attribute` VALUES (398, 2, 0, 'PERFORMANCE_LOG_TABLE_FIELD_ID13', 0, 'INPUT_BUFFER_ROWS');
INSERT INTO `r_trans_attribute` VALUES (399, 2, 0, 'PERFORMANCE_LOG_TABLE_FIELD_NAME13', 0, 'INPUT_BUFFER_ROWS');
INSERT INTO `r_trans_attribute` VALUES (400, 2, 0, 'PERFORMANCE_LOG_TABLE_FIELD_ENABLED13', 0, 'Y');
INSERT INTO `r_trans_attribute` VALUES (401, 2, 0, 'PERFORMANCE_LOG_TABLE_FIELD_ID14', 0, 'OUTPUT_BUFFER_ROWS');
INSERT INTO `r_trans_attribute` VALUES (402, 2, 0, 'PERFORMANCE_LOG_TABLE_FIELD_NAME14', 0, 'OUTPUT_BUFFER_ROWS');
INSERT INTO `r_trans_attribute` VALUES (403, 2, 0, 'PERFORMANCE_LOG_TABLE_FIELD_ENABLED14', 0, 'Y');
INSERT INTO `r_trans_attribute` VALUES (404, 2, 0, 'PERFORMANCELOG_TABLE_INTERVAL', 0, NULL);
INSERT INTO `r_trans_attribute` VALUES (405, 2, 0, 'CHANNEL_LOG_TABLE_CONNECTION_NAME', 0, NULL);
INSERT INTO `r_trans_attribute` VALUES (406, 2, 0, 'CHANNEL_LOG_TABLE_SCHEMA_NAME', 0, NULL);
INSERT INTO `r_trans_attribute` VALUES (407, 2, 0, 'CHANNEL_LOG_TABLE_TABLE_NAME', 0, NULL);
INSERT INTO `r_trans_attribute` VALUES (408, 2, 0, 'CHANNEL_LOG_TABLE_TIMEOUT_IN_DAYS', 0, NULL);
INSERT INTO `r_trans_attribute` VALUES (409, 2, 0, 'CHANNEL_LOG_TABLE_FIELD_ID0', 0, 'ID_BATCH');
INSERT INTO `r_trans_attribute` VALUES (410, 2, 0, 'CHANNEL_LOG_TABLE_FIELD_NAME0', 0, 'ID_BATCH');
INSERT INTO `r_trans_attribute` VALUES (411, 2, 0, 'CHANNEL_LOG_TABLE_FIELD_ENABLED0', 0, 'Y');
INSERT INTO `r_trans_attribute` VALUES (412, 2, 0, 'CHANNEL_LOG_TABLE_FIELD_ID1', 0, 'CHANNEL_ID');
INSERT INTO `r_trans_attribute` VALUES (413, 2, 0, 'CHANNEL_LOG_TABLE_FIELD_NAME1', 0, 'CHANNEL_ID');
INSERT INTO `r_trans_attribute` VALUES (414, 2, 0, 'CHANNEL_LOG_TABLE_FIELD_ENABLED1', 0, 'Y');
INSERT INTO `r_trans_attribute` VALUES (415, 2, 0, 'CHANNEL_LOG_TABLE_FIELD_ID2', 0, 'LOG_DATE');
INSERT INTO `r_trans_attribute` VALUES (416, 2, 0, 'CHANNEL_LOG_TABLE_FIELD_NAME2', 0, 'LOG_DATE');
INSERT INTO `r_trans_attribute` VALUES (417, 2, 0, 'CHANNEL_LOG_TABLE_FIELD_ENABLED2', 0, 'Y');
INSERT INTO `r_trans_attribute` VALUES (418, 2, 0, 'CHANNEL_LOG_TABLE_FIELD_ID3', 0, 'LOGGING_OBJECT_TYPE');
INSERT INTO `r_trans_attribute` VALUES (419, 2, 0, 'CHANNEL_LOG_TABLE_FIELD_NAME3', 0, 'LOGGING_OBJECT_TYPE');
INSERT INTO `r_trans_attribute` VALUES (420, 2, 0, 'CHANNEL_LOG_TABLE_FIELD_ENABLED3', 0, 'Y');
INSERT INTO `r_trans_attribute` VALUES (421, 2, 0, 'CHANNEL_LOG_TABLE_FIELD_ID4', 0, 'OBJECT_NAME');
INSERT INTO `r_trans_attribute` VALUES (422, 2, 0, 'CHANNEL_LOG_TABLE_FIELD_NAME4', 0, 'OBJECT_NAME');
INSERT INTO `r_trans_attribute` VALUES (423, 2, 0, 'CHANNEL_LOG_TABLE_FIELD_ENABLED4', 0, 'Y');
INSERT INTO `r_trans_attribute` VALUES (424, 2, 0, 'CHANNEL_LOG_TABLE_FIELD_ID5', 0, 'OBJECT_COPY');
INSERT INTO `r_trans_attribute` VALUES (425, 2, 0, 'CHANNEL_LOG_TABLE_FIELD_NAME5', 0, 'OBJECT_COPY');
INSERT INTO `r_trans_attribute` VALUES (426, 2, 0, 'CHANNEL_LOG_TABLE_FIELD_ENABLED5', 0, 'Y');
INSERT INTO `r_trans_attribute` VALUES (427, 2, 0, 'CHANNEL_LOG_TABLE_FIELD_ID6', 0, 'REPOSITORY_DIRECTORY');
INSERT INTO `r_trans_attribute` VALUES (428, 2, 0, 'CHANNEL_LOG_TABLE_FIELD_NAME6', 0, 'REPOSITORY_DIRECTORY');
INSERT INTO `r_trans_attribute` VALUES (429, 2, 0, 'CHANNEL_LOG_TABLE_FIELD_ENABLED6', 0, 'Y');
INSERT INTO `r_trans_attribute` VALUES (430, 2, 0, 'CHANNEL_LOG_TABLE_FIELD_ID7', 0, 'FILENAME');
INSERT INTO `r_trans_attribute` VALUES (431, 2, 0, 'CHANNEL_LOG_TABLE_FIELD_NAME7', 0, 'FILENAME');
INSERT INTO `r_trans_attribute` VALUES (432, 2, 0, 'CHANNEL_LOG_TABLE_FIELD_ENABLED7', 0, 'Y');
INSERT INTO `r_trans_attribute` VALUES (433, 2, 0, 'CHANNEL_LOG_TABLE_FIELD_ID8', 0, 'OBJECT_ID');
INSERT INTO `r_trans_attribute` VALUES (434, 2, 0, 'CHANNEL_LOG_TABLE_FIELD_NAME8', 0, 'OBJECT_ID');
INSERT INTO `r_trans_attribute` VALUES (435, 2, 0, 'CHANNEL_LOG_TABLE_FIELD_ENABLED8', 0, 'Y');
INSERT INTO `r_trans_attribute` VALUES (436, 2, 0, 'CHANNEL_LOG_TABLE_FIELD_ID9', 0, 'OBJECT_REVISION');
INSERT INTO `r_trans_attribute` VALUES (437, 2, 0, 'CHANNEL_LOG_TABLE_FIELD_NAME9', 0, 'OBJECT_REVISION');
INSERT INTO `r_trans_attribute` VALUES (438, 2, 0, 'CHANNEL_LOG_TABLE_FIELD_ENABLED9', 0, 'Y');
INSERT INTO `r_trans_attribute` VALUES (439, 2, 0, 'CHANNEL_LOG_TABLE_FIELD_ID10', 0, 'PARENT_CHANNEL_ID');
INSERT INTO `r_trans_attribute` VALUES (440, 2, 0, 'CHANNEL_LOG_TABLE_FIELD_NAME10', 0, 'PARENT_CHANNEL_ID');
INSERT INTO `r_trans_attribute` VALUES (441, 2, 0, 'CHANNEL_LOG_TABLE_FIELD_ENABLED10', 0, 'Y');
INSERT INTO `r_trans_attribute` VALUES (442, 2, 0, 'CHANNEL_LOG_TABLE_FIELD_ID11', 0, 'ROOT_CHANNEL_ID');
INSERT INTO `r_trans_attribute` VALUES (443, 2, 0, 'CHANNEL_LOG_TABLE_FIELD_NAME11', 0, 'ROOT_CHANNEL_ID');
INSERT INTO `r_trans_attribute` VALUES (444, 2, 0, 'CHANNEL_LOG_TABLE_FIELD_ENABLED11', 0, 'Y');
INSERT INTO `r_trans_attribute` VALUES (445, 3, 0, 'UNIQUE_CONNECTIONS', 0, 'N');
INSERT INTO `r_trans_attribute` VALUES (446, 3, 0, 'FEEDBACK_SHOWN', 0, 'Y');
INSERT INTO `r_trans_attribute` VALUES (447, 3, 0, 'FEEDBACK_SIZE', 50000, NULL);
INSERT INTO `r_trans_attribute` VALUES (448, 3, 0, 'USING_THREAD_PRIORITIES', 0, 'Y');
INSERT INTO `r_trans_attribute` VALUES (449, 3, 0, 'SHARED_FILE', 0, NULL);
INSERT INTO `r_trans_attribute` VALUES (450, 3, 0, 'CAPTURE_STEP_PERFORMANCE', 0, 'N');
INSERT INTO `r_trans_attribute` VALUES (451, 3, 0, 'STEP_PERFORMANCE_CAPTURING_DELAY', 1000, NULL);
INSERT INTO `r_trans_attribute` VALUES (452, 3, 0, 'STEP_PERFORMANCE_CAPTURING_SIZE_LIMIT', 0, '100');
INSERT INTO `r_trans_attribute` VALUES (453, 3, 0, 'STEP_PERFORMANCE_LOG_TABLE', 0, NULL);
INSERT INTO `r_trans_attribute` VALUES (454, 3, 0, 'LOG_SIZE_LIMIT', 0, NULL);
INSERT INTO `r_trans_attribute` VALUES (455, 3, 0, 'LOG_INTERVAL', 0, NULL);
INSERT INTO `r_trans_attribute` VALUES (456, 3, 0, 'TRANSFORMATION_TYPE', 0, 'Normal');
INSERT INTO `r_trans_attribute` VALUES (457, 3, 0, 'SLEEP_TIME_EMPTY', 50, NULL);
INSERT INTO `r_trans_attribute` VALUES (458, 3, 0, 'SLEEP_TIME_FULL', 50, NULL);
INSERT INTO `r_trans_attribute` VALUES (459, 3, 0, 'TRANS_LOG_TABLE_CONNECTION_NAME', 0, NULL);
INSERT INTO `r_trans_attribute` VALUES (460, 3, 0, 'TRANS_LOG_TABLE_SCHEMA_NAME', 0, NULL);
INSERT INTO `r_trans_attribute` VALUES (461, 3, 0, 'TRANS_LOG_TABLE_TABLE_NAME', 0, NULL);
INSERT INTO `r_trans_attribute` VALUES (462, 3, 0, 'TRANS_LOG_TABLE_TIMEOUT_IN_DAYS', 0, NULL);
INSERT INTO `r_trans_attribute` VALUES (463, 3, 0, 'TRANS_LOG_TABLE_FIELD_ID0', 0, 'ID_BATCH');
INSERT INTO `r_trans_attribute` VALUES (464, 3, 0, 'TRANS_LOG_TABLE_FIELD_NAME0', 0, 'ID_BATCH');
INSERT INTO `r_trans_attribute` VALUES (465, 3, 0, 'TRANS_LOG_TABLE_FIELD_ENABLED0', 0, 'Y');
INSERT INTO `r_trans_attribute` VALUES (466, 3, 0, 'TRANS_LOG_TABLE_FIELD_ID1', 0, 'CHANNEL_ID');
INSERT INTO `r_trans_attribute` VALUES (467, 3, 0, 'TRANS_LOG_TABLE_FIELD_NAME1', 0, 'CHANNEL_ID');
INSERT INTO `r_trans_attribute` VALUES (468, 3, 0, 'TRANS_LOG_TABLE_FIELD_ENABLED1', 0, 'Y');
INSERT INTO `r_trans_attribute` VALUES (469, 3, 0, 'TRANS_LOG_TABLE_FIELD_ID2', 0, 'TRANSNAME');
INSERT INTO `r_trans_attribute` VALUES (470, 3, 0, 'TRANS_LOG_TABLE_FIELD_NAME2', 0, 'TRANSNAME');
INSERT INTO `r_trans_attribute` VALUES (471, 3, 0, 'TRANS_LOG_TABLE_FIELD_ENABLED2', 0, 'Y');
INSERT INTO `r_trans_attribute` VALUES (472, 3, 0, 'TRANS_LOG_TABLE_FIELD_ID3', 0, 'STATUS');
INSERT INTO `r_trans_attribute` VALUES (473, 3, 0, 'TRANS_LOG_TABLE_FIELD_NAME3', 0, 'STATUS');
INSERT INTO `r_trans_attribute` VALUES (474, 3, 0, 'TRANS_LOG_TABLE_FIELD_ENABLED3', 0, 'Y');
INSERT INTO `r_trans_attribute` VALUES (475, 3, 0, 'TRANS_LOG_TABLE_FIELD_ID4', 0, 'LINES_READ');
INSERT INTO `r_trans_attribute` VALUES (476, 3, 0, 'TRANS_LOG_TABLE_FIELD_NAME4', 0, 'LINES_READ');
INSERT INTO `r_trans_attribute` VALUES (477, 3, 0, 'TRANS_LOG_TABLE_FIELD_ENABLED4', 0, 'Y');
INSERT INTO `r_trans_attribute` VALUES (478, 3, 0, 'TRANS_LOG_TABLE_FIELD_SUBJECT4', 0, NULL);
INSERT INTO `r_trans_attribute` VALUES (479, 3, 0, 'TRANS_LOG_TABLE_FIELD_ID5', 0, 'LINES_WRITTEN');
INSERT INTO `r_trans_attribute` VALUES (480, 3, 0, 'TRANS_LOG_TABLE_FIELD_NAME5', 0, 'LINES_WRITTEN');
INSERT INTO `r_trans_attribute` VALUES (481, 3, 0, 'TRANS_LOG_TABLE_FIELD_ENABLED5', 0, 'Y');
INSERT INTO `r_trans_attribute` VALUES (482, 3, 0, 'TRANS_LOG_TABLE_FIELD_SUBJECT5', 0, NULL);
INSERT INTO `r_trans_attribute` VALUES (483, 3, 0, 'TRANS_LOG_TABLE_FIELD_ID6', 0, 'LINES_UPDATED');
INSERT INTO `r_trans_attribute` VALUES (484, 3, 0, 'TRANS_LOG_TABLE_FIELD_NAME6', 0, 'LINES_UPDATED');
INSERT INTO `r_trans_attribute` VALUES (485, 3, 0, 'TRANS_LOG_TABLE_FIELD_ENABLED6', 0, 'Y');
INSERT INTO `r_trans_attribute` VALUES (486, 3, 0, 'TRANS_LOG_TABLE_FIELD_SUBJECT6', 0, NULL);
INSERT INTO `r_trans_attribute` VALUES (487, 3, 0, 'TRANS_LOG_TABLE_FIELD_ID7', 0, 'LINES_INPUT');
INSERT INTO `r_trans_attribute` VALUES (488, 3, 0, 'TRANS_LOG_TABLE_FIELD_NAME7', 0, 'LINES_INPUT');
INSERT INTO `r_trans_attribute` VALUES (489, 3, 0, 'TRANS_LOG_TABLE_FIELD_ENABLED7', 0, 'Y');
INSERT INTO `r_trans_attribute` VALUES (490, 3, 0, 'TRANS_LOG_TABLE_FIELD_SUBJECT7', 0, NULL);
INSERT INTO `r_trans_attribute` VALUES (491, 3, 0, 'TRANS_LOG_TABLE_FIELD_ID8', 0, 'LINES_OUTPUT');
INSERT INTO `r_trans_attribute` VALUES (492, 3, 0, 'TRANS_LOG_TABLE_FIELD_NAME8', 0, 'LINES_OUTPUT');
INSERT INTO `r_trans_attribute` VALUES (493, 3, 0, 'TRANS_LOG_TABLE_FIELD_ENABLED8', 0, 'Y');
INSERT INTO `r_trans_attribute` VALUES (494, 3, 0, 'TRANS_LOG_TABLE_FIELD_SUBJECT8', 0, NULL);
INSERT INTO `r_trans_attribute` VALUES (495, 3, 0, 'TRANS_LOG_TABLE_FIELD_ID9', 0, 'LINES_REJECTED');
INSERT INTO `r_trans_attribute` VALUES (496, 3, 0, 'TRANS_LOG_TABLE_FIELD_NAME9', 0, 'LINES_REJECTED');
INSERT INTO `r_trans_attribute` VALUES (497, 3, 0, 'TRANS_LOG_TABLE_FIELD_ENABLED9', 0, 'Y');
INSERT INTO `r_trans_attribute` VALUES (498, 3, 0, 'TRANS_LOG_TABLE_FIELD_SUBJECT9', 0, NULL);
INSERT INTO `r_trans_attribute` VALUES (499, 3, 0, 'TRANS_LOG_TABLE_FIELD_ID10', 0, 'ERRORS');
INSERT INTO `r_trans_attribute` VALUES (500, 3, 0, 'TRANS_LOG_TABLE_FIELD_NAME10', 0, 'ERRORS');
INSERT INTO `r_trans_attribute` VALUES (501, 3, 0, 'TRANS_LOG_TABLE_FIELD_ENABLED10', 0, 'Y');
INSERT INTO `r_trans_attribute` VALUES (502, 3, 0, 'TRANS_LOG_TABLE_FIELD_ID11', 0, 'STARTDATE');
INSERT INTO `r_trans_attribute` VALUES (503, 3, 0, 'TRANS_LOG_TABLE_FIELD_NAME11', 0, 'STARTDATE');
INSERT INTO `r_trans_attribute` VALUES (504, 3, 0, 'TRANS_LOG_TABLE_FIELD_ENABLED11', 0, 'Y');
INSERT INTO `r_trans_attribute` VALUES (505, 3, 0, 'TRANS_LOG_TABLE_FIELD_ID12', 0, 'ENDDATE');
INSERT INTO `r_trans_attribute` VALUES (506, 3, 0, 'TRANS_LOG_TABLE_FIELD_NAME12', 0, 'ENDDATE');
INSERT INTO `r_trans_attribute` VALUES (507, 3, 0, 'TRANS_LOG_TABLE_FIELD_ENABLED12', 0, 'Y');
INSERT INTO `r_trans_attribute` VALUES (508, 3, 0, 'TRANS_LOG_TABLE_FIELD_ID13', 0, 'LOGDATE');
INSERT INTO `r_trans_attribute` VALUES (509, 3, 0, 'TRANS_LOG_TABLE_FIELD_NAME13', 0, 'LOGDATE');
INSERT INTO `r_trans_attribute` VALUES (510, 3, 0, 'TRANS_LOG_TABLE_FIELD_ENABLED13', 0, 'Y');
INSERT INTO `r_trans_attribute` VALUES (511, 3, 0, 'TRANS_LOG_TABLE_FIELD_ID14', 0, 'DEPDATE');
INSERT INTO `r_trans_attribute` VALUES (512, 3, 0, 'TRANS_LOG_TABLE_FIELD_NAME14', 0, 'DEPDATE');
INSERT INTO `r_trans_attribute` VALUES (513, 3, 0, 'TRANS_LOG_TABLE_FIELD_ENABLED14', 0, 'Y');
INSERT INTO `r_trans_attribute` VALUES (514, 3, 0, 'TRANS_LOG_TABLE_FIELD_ID15', 0, 'REPLAYDATE');
INSERT INTO `r_trans_attribute` VALUES (515, 3, 0, 'TRANS_LOG_TABLE_FIELD_NAME15', 0, 'REPLAYDATE');
INSERT INTO `r_trans_attribute` VALUES (516, 3, 0, 'TRANS_LOG_TABLE_FIELD_ENABLED15', 0, 'Y');
INSERT INTO `r_trans_attribute` VALUES (517, 3, 0, 'TRANS_LOG_TABLE_FIELD_ID16', 0, 'LOG_FIELD');
INSERT INTO `r_trans_attribute` VALUES (518, 3, 0, 'TRANS_LOG_TABLE_FIELD_NAME16', 0, 'LOG_FIELD');
INSERT INTO `r_trans_attribute` VALUES (519, 3, 0, 'TRANS_LOG_TABLE_FIELD_ENABLED16', 0, 'Y');
INSERT INTO `r_trans_attribute` VALUES (520, 3, 0, 'TRANS_LOG_TABLE_FIELD_ID17', 0, 'EXECUTING_SERVER');
INSERT INTO `r_trans_attribute` VALUES (521, 3, 0, 'TRANS_LOG_TABLE_FIELD_NAME17', 0, 'EXECUTING_SERVER');
INSERT INTO `r_trans_attribute` VALUES (522, 3, 0, 'TRANS_LOG_TABLE_FIELD_ENABLED17', 0, 'N');
INSERT INTO `r_trans_attribute` VALUES (523, 3, 0, 'TRANS_LOG_TABLE_FIELD_ID18', 0, 'EXECUTING_USER');
INSERT INTO `r_trans_attribute` VALUES (524, 3, 0, 'TRANS_LOG_TABLE_FIELD_NAME18', 0, 'EXECUTING_USER');
INSERT INTO `r_trans_attribute` VALUES (525, 3, 0, 'TRANS_LOG_TABLE_FIELD_ENABLED18', 0, 'N');
INSERT INTO `r_trans_attribute` VALUES (526, 3, 0, 'TRANS_LOG_TABLE_FIELD_ID19', 0, 'CLIENT');
INSERT INTO `r_trans_attribute` VALUES (527, 3, 0, 'TRANS_LOG_TABLE_FIELD_NAME19', 0, 'CLIENT');
INSERT INTO `r_trans_attribute` VALUES (528, 3, 0, 'TRANS_LOG_TABLE_FIELD_ENABLED19', 0, 'N');
INSERT INTO `r_trans_attribute` VALUES (529, 3, 0, 'TRANSLOG_TABLE_INTERVAL', 0, NULL);
INSERT INTO `r_trans_attribute` VALUES (530, 3, 0, 'TRANSLOG_TABLE_SIZE_LIMIT', 0, NULL);
INSERT INTO `r_trans_attribute` VALUES (531, 3, 0, 'STEP_LOG_TABLE_CONNECTION_NAME', 0, NULL);
INSERT INTO `r_trans_attribute` VALUES (532, 3, 0, 'STEP_LOG_TABLE_SCHEMA_NAME', 0, NULL);
INSERT INTO `r_trans_attribute` VALUES (533, 3, 0, 'STEP_LOG_TABLE_TABLE_NAME', 0, NULL);
INSERT INTO `r_trans_attribute` VALUES (534, 3, 0, 'STEP_LOG_TABLE_TIMEOUT_IN_DAYS', 0, NULL);
INSERT INTO `r_trans_attribute` VALUES (535, 3, 0, 'STEP_LOG_TABLE_FIELD_ID0', 0, 'ID_BATCH');
INSERT INTO `r_trans_attribute` VALUES (536, 3, 0, 'STEP_LOG_TABLE_FIELD_NAME0', 0, 'ID_BATCH');
INSERT INTO `r_trans_attribute` VALUES (537, 3, 0, 'STEP_LOG_TABLE_FIELD_ENABLED0', 0, 'Y');
INSERT INTO `r_trans_attribute` VALUES (538, 3, 0, 'STEP_LOG_TABLE_FIELD_ID1', 0, 'CHANNEL_ID');
INSERT INTO `r_trans_attribute` VALUES (539, 3, 0, 'STEP_LOG_TABLE_FIELD_NAME1', 0, 'CHANNEL_ID');
INSERT INTO `r_trans_attribute` VALUES (540, 3, 0, 'STEP_LOG_TABLE_FIELD_ENABLED1', 0, 'Y');
INSERT INTO `r_trans_attribute` VALUES (541, 3, 0, 'STEP_LOG_TABLE_FIELD_ID2', 0, 'LOG_DATE');
INSERT INTO `r_trans_attribute` VALUES (542, 3, 0, 'STEP_LOG_TABLE_FIELD_NAME2', 0, 'LOG_DATE');
INSERT INTO `r_trans_attribute` VALUES (543, 3, 0, 'STEP_LOG_TABLE_FIELD_ENABLED2', 0, 'Y');
INSERT INTO `r_trans_attribute` VALUES (544, 3, 0, 'STEP_LOG_TABLE_FIELD_ID3', 0, 'TRANSNAME');
INSERT INTO `r_trans_attribute` VALUES (545, 3, 0, 'STEP_LOG_TABLE_FIELD_NAME3', 0, 'TRANSNAME');
INSERT INTO `r_trans_attribute` VALUES (546, 3, 0, 'STEP_LOG_TABLE_FIELD_ENABLED3', 0, 'Y');
INSERT INTO `r_trans_attribute` VALUES (547, 3, 0, 'STEP_LOG_TABLE_FIELD_ID4', 0, 'STEPNAME');
INSERT INTO `r_trans_attribute` VALUES (548, 3, 0, 'STEP_LOG_TABLE_FIELD_NAME4', 0, 'STEPNAME');
INSERT INTO `r_trans_attribute` VALUES (549, 3, 0, 'STEP_LOG_TABLE_FIELD_ENABLED4', 0, 'Y');
INSERT INTO `r_trans_attribute` VALUES (550, 3, 0, 'STEP_LOG_TABLE_FIELD_ID5', 0, 'STEP_COPY');
INSERT INTO `r_trans_attribute` VALUES (551, 3, 0, 'STEP_LOG_TABLE_FIELD_NAME5', 0, 'STEP_COPY');
INSERT INTO `r_trans_attribute` VALUES (552, 3, 0, 'STEP_LOG_TABLE_FIELD_ENABLED5', 0, 'Y');
INSERT INTO `r_trans_attribute` VALUES (553, 3, 0, 'STEP_LOG_TABLE_FIELD_ID6', 0, 'LINES_READ');
INSERT INTO `r_trans_attribute` VALUES (554, 3, 0, 'STEP_LOG_TABLE_FIELD_NAME6', 0, 'LINES_READ');
INSERT INTO `r_trans_attribute` VALUES (555, 3, 0, 'STEP_LOG_TABLE_FIELD_ENABLED6', 0, 'Y');
INSERT INTO `r_trans_attribute` VALUES (556, 3, 0, 'STEP_LOG_TABLE_FIELD_ID7', 0, 'LINES_WRITTEN');
INSERT INTO `r_trans_attribute` VALUES (557, 3, 0, 'STEP_LOG_TABLE_FIELD_NAME7', 0, 'LINES_WRITTEN');
INSERT INTO `r_trans_attribute` VALUES (558, 3, 0, 'STEP_LOG_TABLE_FIELD_ENABLED7', 0, 'Y');
INSERT INTO `r_trans_attribute` VALUES (559, 3, 0, 'STEP_LOG_TABLE_FIELD_ID8', 0, 'LINES_UPDATED');
INSERT INTO `r_trans_attribute` VALUES (560, 3, 0, 'STEP_LOG_TABLE_FIELD_NAME8', 0, 'LINES_UPDATED');
INSERT INTO `r_trans_attribute` VALUES (561, 3, 0, 'STEP_LOG_TABLE_FIELD_ENABLED8', 0, 'Y');
INSERT INTO `r_trans_attribute` VALUES (562, 3, 0, 'STEP_LOG_TABLE_FIELD_ID9', 0, 'LINES_INPUT');
INSERT INTO `r_trans_attribute` VALUES (563, 3, 0, 'STEP_LOG_TABLE_FIELD_NAME9', 0, 'LINES_INPUT');
INSERT INTO `r_trans_attribute` VALUES (564, 3, 0, 'STEP_LOG_TABLE_FIELD_ENABLED9', 0, 'Y');
INSERT INTO `r_trans_attribute` VALUES (565, 3, 0, 'STEP_LOG_TABLE_FIELD_ID10', 0, 'LINES_OUTPUT');
INSERT INTO `r_trans_attribute` VALUES (566, 3, 0, 'STEP_LOG_TABLE_FIELD_NAME10', 0, 'LINES_OUTPUT');
INSERT INTO `r_trans_attribute` VALUES (567, 3, 0, 'STEP_LOG_TABLE_FIELD_ENABLED10', 0, 'Y');
INSERT INTO `r_trans_attribute` VALUES (568, 3, 0, 'STEP_LOG_TABLE_FIELD_ID11', 0, 'LINES_REJECTED');
INSERT INTO `r_trans_attribute` VALUES (569, 3, 0, 'STEP_LOG_TABLE_FIELD_NAME11', 0, 'LINES_REJECTED');
INSERT INTO `r_trans_attribute` VALUES (570, 3, 0, 'STEP_LOG_TABLE_FIELD_ENABLED11', 0, 'Y');
INSERT INTO `r_trans_attribute` VALUES (571, 3, 0, 'STEP_LOG_TABLE_FIELD_ID12', 0, 'ERRORS');
INSERT INTO `r_trans_attribute` VALUES (572, 3, 0, 'STEP_LOG_TABLE_FIELD_NAME12', 0, 'ERRORS');
INSERT INTO `r_trans_attribute` VALUES (573, 3, 0, 'STEP_LOG_TABLE_FIELD_ENABLED12', 0, 'Y');
INSERT INTO `r_trans_attribute` VALUES (574, 3, 0, 'STEP_LOG_TABLE_FIELD_ID13', 0, 'LOG_FIELD');
INSERT INTO `r_trans_attribute` VALUES (575, 3, 0, 'STEP_LOG_TABLE_FIELD_NAME13', 0, 'LOG_FIELD');
INSERT INTO `r_trans_attribute` VALUES (576, 3, 0, 'STEP_LOG_TABLE_FIELD_ENABLED13', 0, 'N');
INSERT INTO `r_trans_attribute` VALUES (577, 3, 0, 'PERFORMANCE_LOG_TABLE_CONNECTION_NAME', 0, NULL);
INSERT INTO `r_trans_attribute` VALUES (578, 3, 0, 'PERFORMANCE_LOG_TABLE_SCHEMA_NAME', 0, NULL);
INSERT INTO `r_trans_attribute` VALUES (579, 3, 0, 'PERFORMANCE_LOG_TABLE_TABLE_NAME', 0, NULL);
INSERT INTO `r_trans_attribute` VALUES (580, 3, 0, 'PERFORMANCE_LOG_TABLE_TIMEOUT_IN_DAYS', 0, NULL);
INSERT INTO `r_trans_attribute` VALUES (581, 3, 0, 'PERFORMANCE_LOG_TABLE_FIELD_ID0', 0, 'ID_BATCH');
INSERT INTO `r_trans_attribute` VALUES (582, 3, 0, 'PERFORMANCE_LOG_TABLE_FIELD_NAME0', 0, 'ID_BATCH');
INSERT INTO `r_trans_attribute` VALUES (583, 3, 0, 'PERFORMANCE_LOG_TABLE_FIELD_ENABLED0', 0, 'Y');
INSERT INTO `r_trans_attribute` VALUES (584, 3, 0, 'PERFORMANCE_LOG_TABLE_FIELD_ID1', 0, 'SEQ_NR');
INSERT INTO `r_trans_attribute` VALUES (585, 3, 0, 'PERFORMANCE_LOG_TABLE_FIELD_NAME1', 0, 'SEQ_NR');
INSERT INTO `r_trans_attribute` VALUES (586, 3, 0, 'PERFORMANCE_LOG_TABLE_FIELD_ENABLED1', 0, 'Y');
INSERT INTO `r_trans_attribute` VALUES (587, 3, 0, 'PERFORMANCE_LOG_TABLE_FIELD_ID2', 0, 'LOGDATE');
INSERT INTO `r_trans_attribute` VALUES (588, 3, 0, 'PERFORMANCE_LOG_TABLE_FIELD_NAME2', 0, 'LOGDATE');
INSERT INTO `r_trans_attribute` VALUES (589, 3, 0, 'PERFORMANCE_LOG_TABLE_FIELD_ENABLED2', 0, 'Y');
INSERT INTO `r_trans_attribute` VALUES (590, 3, 0, 'PERFORMANCE_LOG_TABLE_FIELD_ID3', 0, 'TRANSNAME');
INSERT INTO `r_trans_attribute` VALUES (591, 3, 0, 'PERFORMANCE_LOG_TABLE_FIELD_NAME3', 0, 'TRANSNAME');
INSERT INTO `r_trans_attribute` VALUES (592, 3, 0, 'PERFORMANCE_LOG_TABLE_FIELD_ENABLED3', 0, 'Y');
INSERT INTO `r_trans_attribute` VALUES (593, 3, 0, 'PERFORMANCE_LOG_TABLE_FIELD_ID4', 0, 'STEPNAME');
INSERT INTO `r_trans_attribute` VALUES (594, 3, 0, 'PERFORMANCE_LOG_TABLE_FIELD_NAME4', 0, 'STEPNAME');
INSERT INTO `r_trans_attribute` VALUES (595, 3, 0, 'PERFORMANCE_LOG_TABLE_FIELD_ENABLED4', 0, 'Y');
INSERT INTO `r_trans_attribute` VALUES (596, 3, 0, 'PERFORMANCE_LOG_TABLE_FIELD_ID5', 0, 'STEP_COPY');
INSERT INTO `r_trans_attribute` VALUES (597, 3, 0, 'PERFORMANCE_LOG_TABLE_FIELD_NAME5', 0, 'STEP_COPY');
INSERT INTO `r_trans_attribute` VALUES (598, 3, 0, 'PERFORMANCE_LOG_TABLE_FIELD_ENABLED5', 0, 'Y');
INSERT INTO `r_trans_attribute` VALUES (599, 3, 0, 'PERFORMANCE_LOG_TABLE_FIELD_ID6', 0, 'LINES_READ');
INSERT INTO `r_trans_attribute` VALUES (600, 3, 0, 'PERFORMANCE_LOG_TABLE_FIELD_NAME6', 0, 'LINES_READ');
INSERT INTO `r_trans_attribute` VALUES (601, 3, 0, 'PERFORMANCE_LOG_TABLE_FIELD_ENABLED6', 0, 'Y');
INSERT INTO `r_trans_attribute` VALUES (602, 3, 0, 'PERFORMANCE_LOG_TABLE_FIELD_ID7', 0, 'LINES_WRITTEN');
INSERT INTO `r_trans_attribute` VALUES (603, 3, 0, 'PERFORMANCE_LOG_TABLE_FIELD_NAME7', 0, 'LINES_WRITTEN');
INSERT INTO `r_trans_attribute` VALUES (604, 3, 0, 'PERFORMANCE_LOG_TABLE_FIELD_ENABLED7', 0, 'Y');
INSERT INTO `r_trans_attribute` VALUES (605, 3, 0, 'PERFORMANCE_LOG_TABLE_FIELD_ID8', 0, 'LINES_UPDATED');
INSERT INTO `r_trans_attribute` VALUES (606, 3, 0, 'PERFORMANCE_LOG_TABLE_FIELD_NAME8', 0, 'LINES_UPDATED');
INSERT INTO `r_trans_attribute` VALUES (607, 3, 0, 'PERFORMANCE_LOG_TABLE_FIELD_ENABLED8', 0, 'Y');
INSERT INTO `r_trans_attribute` VALUES (608, 3, 0, 'PERFORMANCE_LOG_TABLE_FIELD_ID9', 0, 'LINES_INPUT');
INSERT INTO `r_trans_attribute` VALUES (609, 3, 0, 'PERFORMANCE_LOG_TABLE_FIELD_NAME9', 0, 'LINES_INPUT');
INSERT INTO `r_trans_attribute` VALUES (610, 3, 0, 'PERFORMANCE_LOG_TABLE_FIELD_ENABLED9', 0, 'Y');
INSERT INTO `r_trans_attribute` VALUES (611, 3, 0, 'PERFORMANCE_LOG_TABLE_FIELD_ID10', 0, 'LINES_OUTPUT');
INSERT INTO `r_trans_attribute` VALUES (612, 3, 0, 'PERFORMANCE_LOG_TABLE_FIELD_NAME10', 0, 'LINES_OUTPUT');
INSERT INTO `r_trans_attribute` VALUES (613, 3, 0, 'PERFORMANCE_LOG_TABLE_FIELD_ENABLED10', 0, 'Y');
INSERT INTO `r_trans_attribute` VALUES (614, 3, 0, 'PERFORMANCE_LOG_TABLE_FIELD_ID11', 0, 'LINES_REJECTED');
INSERT INTO `r_trans_attribute` VALUES (615, 3, 0, 'PERFORMANCE_LOG_TABLE_FIELD_NAME11', 0, 'LINES_REJECTED');
INSERT INTO `r_trans_attribute` VALUES (616, 3, 0, 'PERFORMANCE_LOG_TABLE_FIELD_ENABLED11', 0, 'Y');
INSERT INTO `r_trans_attribute` VALUES (617, 3, 0, 'PERFORMANCE_LOG_TABLE_FIELD_ID12', 0, 'ERRORS');
INSERT INTO `r_trans_attribute` VALUES (618, 3, 0, 'PERFORMANCE_LOG_TABLE_FIELD_NAME12', 0, 'ERRORS');
INSERT INTO `r_trans_attribute` VALUES (619, 3, 0, 'PERFORMANCE_LOG_TABLE_FIELD_ENABLED12', 0, 'Y');
INSERT INTO `r_trans_attribute` VALUES (620, 3, 0, 'PERFORMANCE_LOG_TABLE_FIELD_ID13', 0, 'INPUT_BUFFER_ROWS');
INSERT INTO `r_trans_attribute` VALUES (621, 3, 0, 'PERFORMANCE_LOG_TABLE_FIELD_NAME13', 0, 'INPUT_BUFFER_ROWS');
INSERT INTO `r_trans_attribute` VALUES (622, 3, 0, 'PERFORMANCE_LOG_TABLE_FIELD_ENABLED13', 0, 'Y');
INSERT INTO `r_trans_attribute` VALUES (623, 3, 0, 'PERFORMANCE_LOG_TABLE_FIELD_ID14', 0, 'OUTPUT_BUFFER_ROWS');
INSERT INTO `r_trans_attribute` VALUES (624, 3, 0, 'PERFORMANCE_LOG_TABLE_FIELD_NAME14', 0, 'OUTPUT_BUFFER_ROWS');
INSERT INTO `r_trans_attribute` VALUES (625, 3, 0, 'PERFORMANCE_LOG_TABLE_FIELD_ENABLED14', 0, 'Y');
INSERT INTO `r_trans_attribute` VALUES (626, 3, 0, 'PERFORMANCELOG_TABLE_INTERVAL', 0, NULL);
INSERT INTO `r_trans_attribute` VALUES (627, 3, 0, 'CHANNEL_LOG_TABLE_CONNECTION_NAME', 0, NULL);
INSERT INTO `r_trans_attribute` VALUES (628, 3, 0, 'CHANNEL_LOG_TABLE_SCHEMA_NAME', 0, NULL);
INSERT INTO `r_trans_attribute` VALUES (629, 3, 0, 'CHANNEL_LOG_TABLE_TABLE_NAME', 0, NULL);
INSERT INTO `r_trans_attribute` VALUES (630, 3, 0, 'CHANNEL_LOG_TABLE_TIMEOUT_IN_DAYS', 0, NULL);
INSERT INTO `r_trans_attribute` VALUES (631, 3, 0, 'CHANNEL_LOG_TABLE_FIELD_ID0', 0, 'ID_BATCH');
INSERT INTO `r_trans_attribute` VALUES (632, 3, 0, 'CHANNEL_LOG_TABLE_FIELD_NAME0', 0, 'ID_BATCH');
INSERT INTO `r_trans_attribute` VALUES (633, 3, 0, 'CHANNEL_LOG_TABLE_FIELD_ENABLED0', 0, 'Y');
INSERT INTO `r_trans_attribute` VALUES (634, 3, 0, 'CHANNEL_LOG_TABLE_FIELD_ID1', 0, 'CHANNEL_ID');
INSERT INTO `r_trans_attribute` VALUES (635, 3, 0, 'CHANNEL_LOG_TABLE_FIELD_NAME1', 0, 'CHANNEL_ID');
INSERT INTO `r_trans_attribute` VALUES (636, 3, 0, 'CHANNEL_LOG_TABLE_FIELD_ENABLED1', 0, 'Y');
INSERT INTO `r_trans_attribute` VALUES (637, 3, 0, 'CHANNEL_LOG_TABLE_FIELD_ID2', 0, 'LOG_DATE');
INSERT INTO `r_trans_attribute` VALUES (638, 3, 0, 'CHANNEL_LOG_TABLE_FIELD_NAME2', 0, 'LOG_DATE');
INSERT INTO `r_trans_attribute` VALUES (639, 3, 0, 'CHANNEL_LOG_TABLE_FIELD_ENABLED2', 0, 'Y');
INSERT INTO `r_trans_attribute` VALUES (640, 3, 0, 'CHANNEL_LOG_TABLE_FIELD_ID3', 0, 'LOGGING_OBJECT_TYPE');
INSERT INTO `r_trans_attribute` VALUES (641, 3, 0, 'CHANNEL_LOG_TABLE_FIELD_NAME3', 0, 'LOGGING_OBJECT_TYPE');
INSERT INTO `r_trans_attribute` VALUES (642, 3, 0, 'CHANNEL_LOG_TABLE_FIELD_ENABLED3', 0, 'Y');
INSERT INTO `r_trans_attribute` VALUES (643, 3, 0, 'CHANNEL_LOG_TABLE_FIELD_ID4', 0, 'OBJECT_NAME');
INSERT INTO `r_trans_attribute` VALUES (644, 3, 0, 'CHANNEL_LOG_TABLE_FIELD_NAME4', 0, 'OBJECT_NAME');
INSERT INTO `r_trans_attribute` VALUES (645, 3, 0, 'CHANNEL_LOG_TABLE_FIELD_ENABLED4', 0, 'Y');
INSERT INTO `r_trans_attribute` VALUES (646, 3, 0, 'CHANNEL_LOG_TABLE_FIELD_ID5', 0, 'OBJECT_COPY');
INSERT INTO `r_trans_attribute` VALUES (647, 3, 0, 'CHANNEL_LOG_TABLE_FIELD_NAME5', 0, 'OBJECT_COPY');
INSERT INTO `r_trans_attribute` VALUES (648, 3, 0, 'CHANNEL_LOG_TABLE_FIELD_ENABLED5', 0, 'Y');
INSERT INTO `r_trans_attribute` VALUES (649, 3, 0, 'CHANNEL_LOG_TABLE_FIELD_ID6', 0, 'REPOSITORY_DIRECTORY');
INSERT INTO `r_trans_attribute` VALUES (650, 3, 0, 'CHANNEL_LOG_TABLE_FIELD_NAME6', 0, 'REPOSITORY_DIRECTORY');
INSERT INTO `r_trans_attribute` VALUES (651, 3, 0, 'CHANNEL_LOG_TABLE_FIELD_ENABLED6', 0, 'Y');
INSERT INTO `r_trans_attribute` VALUES (652, 3, 0, 'CHANNEL_LOG_TABLE_FIELD_ID7', 0, 'FILENAME');
INSERT INTO `r_trans_attribute` VALUES (653, 3, 0, 'CHANNEL_LOG_TABLE_FIELD_NAME7', 0, 'FILENAME');
INSERT INTO `r_trans_attribute` VALUES (654, 3, 0, 'CHANNEL_LOG_TABLE_FIELD_ENABLED7', 0, 'Y');
INSERT INTO `r_trans_attribute` VALUES (655, 3, 0, 'CHANNEL_LOG_TABLE_FIELD_ID8', 0, 'OBJECT_ID');
INSERT INTO `r_trans_attribute` VALUES (656, 3, 0, 'CHANNEL_LOG_TABLE_FIELD_NAME8', 0, 'OBJECT_ID');
INSERT INTO `r_trans_attribute` VALUES (657, 3, 0, 'CHANNEL_LOG_TABLE_FIELD_ENABLED8', 0, 'Y');
INSERT INTO `r_trans_attribute` VALUES (658, 3, 0, 'CHANNEL_LOG_TABLE_FIELD_ID9', 0, 'OBJECT_REVISION');
INSERT INTO `r_trans_attribute` VALUES (659, 3, 0, 'CHANNEL_LOG_TABLE_FIELD_NAME9', 0, 'OBJECT_REVISION');
INSERT INTO `r_trans_attribute` VALUES (660, 3, 0, 'CHANNEL_LOG_TABLE_FIELD_ENABLED9', 0, 'Y');
INSERT INTO `r_trans_attribute` VALUES (661, 3, 0, 'CHANNEL_LOG_TABLE_FIELD_ID10', 0, 'PARENT_CHANNEL_ID');
INSERT INTO `r_trans_attribute` VALUES (662, 3, 0, 'CHANNEL_LOG_TABLE_FIELD_NAME10', 0, 'PARENT_CHANNEL_ID');
INSERT INTO `r_trans_attribute` VALUES (663, 3, 0, 'CHANNEL_LOG_TABLE_FIELD_ENABLED10', 0, 'Y');
INSERT INTO `r_trans_attribute` VALUES (664, 3, 0, 'CHANNEL_LOG_TABLE_FIELD_ID11', 0, 'ROOT_CHANNEL_ID');
INSERT INTO `r_trans_attribute` VALUES (665, 3, 0, 'CHANNEL_LOG_TABLE_FIELD_NAME11', 0, 'ROOT_CHANNEL_ID');
INSERT INTO `r_trans_attribute` VALUES (666, 3, 0, 'CHANNEL_LOG_TABLE_FIELD_ENABLED11', 0, 'Y');

-- ----------------------------
-- Table structure for r_trans_cluster
-- ----------------------------
DROP TABLE IF EXISTS `r_trans_cluster`;
CREATE TABLE `r_trans_cluster`  (
  `ID_TRANS_CLUSTER` bigint(20) NOT NULL,
  `ID_TRANSFORMATION` int(11) NULL DEFAULT NULL,
  `ID_CLUSTER` int(11) NULL DEFAULT NULL,
  PRIMARY KEY (`ID_TRANS_CLUSTER`) USING BTREE
) ENGINE = InnoDB CHARACTER SET = utf8mb4 COLLATE = utf8mb4_bin ROW_FORMAT = DYNAMIC;

-- ----------------------------
-- Records of r_trans_cluster
-- ----------------------------

-- ----------------------------
-- Table structure for r_trans_hop
-- ----------------------------
DROP TABLE IF EXISTS `r_trans_hop`;
CREATE TABLE `r_trans_hop`  (
  `ID_TRANS_HOP` bigint(20) NOT NULL,
  `ID_TRANSFORMATION` int(11) NULL DEFAULT NULL,
  `ID_STEP_FROM` int(11) NULL DEFAULT NULL,
  `ID_STEP_TO` int(11) NULL DEFAULT NULL,
  `ENABLED` tinyint(1) NULL DEFAULT NULL,
  PRIMARY KEY (`ID_TRANS_HOP`) USING BTREE
) ENGINE = InnoDB CHARACTER SET = utf8mb4 COLLATE = utf8mb4_bin ROW_FORMAT = DYNAMIC;

-- ----------------------------
-- Records of r_trans_hop
-- ----------------------------
INSERT INTO `r_trans_hop` VALUES (2, 2, 4, 3, 1);
INSERT INTO `r_trans_hop` VALUES (3, 3, 6, 5, 1);

-- ----------------------------
-- Table structure for r_trans_lock
-- ----------------------------
DROP TABLE IF EXISTS `r_trans_lock`;
CREATE TABLE `r_trans_lock`  (
  `ID_TRANS_LOCK` bigint(20) NOT NULL,
  `ID_TRANSFORMATION` int(11) NULL DEFAULT NULL,
  `ID_USER` int(11) NULL DEFAULT NULL,
  `LOCK_MESSAGE` mediumtext CHARACTER SET utf8mb4 COLLATE utf8mb4_bin NULL,
  `LOCK_DATE` datetime(0) NULL DEFAULT NULL,
  PRIMARY KEY (`ID_TRANS_LOCK`) USING BTREE
) ENGINE = InnoDB CHARACTER SET = utf8mb4 COLLATE = utf8mb4_bin ROW_FORMAT = DYNAMIC;

-- ----------------------------
-- Records of r_trans_lock
-- ----------------------------

-- ----------------------------
-- Table structure for r_trans_note
-- ----------------------------
DROP TABLE IF EXISTS `r_trans_note`;
CREATE TABLE `r_trans_note`  (
  `ID_TRANSFORMATION` int(11) NULL DEFAULT NULL,
  `ID_NOTE` int(11) NULL DEFAULT NULL
) ENGINE = InnoDB CHARACTER SET = utf8mb4 COLLATE = utf8mb4_bin ROW_FORMAT = DYNAMIC;

-- ----------------------------
-- Records of r_trans_note
-- ----------------------------

-- ----------------------------
-- Table structure for r_trans_partition_schema
-- ----------------------------
DROP TABLE IF EXISTS `r_trans_partition_schema`;
CREATE TABLE `r_trans_partition_schema`  (
  `ID_TRANS_PARTITION_SCHEMA` bigint(20) NOT NULL,
  `ID_TRANSFORMATION` int(11) NULL DEFAULT NULL,
  `ID_PARTITION_SCHEMA` int(11) NULL DEFAULT NULL,
  PRIMARY KEY (`ID_TRANS_PARTITION_SCHEMA`) USING BTREE
) ENGINE = InnoDB CHARACTER SET = utf8mb4 COLLATE = utf8mb4_bin ROW_FORMAT = DYNAMIC;

-- ----------------------------
-- Records of r_trans_partition_schema
-- ----------------------------

-- ----------------------------
-- Table structure for r_trans_slave
-- ----------------------------
DROP TABLE IF EXISTS `r_trans_slave`;
CREATE TABLE `r_trans_slave`  (
  `ID_TRANS_SLAVE` bigint(20) NOT NULL,
  `ID_TRANSFORMATION` int(11) NULL DEFAULT NULL,
  `ID_SLAVE` int(11) NULL DEFAULT NULL,
  PRIMARY KEY (`ID_TRANS_SLAVE`) USING BTREE
) ENGINE = InnoDB CHARACTER SET = utf8mb4 COLLATE = utf8mb4_bin ROW_FORMAT = DYNAMIC;

-- ----------------------------
-- Records of r_trans_slave
-- ----------------------------

-- ----------------------------
-- Table structure for r_trans_step_condition
-- ----------------------------
DROP TABLE IF EXISTS `r_trans_step_condition`;
CREATE TABLE `r_trans_step_condition`  (
  `ID_TRANSFORMATION` int(11) NULL DEFAULT NULL,
  `ID_STEP` int(11) NULL DEFAULT NULL,
  `ID_CONDITION` int(11) NULL DEFAULT NULL
) ENGINE = InnoDB CHARACTER SET = utf8mb4 COLLATE = utf8mb4_bin ROW_FORMAT = DYNAMIC;

-- ----------------------------
-- Records of r_trans_step_condition
-- ----------------------------

-- ----------------------------
-- Table structure for r_transformation
-- ----------------------------
DROP TABLE IF EXISTS `r_transformation`;
CREATE TABLE `r_transformation`  (
  `ID_TRANSFORMATION` bigint(20) NOT NULL,
  `ID_DIRECTORY` int(11) NULL DEFAULT NULL,
  `NAME` varchar(255) CHARACTER SET utf8mb4 COLLATE utf8mb4_bin NULL DEFAULT NULL,
  `DESCRIPTION` mediumtext CHARACTER SET utf8mb4 COLLATE utf8mb4_bin NULL,
  `EXTENDED_DESCRIPTION` mediumtext CHARACTER SET utf8mb4 COLLATE utf8mb4_bin NULL,
  `TRANS_VERSION` varchar(255) CHARACTER SET utf8mb4 COLLATE utf8mb4_bin NULL DEFAULT NULL,
  `TRANS_STATUS` int(11) NULL DEFAULT NULL,
  `ID_STEP_READ` int(11) NULL DEFAULT NULL,
  `ID_STEP_WRITE` int(11) NULL DEFAULT NULL,
  `ID_STEP_INPUT` int(11) NULL DEFAULT NULL,
  `ID_STEP_OUTPUT` int(11) NULL DEFAULT NULL,
  `ID_STEP_UPDATE` int(11) NULL DEFAULT NULL,
  `ID_DATABASE_LOG` int(11) NULL DEFAULT NULL,
  `TABLE_NAME_LOG` varchar(255) CHARACTER SET utf8mb4 COLLATE utf8mb4_bin NULL DEFAULT NULL,
  `USE_BATCHID` tinyint(1) NULL DEFAULT NULL,
  `USE_LOGFIELD` tinyint(1) NULL DEFAULT NULL,
  `ID_DATABASE_MAXDATE` int(11) NULL DEFAULT NULL,
  `TABLE_NAME_MAXDATE` varchar(255) CHARACTER SET utf8mb4 COLLATE utf8mb4_bin NULL DEFAULT NULL,
  `FIELD_NAME_MAXDATE` varchar(255) CHARACTER SET utf8mb4 COLLATE utf8mb4_bin NULL DEFAULT NULL,
  `OFFSET_MAXDATE` double NULL DEFAULT NULL,
  `DIFF_MAXDATE` double NULL DEFAULT NULL,
  `CREATED_USER` varchar(255) CHARACTER SET utf8mb4 COLLATE utf8mb4_bin NULL DEFAULT NULL,
  `CREATED_DATE` datetime(0) NULL DEFAULT NULL,
  `MODIFIED_USER` varchar(255) CHARACTER SET utf8mb4 COLLATE utf8mb4_bin NULL DEFAULT NULL,
  `MODIFIED_DATE` datetime(0) NULL DEFAULT NULL,
  `SIZE_ROWSET` int(11) NULL DEFAULT NULL,
  PRIMARY KEY (`ID_TRANSFORMATION`) USING BTREE
) ENGINE = InnoDB CHARACTER SET = utf8mb4 COLLATE = utf8mb4_bin ROW_FORMAT = DYNAMIC;

-- ----------------------------
-- Records of r_transformation
-- ----------------------------
INSERT INTO `r_transformation` VALUES (2, 1, '测试trans', NULL, NULL, NULL, -1, NULL, NULL, NULL, NULL, NULL, -1, NULL, 1, 1, -1, NULL, NULL, 0, 0, '-', '2021-12-15 23:08:13', 'admin', '2022-01-27 16:43:54', 10000);
INSERT INTO `r_transformation` VALUES (3, 2, '测试trans', NULL, NULL, NULL, -1, NULL, NULL, NULL, NULL, NULL, -1, NULL, 1, 1, -1, NULL, NULL, 0, 0, '-', '2021-12-15 23:08:13', 'admin', '2022-01-29 10:23:34', 10000);

-- ----------------------------
-- Table structure for r_user
-- ----------------------------
DROP TABLE IF EXISTS `r_user`;
CREATE TABLE `r_user`  (
  `ID_USER` bigint(20) NOT NULL,
  `LOGIN` varchar(255) CHARACTER SET utf8mb4 COLLATE utf8mb4_bin NULL DEFAULT NULL,
  `PASSWORD` varchar(255) CHARACTER SET utf8mb4 COLLATE utf8mb4_bin NULL DEFAULT NULL,
  `NAME` varchar(255) CHARACTER SET utf8mb4 COLLATE utf8mb4_bin NULL DEFAULT NULL,
  `DESCRIPTION` varchar(255) CHARACTER SET utf8mb4 COLLATE utf8mb4_bin NULL DEFAULT NULL,
  `ENABLED` tinyint(1) NULL DEFAULT NULL,
  PRIMARY KEY (`ID_USER`) USING BTREE
) ENGINE = InnoDB CHARACTER SET = utf8mb4 COLLATE = utf8mb4_bin ROW_FORMAT = DYNAMIC;

-- ----------------------------
-- Records of r_user
-- ----------------------------
INSERT INTO `r_user` VALUES (1, 'admin', '2be98afc86aa7f2e4cb79ce71da9fa6d4', 'Administrator', 'User manager', 1);
INSERT INTO `r_user` VALUES (2, 'guest', '2be98afc86aa7f2e4cb79ce77cb97bcce', 'Guest account', 'Read-only guest account', 1);

-- ----------------------------
-- Table structure for r_value
-- ----------------------------
DROP TABLE IF EXISTS `r_value`;
CREATE TABLE `r_value`  (
  `ID_VALUE` bigint(20) NOT NULL,
  `NAME` varchar(255) CHARACTER SET utf8mb4 COLLATE utf8mb4_bin NULL DEFAULT NULL,
  `VALUE_TYPE` varchar(255) CHARACTER SET utf8mb4 COLLATE utf8mb4_bin NULL DEFAULT NULL,
  `VALUE_STR` varchar(255) CHARACTER SET utf8mb4 COLLATE utf8mb4_bin NULL DEFAULT NULL,
  `IS_NULL` tinyint(1) NULL DEFAULT NULL,
  PRIMARY KEY (`ID_VALUE`) USING BTREE
) ENGINE = InnoDB CHARACTER SET = utf8mb4 COLLATE = utf8mb4_bin ROW_FORMAT = DYNAMIC;

-- ----------------------------
-- Records of r_value
-- ----------------------------

-- ----------------------------
-- Table structure for r_version
-- ----------------------------
DROP TABLE IF EXISTS `r_version`;
CREATE TABLE `r_version`  (
  `ID_VERSION` bigint(20) NOT NULL,
  `MAJOR_VERSION` int(11) NULL DEFAULT NULL,
  `MINOR_VERSION` int(11) NULL DEFAULT NULL,
  `UPGRADE_DATE` datetime(0) NULL DEFAULT NULL,
  `IS_UPGRADE` tinyint(1) NULL DEFAULT NULL,
  PRIMARY KEY (`ID_VERSION`) USING BTREE
) ENGINE = InnoDB CHARACTER SET = utf8mb4 COLLATE = utf8mb4_bin ROW_FORMAT = DYNAMIC;

-- ----------------------------
-- Records of r_version
-- ----------------------------
INSERT INTO `r_version` VALUES (1, 5, 0, '2022-01-27 15:44:17', 0);
INSERT INTO `r_version` VALUES (2, 5, 0, '2022-02-06 19:11:18', 1);

-- ----------------------------
-- Table structure for sys_config
-- ----------------------------
DROP TABLE IF EXISTS `sys_config`;
CREATE TABLE `sys_config`  (
  `config_id` int(5) NOT NULL AUTO_INCREMENT COMMENT '参数主键',
  `config_name` varchar(100) CHARACTER SET utf8mb4 COLLATE utf8mb4_bin NULL DEFAULT '' COMMENT '参数名称',
  `config_key` varchar(100) CHARACTER SET utf8mb4 COLLATE utf8mb4_bin NULL DEFAULT '' COMMENT '参数键名',
  `config_value` varchar(500) CHARACTER SET utf8mb4 COLLATE utf8mb4_bin NULL DEFAULT '' COMMENT '参数键值',
  `config_type` char(1) CHARACTER SET utf8mb4 COLLATE utf8mb4_bin NULL DEFAULT 'N' COMMENT '系统内置（Y是 N否）',
  `create_by` varchar(64) CHARACTER SET utf8mb4 COLLATE utf8mb4_bin NULL DEFAULT '' COMMENT '创建者',
  `create_time` datetime(0) NULL DEFAULT NULL COMMENT '创建时间',
  `update_by` varchar(64) CHARACTER SET utf8mb4 COLLATE utf8mb4_bin NULL DEFAULT '' COMMENT '更新者',
  `update_time` datetime(0) NULL DEFAULT NULL COMMENT '更新时间',
  `remark` varchar(500) CHARACTER SET utf8mb4 COLLATE utf8mb4_bin NULL DEFAULT NULL COMMENT '备注',
  PRIMARY KEY (`config_id`) USING BTREE
) ENGINE = InnoDB AUTO_INCREMENT = 12 CHARACTER SET = utf8mb4 COLLATE = utf8mb4_bin COMMENT = '参数配置表' ROW_FORMAT = DYNAMIC;

-- ----------------------------
-- Records of sys_config
-- ----------------------------
INSERT INTO `sys_config` VALUES (1, '主框架页-默认皮肤样式名称', 'sys.index.skinName', 'skin-blue', 'Y', 'admin', '2021-11-24 16:39:32', '', NULL, '蓝色 skin-blue、绿色 skin-green、紫色 skin-purple、红色 skin-red、黄色 skin-yellow');
INSERT INTO `sys_config` VALUES (2, '用户管理-账号初始密码', 'sys.user.initPassword', '123456', 'Y', 'admin', '2021-11-24 16:39:32', '', NULL, '初始化密码 123456');
INSERT INTO `sys_config` VALUES (3, '主框架页-侧边栏主题', 'sys.index.sideTheme', 'theme-dark', 'Y', 'admin', '2021-11-24 16:39:32', '', NULL, '深黑主题theme-dark，浅色主题theme-light，深蓝主题theme-blue');
INSERT INTO `sys_config` VALUES (4, '账号自助-是否开启用户注册功能', 'sys.account.registerUser', 'false', 'Y', 'admin', '2021-11-24 16:39:32', '', NULL, '是否开启注册用户功能（true开启，false关闭）');
INSERT INTO `sys_config` VALUES (5, '用户管理-密码字符范围', 'sys.account.chrtype', '0', 'Y', 'admin', '2021-11-24 16:39:32', '', NULL, '默认任意字符范围，0任意（密码可以输入任意字符），1数字（密码只能为0-9数字），2英文字母（密码只能为a-z和A-Z字母），3字母和数字（密码必须包含字母，数字）,4字母数字和特殊字符（目前支持的特殊字符包括：~!@#$%^&*()-=_+）');
INSERT INTO `sys_config` VALUES (6, '用户管理-初始密码修改策略', 'sys.account.initPasswordModify', '0', 'Y', 'admin', '2021-11-24 16:39:32', '', NULL, '0：初始密码修改策略关闭，没有任何提示，1：提醒用户，如果未修改初始密码，则在登录时就会提醒修改密码对话框');
INSERT INTO `sys_config` VALUES (7, '用户管理-账号密码更新周期', 'sys.account.passwordValidateDays', '0', 'Y', 'admin', '2021-11-24 16:39:33', '', NULL, '密码更新周期（填写数字，数据初始化值为0不限制，若修改必须为大于0小于365的正整数），如果超过这个周期登录系统时，则在登录时就会提醒修改密码对话框');
INSERT INTO `sys_config` VALUES (8, '主框架页-菜单导航显示风格', 'sys.index.menuStyle', 'default', 'Y', 'admin', '2021-11-24 16:39:33', '', NULL, '菜单导航显示风格（default为左侧导航菜单，topnav为顶部导航菜单）');
INSERT INTO `sys_config` VALUES (9, '主框架页-是否开启页脚', 'sys.index.footer', 'true', 'Y', 'admin', '2021-11-24 16:39:33', '', NULL, '是否开启底部页脚显示（true显示，false隐藏）');
INSERT INTO `sys_config` VALUES (10, '主框架页-是否开启页签', 'sys.index.tagsView', 'true', 'Y', 'admin', '2021-11-24 16:39:33', '', NULL, '是否开启菜单多页签显示（true显示，false隐藏）');

-- ----------------------------
-- Table structure for sys_dept
-- ----------------------------
DROP TABLE IF EXISTS `sys_dept`;
CREATE TABLE `sys_dept`  (
  `dept_id` bigint(20) NOT NULL AUTO_INCREMENT COMMENT '部门id',
  `parent_id` bigint(20) NULL DEFAULT 0 COMMENT '父部门id',
  `ancestors` varchar(50) CHARACTER SET utf8mb4 COLLATE utf8mb4_bin NULL DEFAULT '' COMMENT '祖级列表',
  `dept_name` varchar(30) CHARACTER SET utf8mb4 COLLATE utf8mb4_bin NULL DEFAULT '' COMMENT '部门名称',
  `order_num` int(4) NULL DEFAULT 0 COMMENT '显示顺序',
  `leader` varchar(20) CHARACTER SET utf8mb4 COLLATE utf8mb4_bin NULL DEFAULT NULL COMMENT '负责人',
  `phone` varchar(11) CHARACTER SET utf8mb4 COLLATE utf8mb4_bin NULL DEFAULT NULL COMMENT '联系电话',
  `email` varchar(50) CHARACTER SET utf8mb4 COLLATE utf8mb4_bin NULL DEFAULT NULL COMMENT '邮箱',
  `status` char(1) CHARACTER SET utf8mb4 COLLATE utf8mb4_bin NULL DEFAULT '0' COMMENT '部门状态（0正常 1停用）',
  `del_flag` char(1) CHARACTER SET utf8mb4 COLLATE utf8mb4_bin NULL DEFAULT '0' COMMENT '删除标志（0代表存在 2代表删除）',
  `create_by` varchar(64) CHARACTER SET utf8mb4 COLLATE utf8mb4_bin NULL DEFAULT '' COMMENT '创建者',
  `create_time` datetime(0) NULL DEFAULT NULL COMMENT '创建时间',
  `update_by` varchar(64) CHARACTER SET utf8mb4 COLLATE utf8mb4_bin NULL DEFAULT '' COMMENT '更新者',
  `update_time` datetime(0) NULL DEFAULT NULL COMMENT '更新时间',
  PRIMARY KEY (`dept_id`) USING BTREE
) ENGINE = InnoDB AUTO_INCREMENT = 111 CHARACTER SET = utf8mb4 COLLATE = utf8mb4_bin COMMENT = '部门表' ROW_FORMAT = DYNAMIC;

-- ----------------------------
-- Records of sys_dept
-- ----------------------------
INSERT INTO `sys_dept` VALUES (100, 0, '0', '中房科技', 0, '若依', '15888888888', 'ry@qq.com', '0', '0', 'admin', '2021-11-24 16:39:21', '', NULL);
INSERT INTO `sys_dept` VALUES (101, 100, '0,100', '深圳总公司', 1, '若依', '15888888888', 'ry@qq.com', '0', '2', 'admin', '2021-11-24 16:39:21', '', NULL);
INSERT INTO `sys_dept` VALUES (102, 100, '0,100', '长沙分公司', 2, '若依', '15888888888', 'ry@qq.com', '0', '2', 'admin', '2021-11-24 16:39:21', '', NULL);
INSERT INTO `sys_dept` VALUES (103, 101, '0,100,101', '研发部门', 1, '若依', '15888888888', 'ry@qq.com', '0', '2', 'admin', '2021-11-24 16:39:21', '', NULL);
INSERT INTO `sys_dept` VALUES (104, 101, '0,100,101', '市场部门', 2, '若依', '15888888888', 'ry@qq.com', '0', '2', 'admin', '2021-11-24 16:39:21', '', NULL);
INSERT INTO `sys_dept` VALUES (105, 101, '0,100,101', '测试部门', 3, '若依', '15888888888', 'ry@qq.com', '0', '2', 'admin', '2021-11-24 16:39:21', '', NULL);
INSERT INTO `sys_dept` VALUES (106, 101, '0,100,101', '财务部门', 4, '若依', '15888888888', 'ry@qq.com', '0', '2', 'admin', '2021-11-24 16:39:21', '', NULL);
INSERT INTO `sys_dept` VALUES (107, 101, '0,100,101', '运维部门', 5, '若依', '15888888888', 'ry@qq.com', '0', '2', 'admin', '2021-11-24 16:39:21', '', NULL);
INSERT INTO `sys_dept` VALUES (108, 102, '0,100,102', '市场部门', 1, '若依', '15888888888', 'ry@qq.com', '0', '2', 'admin', '2021-11-24 16:39:21', '', NULL);
INSERT INTO `sys_dept` VALUES (109, 102, '0,100,102', '财务部门', 2, '若依', '15888888888', 'ry@qq.com', '0', '2', 'admin', '2021-11-24 16:39:21', '', NULL);
INSERT INTO `sys_dept` VALUES (110, 100, '0,100', '运维部门', 1, NULL, NULL, NULL, '0', '0', 'admin', '2022-03-06 12:26:20', '', NULL);

-- ----------------------------
-- Table structure for sys_dict_data
-- ----------------------------
DROP TABLE IF EXISTS `sys_dict_data`;
CREATE TABLE `sys_dict_data`  (
  `dict_code` bigint(20) NOT NULL AUTO_INCREMENT COMMENT '字典编码',
  `dict_sort` int(4) NULL DEFAULT 0 COMMENT '字典排序',
  `dict_label` varchar(100) CHARACTER SET utf8mb4 COLLATE utf8mb4_bin NULL DEFAULT '' COMMENT '字典标签',
  `dict_value` varchar(100) CHARACTER SET utf8mb4 COLLATE utf8mb4_bin NULL DEFAULT '' COMMENT '字典键值',
  `dict_type` varchar(100) CHARACTER SET utf8mb4 COLLATE utf8mb4_bin NULL DEFAULT '' COMMENT '字典类型',
  `css_class` varchar(100) CHARACTER SET utf8mb4 COLLATE utf8mb4_bin NULL DEFAULT NULL COMMENT '样式属性（其他样式扩展）',
  `list_class` varchar(100) CHARACTER SET utf8mb4 COLLATE utf8mb4_bin NULL DEFAULT NULL COMMENT '表格回显样式',
  `is_default` char(1) CHARACTER SET utf8mb4 COLLATE utf8mb4_bin NULL DEFAULT 'N' COMMENT '是否默认（Y是 N否）',
  `status` char(1) CHARACTER SET utf8mb4 COLLATE utf8mb4_bin NULL DEFAULT '0' COMMENT '状态（0正常 1停用）',
  `create_by` varchar(64) CHARACTER SET utf8mb4 COLLATE utf8mb4_bin NULL DEFAULT '' COMMENT '创建者',
  `create_time` datetime(0) NULL DEFAULT NULL COMMENT '创建时间',
  `update_by` varchar(64) CHARACTER SET utf8mb4 COLLATE utf8mb4_bin NULL DEFAULT '' COMMENT '更新者',
  `update_time` datetime(0) NULL DEFAULT NULL COMMENT '更新时间',
  `remark` varchar(500) CHARACTER SET utf8mb4 COLLATE utf8mb4_bin NULL DEFAULT NULL COMMENT '备注',
  PRIMARY KEY (`dict_code`) USING BTREE
) ENGINE = InnoDB AUTO_INCREMENT = 122 CHARACTER SET = utf8mb4 COLLATE = utf8mb4_bin COMMENT = '字典数据表' ROW_FORMAT = DYNAMIC;

-- ----------------------------
-- Records of sys_dict_data
-- ----------------------------
INSERT INTO `sys_dict_data` VALUES (1, 1, '男', '0', 'sys_user_sex', '', '', 'Y', '0', 'admin', '2021-11-24 16:39:31', '', NULL, '性别男');
INSERT INTO `sys_dict_data` VALUES (2, 2, '女', '1', 'sys_user_sex', '', '', 'N', '0', 'admin', '2021-11-24 16:39:31', '', NULL, '性别女');
INSERT INTO `sys_dict_data` VALUES (3, 3, '未知', '2', 'sys_user_sex', '', '', 'N', '0', 'admin', '2021-11-24 16:39:31', '', NULL, '性别未知');
INSERT INTO `sys_dict_data` VALUES (4, 1, '显示', '0', 'sys_show_hide', '', 'primary', 'Y', '0', 'admin', '2021-11-24 16:39:31', '', NULL, '显示菜单');
INSERT INTO `sys_dict_data` VALUES (5, 2, '隐藏', '1', 'sys_show_hide', '', 'danger', 'N', '0', 'admin', '2021-11-24 16:39:31', '', NULL, '隐藏菜单');
INSERT INTO `sys_dict_data` VALUES (6, 1, '正常', '0', 'sys_normal_disable', '', 'primary', 'Y', '0', 'admin', '2021-11-24 16:39:31', '', NULL, '正常状态');
INSERT INTO `sys_dict_data` VALUES (7, 2, '停用', '1', 'sys_normal_disable', '', 'danger', 'N', '0', 'admin', '2021-11-24 16:39:31', '', NULL, '停用状态');
INSERT INTO `sys_dict_data` VALUES (8, 1, '正常', '0', 'sys_job_status', '', 'primary', 'Y', '0', 'admin', '2021-11-24 16:39:31', '', NULL, '正常状态');
INSERT INTO `sys_dict_data` VALUES (9, 2, '暂停', '1', 'sys_job_status', '', 'danger', 'N', '0', 'admin', '2021-11-24 16:39:31', '', NULL, '停用状态');
INSERT INTO `sys_dict_data` VALUES (10, 1, '默认', 'DEFAULT', 'sys_job_group', '', '', 'Y', '0', 'admin', '2021-11-24 16:39:31', '', NULL, '默认分组');
INSERT INTO `sys_dict_data` VALUES (11, 2, '系统', 'SYSTEM', 'sys_job_group', '', '', 'N', '0', 'admin', '2021-11-24 16:39:31', '', NULL, '系统分组');
INSERT INTO `sys_dict_data` VALUES (12, 1, '是', 'Y', 'sys_yes_no', '', 'primary', 'Y', '0', 'admin', '2021-11-24 16:39:31', '', NULL, '系统默认是');
INSERT INTO `sys_dict_data` VALUES (13, 2, '否', 'N', 'sys_yes_no', '', 'danger', 'N', '0', 'admin', '2021-11-24 16:39:31', '', NULL, '系统默认否');
INSERT INTO `sys_dict_data` VALUES (14, 1, '通知', '1', 'sys_notice_type', '', 'warning', 'Y', '0', 'admin', '2021-11-24 16:39:31', '', NULL, '通知');
INSERT INTO `sys_dict_data` VALUES (15, 2, '公告', '2', 'sys_notice_type', '', 'success', 'N', '0', 'admin', '2021-11-24 16:39:32', '', NULL, '公告');
INSERT INTO `sys_dict_data` VALUES (16, 1, '正常', '0', 'sys_notice_status', '', 'primary', 'Y', '0', 'admin', '2021-11-24 16:39:32', '', NULL, '正常状态');
INSERT INTO `sys_dict_data` VALUES (17, 2, '关闭', '1', 'sys_notice_status', '', 'danger', 'N', '0', 'admin', '2021-11-24 16:39:32', '', NULL, '关闭状态');
INSERT INTO `sys_dict_data` VALUES (18, 99, '其他', '0', 'sys_oper_type', '', 'info', 'N', '0', 'admin', '2021-11-24 16:39:32', '', NULL, '其他操作');
INSERT INTO `sys_dict_data` VALUES (19, 1, '新增', '1', 'sys_oper_type', '', 'info', 'N', '0', 'admin', '2021-11-24 16:39:32', '', NULL, '新增操作');
INSERT INTO `sys_dict_data` VALUES (20, 2, '修改', '2', 'sys_oper_type', '', 'info', 'N', '0', 'admin', '2021-11-24 16:39:32', '', NULL, '修改操作');
INSERT INTO `sys_dict_data` VALUES (21, 3, '删除', '3', 'sys_oper_type', '', 'danger', 'N', '0', 'admin', '2021-11-24 16:39:32', '', NULL, '删除操作');
INSERT INTO `sys_dict_data` VALUES (22, 4, '授权', '4', 'sys_oper_type', '', 'primary', 'N', '0', 'admin', '2021-11-24 16:39:32', '', NULL, '授权操作');
INSERT INTO `sys_dict_data` VALUES (23, 5, '导出', '5', 'sys_oper_type', '', 'warning', 'N', '0', 'admin', '2021-11-24 16:39:32', '', NULL, '导出操作');
INSERT INTO `sys_dict_data` VALUES (24, 6, '导入', '6', 'sys_oper_type', '', 'warning', 'N', '0', 'admin', '2021-11-24 16:39:32', '', NULL, '导入操作');
INSERT INTO `sys_dict_data` VALUES (25, 7, '强退', '7', 'sys_oper_type', '', 'danger', 'N', '0', 'admin', '2021-11-24 16:39:32', '', NULL, '强退操作');
INSERT INTO `sys_dict_data` VALUES (26, 8, '生成代码', '8', 'sys_oper_type', '', 'warning', 'N', '0', 'admin', '2021-11-24 16:39:32', '', NULL, '生成操作');
INSERT INTO `sys_dict_data` VALUES (27, 9, '清空数据', '9', 'sys_oper_type', '', 'danger', 'N', '0', 'admin', '2021-11-24 16:39:32', '', NULL, '清空操作');
INSERT INTO `sys_dict_data` VALUES (28, 1, '成功', '0', 'sys_common_status', '', 'primary', 'N', '0', 'admin', '2021-11-24 16:39:32', '', NULL, '正常状态');
INSERT INTO `sys_dict_data` VALUES (29, 2, '失败', '1', 'sys_common_status', '', 'danger', 'N', '0', 'admin', '2021-11-24 16:39:32', '', NULL, '停用状态');
INSERT INTO `sys_dict_data` VALUES (100, 2, '加密', '1', 'ENCRYPT_STATUS', '', 'primary', 'N', '0', 'admin', '2021-11-30 17:18:00', 'admin', '2021-11-30 19:55:19', '加密');
INSERT INTO `sys_dict_data` VALUES (102, 1, '不加密', '0', 'ENCRYPT_STATUS', '', 'warning', 'Y', '0', 'admin', '2021-11-30 17:20:35', 'admin', '2021-11-30 17:21:19', '不加密');
INSERT INTO `sys_dict_data` VALUES (103, 1, '执行成功', '0', 'GIT_EXECUTED_STATUS', '', 'success', 'Y', '0', 'admin', '2021-12-03 16:22:04', 'admin', '2021-12-03 16:23:27', '');
INSERT INTO `sys_dict_data` VALUES (104, 2, '执行失败', '1', 'GIT_EXECUTED_STATUS', '', 'warning', 'Y', '0', 'admin', '2021-12-03 16:22:39', 'admin', '2021-12-03 16:23:20', '');
INSERT INTO `sys_dict_data` VALUES (105, 1, '正常', '0', 'del_flag', NULL, NULL, 'Y', '0', 'admin', '2021-12-05 21:24:34', '', NULL, NULL);
INSERT INTO `sys_dict_data` VALUES (106, 2, '删除', '1', 'del_flag', NULL, NULL, 'Y', '0', 'admin', '2021-12-05 21:24:51', '', NULL, NULL);
INSERT INTO `sys_dict_data` VALUES (107, 1, '文件夹', '0', 'file_type', NULL, 'primary', 'Y', '0', 'admin', '2021-12-10 14:16:19', '', NULL, NULL);
INSERT INTO `sys_dict_data` VALUES (108, 2, '文件', '1', 'file_type', NULL, 'info', 'Y', '0', 'admin', '2021-12-10 14:16:46', '', NULL, NULL);
INSERT INTO `sys_dict_data` VALUES (109, 1, '等待执行', '1', 'kt_exe_status', NULL, 'default', 'Y', '0', 'admin', '2021-12-21 10:39:25', '', NULL, NULL);
INSERT INTO `sys_dict_data` VALUES (110, 2, '运行中...', '2', 'kt_exe_status', NULL, 'primary', 'Y', '0', 'admin', '2021-12-21 10:39:50', '', NULL, NULL);
INSERT INTO `sys_dict_data` VALUES (111, 3, '执行成功', '3', 'kt_exe_status', NULL, 'info', 'Y', '0', 'admin', '2021-12-21 10:40:15', '', NULL, NULL);
INSERT INTO `sys_dict_data` VALUES (112, 4, '执行失败', '4', 'kt_exe_status', NULL, 'danger', 'Y', '0', 'admin', '2021-12-21 10:40:44', '', NULL, NULL);
INSERT INTO `sys_dict_data` VALUES (113, 5, '强制停止', '5', 'kt_exe_status', NULL, 'warning', 'Y', '0', 'admin', '2021-12-21 10:41:04', '', NULL, NULL);
INSERT INTO `sys_dict_data` VALUES (114, 1, '转换', '1', 'task_type', NULL, 'default', 'Y', '0', 'admin', '2021-12-21 10:45:58', '', NULL, NULL);
INSERT INTO `sys_dict_data` VALUES (115, 2, 'job', '2', 'task_type', NULL, 'default', 'Y', '0', 'admin', '2021-12-21 10:46:32', '', NULL, NULL);
INSERT INTO `sys_dict_data` VALUES (116, 1, 'GIT资源库', '0', 'repo_type', NULL, NULL, 'Y', '0', 'admin', '2022-02-12 13:22:01', '', NULL, NULL);
INSERT INTO `sys_dict_data` VALUES (117, 2, '文件资源库', '1', 'repo_type', NULL, NULL, 'Y', '0', 'admin', '2022-02-12 13:22:15', '', NULL, NULL);
INSERT INTO `sys_dict_data` VALUES (119, 1, '低级', '1', 'warn_level', '', 'primary', 'Y', '0', 'admin', '2022-03-06 14:50:00', 'admin', '2022-03-06 14:50:37', '');
INSERT INTO `sys_dict_data` VALUES (120, 2, '中级', '2', 'warn_level', NULL, 'warning', 'Y', '0', 'admin', '2022-03-06 14:50:25', '', NULL, NULL);
INSERT INTO `sys_dict_data` VALUES (121, 3, '高级', '3', 'warn_level', NULL, 'danger', 'Y', '0', 'admin', '2022-03-06 14:50:59', '', NULL, NULL);

-- ----------------------------
-- Table structure for sys_dict_type
-- ----------------------------
DROP TABLE IF EXISTS `sys_dict_type`;
CREATE TABLE `sys_dict_type`  (
  `dict_id` bigint(20) NOT NULL AUTO_INCREMENT COMMENT '字典主键',
  `dict_name` varchar(100) CHARACTER SET utf8mb4 COLLATE utf8mb4_bin NULL DEFAULT '' COMMENT '字典名称',
  `dict_type` varchar(100) CHARACTER SET utf8mb4 COLLATE utf8mb4_bin NULL DEFAULT '' COMMENT '字典类型',
  `status` char(1) CHARACTER SET utf8mb4 COLLATE utf8mb4_bin NULL DEFAULT '0' COMMENT '状态（0正常 1停用）',
  `create_by` varchar(64) CHARACTER SET utf8mb4 COLLATE utf8mb4_bin NULL DEFAULT '' COMMENT '创建者',
  `create_time` datetime(0) NULL DEFAULT NULL COMMENT '创建时间',
  `update_by` varchar(64) CHARACTER SET utf8mb4 COLLATE utf8mb4_bin NULL DEFAULT '' COMMENT '更新者',
  `update_time` datetime(0) NULL DEFAULT NULL COMMENT '更新时间',
  `remark` varchar(500) CHARACTER SET utf8mb4 COLLATE utf8mb4_bin NULL DEFAULT NULL COMMENT '备注',
  PRIMARY KEY (`dict_id`) USING BTREE,
  UNIQUE INDEX `dict_type`(`dict_type`) USING BTREE
) ENGINE = InnoDB AUTO_INCREMENT = 109 CHARACTER SET = utf8mb4 COLLATE = utf8mb4_bin COMMENT = '字典类型表' ROW_FORMAT = DYNAMIC;

-- ----------------------------
-- Records of sys_dict_type
-- ----------------------------
INSERT INTO `sys_dict_type` VALUES (1, '用户性别', 'sys_user_sex', '0', 'admin', '2021-11-24 16:39:30', '', NULL, '用户性别列表');
INSERT INTO `sys_dict_type` VALUES (2, '菜单状态', 'sys_show_hide', '0', 'admin', '2021-11-24 16:39:30', '', NULL, '菜单状态列表');
INSERT INTO `sys_dict_type` VALUES (3, '系统开关', 'sys_normal_disable', '0', 'admin', '2021-11-24 16:39:30', '', NULL, '系统开关列表');
INSERT INTO `sys_dict_type` VALUES (4, '任务状态', 'sys_job_status', '0', 'admin', '2021-11-24 16:39:31', '', NULL, '任务状态列表');
INSERT INTO `sys_dict_type` VALUES (5, '任务分组', 'sys_job_group', '0', 'admin', '2021-11-24 16:39:31', '', NULL, '任务分组列表');
INSERT INTO `sys_dict_type` VALUES (6, '系统是否', 'sys_yes_no', '0', 'admin', '2021-11-24 16:39:31', '', NULL, '系统是否列表');
INSERT INTO `sys_dict_type` VALUES (7, '通知类型', 'sys_notice_type', '0', 'admin', '2021-11-24 16:39:31', '', NULL, '通知类型列表');
INSERT INTO `sys_dict_type` VALUES (8, '通知状态', 'sys_notice_status', '0', 'admin', '2021-11-24 16:39:31', '', NULL, '通知状态列表');
INSERT INTO `sys_dict_type` VALUES (9, '操作类型', 'sys_oper_type', '0', 'admin', '2021-11-24 16:39:31', '', NULL, '操作类型列表');
INSERT INTO `sys_dict_type` VALUES (10, '系统状态', 'sys_common_status', '0', 'admin', '2021-11-24 16:39:31', '', NULL, '登录状态列表');
INSERT INTO `sys_dict_type` VALUES (100, 'GIT分支', 'busi_git_branch', '0', 'admin', '2021-11-28 17:40:33', '', NULL, 'GIT分支');
INSERT INTO `sys_dict_type` VALUES (101, '是否加密', 'ENCRYPT_STATUS', '0', 'admin', '2021-11-30 17:17:09', '', NULL, '加密状态：0加密 1不加密');
INSERT INTO `sys_dict_type` VALUES (102, 'GIT命令执行状态', 'GIT_EXECUTED_STATUS', '0', 'admin', '2021-12-03 16:21:03', '', NULL, 'GIT命令执行状态');
INSERT INTO `sys_dict_type` VALUES (103, '文件是否删除(逻辑删除)', 'del_flag', '0', 'admin', '2021-12-05 21:23:49', '', NULL, '文件是否删除(逻辑删除)');
INSERT INTO `sys_dict_type` VALUES (104, '文件类型', 'file_type', '0', 'admin', '2021-12-10 14:15:18', '', NULL, '文件类型');
INSERT INTO `sys_dict_type` VALUES (105, '执行状态', 'kt_exe_status', '0', 'admin', '2021-12-21 10:38:24', '', NULL, NULL);
INSERT INTO `sys_dict_type` VALUES (106, '任务类型', 'task_type', '0', 'admin', '2021-12-21 10:45:13', '', NULL, NULL);
INSERT INTO `sys_dict_type` VALUES (107, '资源库类型', 'repo_type', '0', 'admin', '2022-02-12 13:21:37', '', NULL, NULL);
INSERT INTO `sys_dict_type` VALUES (108, '预警等级', 'warn_level', '0', 'admin', '2022-03-06 14:49:09', '', NULL, NULL);

-- ----------------------------
-- Table structure for sys_job
-- ----------------------------
DROP TABLE IF EXISTS `sys_job`;
CREATE TABLE `sys_job`  (
  `job_id` bigint(20) NOT NULL AUTO_INCREMENT COMMENT '任务ID',
  `job_name` varchar(64) CHARACTER SET utf8mb4 COLLATE utf8mb4_bin NOT NULL DEFAULT '' COMMENT '任务名称',
  `job_group` varchar(64) CHARACTER SET utf8mb4 COLLATE utf8mb4_bin NOT NULL DEFAULT 'DEFAULT' COMMENT '任务组名',
  `invoke_target` varchar(500) CHARACTER SET utf8mb4 COLLATE utf8mb4_bin NOT NULL COMMENT '调用目标字符串',
  `cron_expression` varchar(255) CHARACTER SET utf8mb4 COLLATE utf8mb4_bin NULL DEFAULT '' COMMENT 'cron执行表达式',
  `misfire_policy` varchar(20) CHARACTER SET utf8mb4 COLLATE utf8mb4_bin NULL DEFAULT '3' COMMENT '计划执行错误策略（1立即执行 2执行一次 3放弃执行）',
  `concurrent` char(1) CHARACTER SET utf8mb4 COLLATE utf8mb4_bin NULL DEFAULT '1' COMMENT '是否并发执行（0允许 1禁止）',
  `status` char(1) CHARACTER SET utf8mb4 COLLATE utf8mb4_bin NULL DEFAULT '0' COMMENT '状态（0正常 1暂停）',
  `create_by` varchar(64) CHARACTER SET utf8mb4 COLLATE utf8mb4_bin NULL DEFAULT '' COMMENT '创建者',
  `create_time` datetime(0) NULL DEFAULT NULL COMMENT '创建时间',
  `update_by` varchar(64) CHARACTER SET utf8mb4 COLLATE utf8mb4_bin NULL DEFAULT '' COMMENT '更新者',
  `update_time` datetime(0) NULL DEFAULT NULL COMMENT '更新时间',
  `remark` varchar(500) CHARACTER SET utf8mb4 COLLATE utf8mb4_bin NULL DEFAULT '' COMMENT '备注信息',
  PRIMARY KEY (`job_id`, `job_name`, `job_group`) USING BTREE
) ENGINE = InnoDB AUTO_INCREMENT = 106 CHARACTER SET = utf8mb4 COLLATE = utf8mb4_bin COMMENT = '定时任务调度表' ROW_FORMAT = DYNAMIC;

-- ----------------------------
-- Records of sys_job
-- ----------------------------

-- ----------------------------
-- Table structure for sys_job_log
-- ----------------------------
DROP TABLE IF EXISTS `sys_job_log`;
CREATE TABLE `sys_job_log`  (
  `job_log_id` bigint(20) NOT NULL AUTO_INCREMENT COMMENT '任务日志ID',
  `job_name` varchar(64) CHARACTER SET utf8mb4 COLLATE utf8mb4_bin NOT NULL COMMENT '任务名称',
  `job_group` varchar(64) CHARACTER SET utf8mb4 COLLATE utf8mb4_bin NOT NULL COMMENT '任务组名',
  `invoke_target` varchar(500) CHARACTER SET utf8mb4 COLLATE utf8mb4_bin NOT NULL COMMENT '调用目标字符串',
  `job_message` varchar(500) CHARACTER SET utf8mb4 COLLATE utf8mb4_bin NULL DEFAULT NULL COMMENT '日志信息',
  `status` char(1) CHARACTER SET utf8mb4 COLLATE utf8mb4_bin NULL DEFAULT '0' COMMENT '执行状态（0正常 1失败）',
  `exception_info` varchar(2000) CHARACTER SET utf8mb4 COLLATE utf8mb4_bin NULL DEFAULT '' COMMENT '异常信息',
  `create_time` datetime(0) NULL DEFAULT NULL COMMENT '创建时间',
  `type` varchar(100) CHARACTER SET utf8mb4 COLLATE utf8mb4_bin NULL DEFAULT NULL COMMENT '任务类型 kettle、sys',
  PRIMARY KEY (`job_log_id`) USING BTREE
) ENGINE = InnoDB AUTO_INCREMENT = 19 CHARACTER SET = utf8mb4 COLLATE = utf8mb4_bin COMMENT = '定时任务调度日志表' ROW_FORMAT = DYNAMIC;

-- ----------------------------
-- Records of sys_job_log
-- ----------------------------
INSERT INTO `sys_job_log` VALUES (1, 'job和trans日志', 'DEFAULT', 'executeLogTask.editLogStatus()', 'job和trans日志 总共耗时：91毫秒', '1', 'java.lang.reflect.InvocationTargetException\r\n	at sun.reflect.NativeMethodAccessorImpl.invoke0(Native Method)\r\n	at sun.reflect.NativeMethodAccessorImpl.invoke(NativeMethodAccessorImpl.java:62)\r\n	at sun.reflect.DelegatingMethodAccessorImpl.invoke(DelegatingMethodAccessorImpl.java:43)\r\n	at java.lang.reflect.Method.invoke(Method.java:498)\r\n	at com.hzzftech.watchdog.quartz.util.JobInvokeUtil.invokeMethod(JobInvokeUtil.java:61)\r\n	at com.hzzftech.watchdog.quartz.util.JobInvokeUtil.invokeMethod(JobInvokeUtil.java:33)\r\n	at com.hzzftech.watchdog.quartz.util.QuartzDisallowConcurrentExecution.doExecute(QuartzDisallowConcurrentExecution.java:19)\r\n	at com.hzzftech.watchdog.quartz.util.AbstractQuartzJob.execute(AbstractQuartzJob.java:45)\r\n	at org.quartz.core.JobRunShell.run(JobRunShell.java:202)\r\n	at org.quartz.simpl.SimpleThreadPool$WorkerThread.run(SimpleThreadPool.java:573)\r\nCaused by: org.springframework.jdbc.BadSqlGrammarException: \r\n### Error querying database.  Cause: java.sql.SQLSyntaxErrorException: Unknown column \'job_id\' in \'field list\'\r\n### The error may exist in file [D:\\source_code\\project-xiangxiang\\kt-watchdog\\kt-watchdog-busi\\target\\classes\\mapper\\busi\\KtExecutionLogMapper.xml]\r\n### The error may involve com.hzzftech.watchdog.busi.mapper.KtExecutionLogMapper.selectKtExecutionLogList-Inline\r\n### The error occurred while setting parameters\r\n### SQL: select id, task_name, start_time, end_time, execution_method, slave_id, status, execution_configuration, execution_log, execution_type, task_group, carte_id, image_path, task_id, task_sort, batch_id, task_type, remark,dp_repo_type, job_id, job_name from kt_execution_log                WHERE  status = ?\r\n### Cause: java.sql.SQLSyntaxErrorException: Unknown column \'job_id\' in \'field list\'\n; bad SQL grammar []; nested exception is java.sql.SQLSyntaxErrorException: Unknown column \'job_id\' in \'field list\'\r\n	at org.springframework.jdbc.support.SQLErrorCodeSQLExceptionTranslator.doTranslate(SQLErrorCodeSQLExceptionTranslator.ja', '2022-04-09 10:52:10', 'sys');
INSERT INTO `sys_job_log` VALUES (2, 'job和trans日志', 'DEFAULT', 'executeLogTask.editLogStatus()', 'job和trans日志 总共耗时：3毫秒', '1', 'java.lang.reflect.InvocationTargetException\r\n	at sun.reflect.NativeMethodAccessorImpl.invoke0(Native Method)\r\n	at sun.reflect.NativeMethodAccessorImpl.invoke(NativeMethodAccessorImpl.java:62)\r\n	at sun.reflect.DelegatingMethodAccessorImpl.invoke(DelegatingMethodAccessorImpl.java:43)\r\n	at java.lang.reflect.Method.invoke(Method.java:498)\r\n	at com.hzzftech.watchdog.quartz.util.JobInvokeUtil.invokeMethod(JobInvokeUtil.java:61)\r\n	at com.hzzftech.watchdog.quartz.util.JobInvokeUtil.invokeMethod(JobInvokeUtil.java:33)\r\n	at com.hzzftech.watchdog.quartz.util.QuartzDisallowConcurrentExecution.doExecute(QuartzDisallowConcurrentExecution.java:19)\r\n	at com.hzzftech.watchdog.quartz.util.AbstractQuartzJob.execute(AbstractQuartzJob.java:45)\r\n	at org.quartz.core.JobRunShell.run(JobRunShell.java:202)\r\n	at org.quartz.simpl.SimpleThreadPool$WorkerThread.run(SimpleThreadPool.java:573)\r\nCaused by: org.springframework.jdbc.BadSqlGrammarException: \r\n### Error querying database.  Cause: java.sql.SQLSyntaxErrorException: Unknown column \'job_id\' in \'field list\'\r\n### The error may exist in file [D:\\source_code\\project-xiangxiang\\kt-watchdog\\kt-watchdog-busi\\target\\classes\\mapper\\busi\\KtExecutionLogMapper.xml]\r\n### The error may involve com.hzzftech.watchdog.busi.mapper.KtExecutionLogMapper.selectKtExecutionLogList-Inline\r\n### The error occurred while setting parameters\r\n### SQL: select id, task_name, start_time, end_time, execution_method, slave_id, status, execution_configuration, execution_log, execution_type, task_group, carte_id, image_path, task_id, task_sort, batch_id, task_type, remark,dp_repo_type, job_id, job_name from kt_execution_log                WHERE  status = ?\r\n### Cause: java.sql.SQLSyntaxErrorException: Unknown column \'job_id\' in \'field list\'\n; bad SQL grammar []; nested exception is java.sql.SQLSyntaxErrorException: Unknown column \'job_id\' in \'field list\'\r\n	at org.springframework.jdbc.support.SQLErrorCodeSQLExceptionTranslator.doTranslate(SQLErrorCodeSQLExceptionTranslator.ja', '2022-04-09 10:52:20', 'sys');
INSERT INTO `sys_job_log` VALUES (3, 'job和trans日志', 'DEFAULT', 'executeLogTask.editLogStatus()', 'job和trans日志 总共耗时：4毫秒', '1', 'java.lang.reflect.InvocationTargetException\r\n	at sun.reflect.NativeMethodAccessorImpl.invoke0(Native Method)\r\n	at sun.reflect.NativeMethodAccessorImpl.invoke(NativeMethodAccessorImpl.java:62)\r\n	at sun.reflect.DelegatingMethodAccessorImpl.invoke(DelegatingMethodAccessorImpl.java:43)\r\n	at java.lang.reflect.Method.invoke(Method.java:498)\r\n	at com.hzzftech.watchdog.quartz.util.JobInvokeUtil.invokeMethod(JobInvokeUtil.java:61)\r\n	at com.hzzftech.watchdog.quartz.util.JobInvokeUtil.invokeMethod(JobInvokeUtil.java:33)\r\n	at com.hzzftech.watchdog.quartz.util.QuartzDisallowConcurrentExecution.doExecute(QuartzDisallowConcurrentExecution.java:19)\r\n	at com.hzzftech.watchdog.quartz.util.AbstractQuartzJob.execute(AbstractQuartzJob.java:45)\r\n	at org.quartz.core.JobRunShell.run(JobRunShell.java:202)\r\n	at org.quartz.simpl.SimpleThreadPool$WorkerThread.run(SimpleThreadPool.java:573)\r\nCaused by: org.springframework.jdbc.BadSqlGrammarException: \r\n### Error querying database.  Cause: java.sql.SQLSyntaxErrorException: Unknown column \'job_id\' in \'field list\'\r\n### The error may exist in file [D:\\source_code\\project-xiangxiang\\kt-watchdog\\kt-watchdog-busi\\target\\classes\\mapper\\busi\\KtExecutionLogMapper.xml]\r\n### The error may involve com.hzzftech.watchdog.busi.mapper.KtExecutionLogMapper.selectKtExecutionLogList-Inline\r\n### The error occurred while setting parameters\r\n### SQL: select id, task_name, start_time, end_time, execution_method, slave_id, status, execution_configuration, execution_log, execution_type, task_group, carte_id, image_path, task_id, task_sort, batch_id, task_type, remark,dp_repo_type, job_id, job_name from kt_execution_log                WHERE  status = ?\r\n### Cause: java.sql.SQLSyntaxErrorException: Unknown column \'job_id\' in \'field list\'\n; bad SQL grammar []; nested exception is java.sql.SQLSyntaxErrorException: Unknown column \'job_id\' in \'field list\'\r\n	at org.springframework.jdbc.support.SQLErrorCodeSQLExceptionTranslator.doTranslate(SQLErrorCodeSQLExceptionTranslator.ja', '2022-04-09 10:52:30', 'sys');
INSERT INTO `sys_job_log` VALUES (4, 'job和trans日志', 'DEFAULT', 'executeLogTask.editLogStatus()', 'job和trans日志 总共耗时：2毫秒', '1', 'java.lang.reflect.InvocationTargetException\r\n	at sun.reflect.NativeMethodAccessorImpl.invoke0(Native Method)\r\n	at sun.reflect.NativeMethodAccessorImpl.invoke(NativeMethodAccessorImpl.java:62)\r\n	at sun.reflect.DelegatingMethodAccessorImpl.invoke(DelegatingMethodAccessorImpl.java:43)\r\n	at java.lang.reflect.Method.invoke(Method.java:498)\r\n	at com.hzzftech.watchdog.quartz.util.JobInvokeUtil.invokeMethod(JobInvokeUtil.java:61)\r\n	at com.hzzftech.watchdog.quartz.util.JobInvokeUtil.invokeMethod(JobInvokeUtil.java:33)\r\n	at com.hzzftech.watchdog.quartz.util.QuartzDisallowConcurrentExecution.doExecute(QuartzDisallowConcurrentExecution.java:19)\r\n	at com.hzzftech.watchdog.quartz.util.AbstractQuartzJob.execute(AbstractQuartzJob.java:45)\r\n	at org.quartz.core.JobRunShell.run(JobRunShell.java:202)\r\n	at org.quartz.simpl.SimpleThreadPool$WorkerThread.run(SimpleThreadPool.java:573)\r\nCaused by: org.springframework.jdbc.BadSqlGrammarException: \r\n### Error querying database.  Cause: java.sql.SQLSyntaxErrorException: Unknown column \'job_id\' in \'field list\'\r\n### The error may exist in file [D:\\source_code\\project-xiangxiang\\kt-watchdog\\kt-watchdog-busi\\target\\classes\\mapper\\busi\\KtExecutionLogMapper.xml]\r\n### The error may involve com.hzzftech.watchdog.busi.mapper.KtExecutionLogMapper.selectKtExecutionLogList-Inline\r\n### The error occurred while setting parameters\r\n### SQL: select id, task_name, start_time, end_time, execution_method, slave_id, status, execution_configuration, execution_log, execution_type, task_group, carte_id, image_path, task_id, task_sort, batch_id, task_type, remark,dp_repo_type, job_id, job_name from kt_execution_log                WHERE  status = ?\r\n### Cause: java.sql.SQLSyntaxErrorException: Unknown column \'job_id\' in \'field list\'\n; bad SQL grammar []; nested exception is java.sql.SQLSyntaxErrorException: Unknown column \'job_id\' in \'field list\'\r\n	at org.springframework.jdbc.support.SQLErrorCodeSQLExceptionTranslator.doTranslate(SQLErrorCodeSQLExceptionTranslator.ja', '2022-04-09 10:52:40', 'sys');
INSERT INTO `sys_job_log` VALUES (5, 'job和trans日志', 'DEFAULT', 'executeLogTask.editLogStatus()', 'job和trans日志 总共耗时：2毫秒', '1', 'java.lang.reflect.InvocationTargetException\r\n	at sun.reflect.NativeMethodAccessorImpl.invoke0(Native Method)\r\n	at sun.reflect.NativeMethodAccessorImpl.invoke(NativeMethodAccessorImpl.java:62)\r\n	at sun.reflect.DelegatingMethodAccessorImpl.invoke(DelegatingMethodAccessorImpl.java:43)\r\n	at java.lang.reflect.Method.invoke(Method.java:498)\r\n	at com.hzzftech.watchdog.quartz.util.JobInvokeUtil.invokeMethod(JobInvokeUtil.java:61)\r\n	at com.hzzftech.watchdog.quartz.util.JobInvokeUtil.invokeMethod(JobInvokeUtil.java:33)\r\n	at com.hzzftech.watchdog.quartz.util.QuartzDisallowConcurrentExecution.doExecute(QuartzDisallowConcurrentExecution.java:19)\r\n	at com.hzzftech.watchdog.quartz.util.AbstractQuartzJob.execute(AbstractQuartzJob.java:45)\r\n	at org.quartz.core.JobRunShell.run(JobRunShell.java:202)\r\n	at org.quartz.simpl.SimpleThreadPool$WorkerThread.run(SimpleThreadPool.java:573)\r\nCaused by: org.springframework.jdbc.BadSqlGrammarException: \r\n### Error querying database.  Cause: java.sql.SQLSyntaxErrorException: Unknown column \'job_id\' in \'field list\'\r\n### The error may exist in file [D:\\source_code\\project-xiangxiang\\kt-watchdog\\kt-watchdog-busi\\target\\classes\\mapper\\busi\\KtExecutionLogMapper.xml]\r\n### The error may involve com.hzzftech.watchdog.busi.mapper.KtExecutionLogMapper.selectKtExecutionLogList-Inline\r\n### The error occurred while setting parameters\r\n### SQL: select id, task_name, start_time, end_time, execution_method, slave_id, status, execution_configuration, execution_log, execution_type, task_group, carte_id, image_path, task_id, task_sort, batch_id, task_type, remark,dp_repo_type, job_id, job_name from kt_execution_log                WHERE  status = ?\r\n### Cause: java.sql.SQLSyntaxErrorException: Unknown column \'job_id\' in \'field list\'\n; bad SQL grammar []; nested exception is java.sql.SQLSyntaxErrorException: Unknown column \'job_id\' in \'field list\'\r\n	at org.springframework.jdbc.support.SQLErrorCodeSQLExceptionTranslator.doTranslate(SQLErrorCodeSQLExceptionTranslator.ja', '2022-04-09 10:52:50', 'sys');
INSERT INTO `sys_job_log` VALUES (6, 'job和trans日志', 'DEFAULT', 'executeLogTask.editLogStatus()', 'job和trans日志 总共耗时：4毫秒', '1', 'java.lang.reflect.InvocationTargetException\r\n	at sun.reflect.NativeMethodAccessorImpl.invoke0(Native Method)\r\n	at sun.reflect.NativeMethodAccessorImpl.invoke(NativeMethodAccessorImpl.java:62)\r\n	at sun.reflect.DelegatingMethodAccessorImpl.invoke(DelegatingMethodAccessorImpl.java:43)\r\n	at java.lang.reflect.Method.invoke(Method.java:498)\r\n	at com.hzzftech.watchdog.quartz.util.JobInvokeUtil.invokeMethod(JobInvokeUtil.java:61)\r\n	at com.hzzftech.watchdog.quartz.util.JobInvokeUtil.invokeMethod(JobInvokeUtil.java:33)\r\n	at com.hzzftech.watchdog.quartz.util.QuartzDisallowConcurrentExecution.doExecute(QuartzDisallowConcurrentExecution.java:19)\r\n	at com.hzzftech.watchdog.quartz.util.AbstractQuartzJob.execute(AbstractQuartzJob.java:45)\r\n	at org.quartz.core.JobRunShell.run(JobRunShell.java:202)\r\n	at org.quartz.simpl.SimpleThreadPool$WorkerThread.run(SimpleThreadPool.java:573)\r\nCaused by: org.springframework.jdbc.BadSqlGrammarException: \r\n### Error querying database.  Cause: java.sql.SQLSyntaxErrorException: Unknown column \'job_id\' in \'field list\'\r\n### The error may exist in file [D:\\source_code\\project-xiangxiang\\kt-watchdog\\kt-watchdog-busi\\target\\classes\\mapper\\busi\\KtExecutionLogMapper.xml]\r\n### The error may involve com.hzzftech.watchdog.busi.mapper.KtExecutionLogMapper.selectKtExecutionLogList-Inline\r\n### The error occurred while setting parameters\r\n### SQL: select id, task_name, start_time, end_time, execution_method, slave_id, status, execution_configuration, execution_log, execution_type, task_group, carte_id, image_path, task_id, task_sort, batch_id, task_type, remark,dp_repo_type, job_id, job_name from kt_execution_log                WHERE  status = ?\r\n### Cause: java.sql.SQLSyntaxErrorException: Unknown column \'job_id\' in \'field list\'\n; bad SQL grammar []; nested exception is java.sql.SQLSyntaxErrorException: Unknown column \'job_id\' in \'field list\'\r\n	at org.springframework.jdbc.support.SQLErrorCodeSQLExceptionTranslator.doTranslate(SQLErrorCodeSQLExceptionTranslator.ja', '2022-04-09 10:53:00', 'sys');
INSERT INTO `sys_job_log` VALUES (7, 'job和trans日志', 'DEFAULT', 'executeLogTask.editLogStatus()', 'job和trans日志 总共耗时：2毫秒', '1', 'java.lang.reflect.InvocationTargetException\r\n	at sun.reflect.NativeMethodAccessorImpl.invoke0(Native Method)\r\n	at sun.reflect.NativeMethodAccessorImpl.invoke(NativeMethodAccessorImpl.java:62)\r\n	at sun.reflect.DelegatingMethodAccessorImpl.invoke(DelegatingMethodAccessorImpl.java:43)\r\n	at java.lang.reflect.Method.invoke(Method.java:498)\r\n	at com.hzzftech.watchdog.quartz.util.JobInvokeUtil.invokeMethod(JobInvokeUtil.java:61)\r\n	at com.hzzftech.watchdog.quartz.util.JobInvokeUtil.invokeMethod(JobInvokeUtil.java:33)\r\n	at com.hzzftech.watchdog.quartz.util.QuartzDisallowConcurrentExecution.doExecute(QuartzDisallowConcurrentExecution.java:19)\r\n	at com.hzzftech.watchdog.quartz.util.AbstractQuartzJob.execute(AbstractQuartzJob.java:45)\r\n	at org.quartz.core.JobRunShell.run(JobRunShell.java:202)\r\n	at org.quartz.simpl.SimpleThreadPool$WorkerThread.run(SimpleThreadPool.java:573)\r\nCaused by: org.springframework.jdbc.BadSqlGrammarException: \r\n### Error querying database.  Cause: java.sql.SQLSyntaxErrorException: Unknown column \'job_id\' in \'field list\'\r\n### The error may exist in file [D:\\source_code\\project-xiangxiang\\kt-watchdog\\kt-watchdog-busi\\target\\classes\\mapper\\busi\\KtExecutionLogMapper.xml]\r\n### The error may involve com.hzzftech.watchdog.busi.mapper.KtExecutionLogMapper.selectKtExecutionLogList-Inline\r\n### The error occurred while setting parameters\r\n### SQL: select id, task_name, start_time, end_time, execution_method, slave_id, status, execution_configuration, execution_log, execution_type, task_group, carte_id, image_path, task_id, task_sort, batch_id, task_type, remark,dp_repo_type, job_id, job_name from kt_execution_log                WHERE  status = ?\r\n### Cause: java.sql.SQLSyntaxErrorException: Unknown column \'job_id\' in \'field list\'\n; bad SQL grammar []; nested exception is java.sql.SQLSyntaxErrorException: Unknown column \'job_id\' in \'field list\'\r\n	at org.springframework.jdbc.support.SQLErrorCodeSQLExceptionTranslator.doTranslate(SQLErrorCodeSQLExceptionTranslator.ja', '2022-04-09 10:53:10', 'sys');
INSERT INTO `sys_job_log` VALUES (8, 'job和trans日志', 'DEFAULT', 'executeLogTask.editLogStatus()', 'job和trans日志 总共耗时：2毫秒', '1', 'java.lang.reflect.InvocationTargetException\r\n	at sun.reflect.NativeMethodAccessorImpl.invoke0(Native Method)\r\n	at sun.reflect.NativeMethodAccessorImpl.invoke(NativeMethodAccessorImpl.java:62)\r\n	at sun.reflect.DelegatingMethodAccessorImpl.invoke(DelegatingMethodAccessorImpl.java:43)\r\n	at java.lang.reflect.Method.invoke(Method.java:498)\r\n	at com.hzzftech.watchdog.quartz.util.JobInvokeUtil.invokeMethod(JobInvokeUtil.java:61)\r\n	at com.hzzftech.watchdog.quartz.util.JobInvokeUtil.invokeMethod(JobInvokeUtil.java:33)\r\n	at com.hzzftech.watchdog.quartz.util.QuartzDisallowConcurrentExecution.doExecute(QuartzDisallowConcurrentExecution.java:19)\r\n	at com.hzzftech.watchdog.quartz.util.AbstractQuartzJob.execute(AbstractQuartzJob.java:45)\r\n	at org.quartz.core.JobRunShell.run(JobRunShell.java:202)\r\n	at org.quartz.simpl.SimpleThreadPool$WorkerThread.run(SimpleThreadPool.java:573)\r\nCaused by: org.springframework.jdbc.BadSqlGrammarException: \r\n### Error querying database.  Cause: java.sql.SQLSyntaxErrorException: Unknown column \'job_id\' in \'field list\'\r\n### The error may exist in file [D:\\source_code\\project-xiangxiang\\kt-watchdog\\kt-watchdog-busi\\target\\classes\\mapper\\busi\\KtExecutionLogMapper.xml]\r\n### The error may involve com.hzzftech.watchdog.busi.mapper.KtExecutionLogMapper.selectKtExecutionLogList-Inline\r\n### The error occurred while setting parameters\r\n### SQL: select id, task_name, start_time, end_time, execution_method, slave_id, status, execution_configuration, execution_log, execution_type, task_group, carte_id, image_path, task_id, task_sort, batch_id, task_type, remark,dp_repo_type, job_id, job_name from kt_execution_log                WHERE  status = ?\r\n### Cause: java.sql.SQLSyntaxErrorException: Unknown column \'job_id\' in \'field list\'\n; bad SQL grammar []; nested exception is java.sql.SQLSyntaxErrorException: Unknown column \'job_id\' in \'field list\'\r\n	at org.springframework.jdbc.support.SQLErrorCodeSQLExceptionTranslator.doTranslate(SQLErrorCodeSQLExceptionTranslator.ja', '2022-04-09 10:53:20', 'sys');
INSERT INTO `sys_job_log` VALUES (9, 'job和trans日志', 'DEFAULT', 'executeLogTask.editLogStatus()', 'job和trans日志 总共耗时：3毫秒', '1', 'java.lang.reflect.InvocationTargetException\r\n	at sun.reflect.NativeMethodAccessorImpl.invoke0(Native Method)\r\n	at sun.reflect.NativeMethodAccessorImpl.invoke(NativeMethodAccessorImpl.java:62)\r\n	at sun.reflect.DelegatingMethodAccessorImpl.invoke(DelegatingMethodAccessorImpl.java:43)\r\n	at java.lang.reflect.Method.invoke(Method.java:498)\r\n	at com.hzzftech.watchdog.quartz.util.JobInvokeUtil.invokeMethod(JobInvokeUtil.java:61)\r\n	at com.hzzftech.watchdog.quartz.util.JobInvokeUtil.invokeMethod(JobInvokeUtil.java:33)\r\n	at com.hzzftech.watchdog.quartz.util.QuartzDisallowConcurrentExecution.doExecute(QuartzDisallowConcurrentExecution.java:19)\r\n	at com.hzzftech.watchdog.quartz.util.AbstractQuartzJob.execute(AbstractQuartzJob.java:45)\r\n	at org.quartz.core.JobRunShell.run(JobRunShell.java:202)\r\n	at org.quartz.simpl.SimpleThreadPool$WorkerThread.run(SimpleThreadPool.java:573)\r\nCaused by: org.springframework.jdbc.BadSqlGrammarException: \r\n### Error querying database.  Cause: java.sql.SQLSyntaxErrorException: Unknown column \'job_id\' in \'field list\'\r\n### The error may exist in file [D:\\source_code\\project-xiangxiang\\kt-watchdog\\kt-watchdog-busi\\target\\classes\\mapper\\busi\\KtExecutionLogMapper.xml]\r\n### The error may involve com.hzzftech.watchdog.busi.mapper.KtExecutionLogMapper.selectKtExecutionLogList-Inline\r\n### The error occurred while setting parameters\r\n### SQL: select id, task_name, start_time, end_time, execution_method, slave_id, status, execution_configuration, execution_log, execution_type, task_group, carte_id, image_path, task_id, task_sort, batch_id, task_type, remark,dp_repo_type, job_id, job_name from kt_execution_log                WHERE  status = ?\r\n### Cause: java.sql.SQLSyntaxErrorException: Unknown column \'job_id\' in \'field list\'\n; bad SQL grammar []; nested exception is java.sql.SQLSyntaxErrorException: Unknown column \'job_id\' in \'field list\'\r\n	at org.springframework.jdbc.support.SQLErrorCodeSQLExceptionTranslator.doTranslate(SQLErrorCodeSQLExceptionTranslator.ja', '2022-04-09 10:53:30', 'sys');
INSERT INTO `sys_job_log` VALUES (10, 'job和trans日志', 'DEFAULT', 'executeLogTask.editLogStatus()', 'job和trans日志 总共耗时：2毫秒', '1', 'java.lang.reflect.InvocationTargetException\r\n	at sun.reflect.NativeMethodAccessorImpl.invoke0(Native Method)\r\n	at sun.reflect.NativeMethodAccessorImpl.invoke(NativeMethodAccessorImpl.java:62)\r\n	at sun.reflect.DelegatingMethodAccessorImpl.invoke(DelegatingMethodAccessorImpl.java:43)\r\n	at java.lang.reflect.Method.invoke(Method.java:498)\r\n	at com.hzzftech.watchdog.quartz.util.JobInvokeUtil.invokeMethod(JobInvokeUtil.java:61)\r\n	at com.hzzftech.watchdog.quartz.util.JobInvokeUtil.invokeMethod(JobInvokeUtil.java:33)\r\n	at com.hzzftech.watchdog.quartz.util.QuartzDisallowConcurrentExecution.doExecute(QuartzDisallowConcurrentExecution.java:19)\r\n	at com.hzzftech.watchdog.quartz.util.AbstractQuartzJob.execute(AbstractQuartzJob.java:45)\r\n	at org.quartz.core.JobRunShell.run(JobRunShell.java:202)\r\n	at org.quartz.simpl.SimpleThreadPool$WorkerThread.run(SimpleThreadPool.java:573)\r\nCaused by: org.springframework.jdbc.BadSqlGrammarException: \r\n### Error querying database.  Cause: java.sql.SQLSyntaxErrorException: Unknown column \'job_id\' in \'field list\'\r\n### The error may exist in file [D:\\source_code\\project-xiangxiang\\kt-watchdog\\kt-watchdog-busi\\target\\classes\\mapper\\busi\\KtExecutionLogMapper.xml]\r\n### The error may involve com.hzzftech.watchdog.busi.mapper.KtExecutionLogMapper.selectKtExecutionLogList-Inline\r\n### The error occurred while setting parameters\r\n### SQL: select id, task_name, start_time, end_time, execution_method, slave_id, status, execution_configuration, execution_log, execution_type, task_group, carte_id, image_path, task_id, task_sort, batch_id, task_type, remark,dp_repo_type, job_id, job_name from kt_execution_log                WHERE  status = ?\r\n### Cause: java.sql.SQLSyntaxErrorException: Unknown column \'job_id\' in \'field list\'\n; bad SQL grammar []; nested exception is java.sql.SQLSyntaxErrorException: Unknown column \'job_id\' in \'field list\'\r\n	at org.springframework.jdbc.support.SQLErrorCodeSQLExceptionTranslator.doTranslate(SQLErrorCodeSQLExceptionTranslator.ja', '2022-04-09 10:53:40', 'sys');
INSERT INTO `sys_job_log` VALUES (11, 'job和trans日志', 'DEFAULT', 'executeLogTask.editLogStatus()', 'job和trans日志 总共耗时：5毫秒', '1', 'java.lang.reflect.InvocationTargetException\r\n	at sun.reflect.NativeMethodAccessorImpl.invoke0(Native Method)\r\n	at sun.reflect.NativeMethodAccessorImpl.invoke(NativeMethodAccessorImpl.java:62)\r\n	at sun.reflect.DelegatingMethodAccessorImpl.invoke(DelegatingMethodAccessorImpl.java:43)\r\n	at java.lang.reflect.Method.invoke(Method.java:498)\r\n	at com.hzzftech.watchdog.quartz.util.JobInvokeUtil.invokeMethod(JobInvokeUtil.java:61)\r\n	at com.hzzftech.watchdog.quartz.util.JobInvokeUtil.invokeMethod(JobInvokeUtil.java:33)\r\n	at com.hzzftech.watchdog.quartz.util.QuartzDisallowConcurrentExecution.doExecute(QuartzDisallowConcurrentExecution.java:19)\r\n	at com.hzzftech.watchdog.quartz.util.AbstractQuartzJob.execute(AbstractQuartzJob.java:45)\r\n	at org.quartz.core.JobRunShell.run(JobRunShell.java:202)\r\n	at org.quartz.simpl.SimpleThreadPool$WorkerThread.run(SimpleThreadPool.java:573)\r\nCaused by: org.springframework.jdbc.BadSqlGrammarException: \r\n### Error querying database.  Cause: java.sql.SQLSyntaxErrorException: Unknown column \'job_id\' in \'field list\'\r\n### The error may exist in file [D:\\source_code\\project-xiangxiang\\kt-watchdog\\kt-watchdog-busi\\target\\classes\\mapper\\busi\\KtExecutionLogMapper.xml]\r\n### The error may involve com.hzzftech.watchdog.busi.mapper.KtExecutionLogMapper.selectKtExecutionLogList-Inline\r\n### The error occurred while setting parameters\r\n### SQL: select id, task_name, start_time, end_time, execution_method, slave_id, status, execution_configuration, execution_log, execution_type, task_group, carte_id, image_path, task_id, task_sort, batch_id, task_type, remark,dp_repo_type, job_id, job_name from kt_execution_log                WHERE  status = ?\r\n### Cause: java.sql.SQLSyntaxErrorException: Unknown column \'job_id\' in \'field list\'\n; bad SQL grammar []; nested exception is java.sql.SQLSyntaxErrorException: Unknown column \'job_id\' in \'field list\'\r\n	at org.springframework.jdbc.support.SQLErrorCodeSQLExceptionTranslator.doTranslate(SQLErrorCodeSQLExceptionTranslator.ja', '2022-04-09 10:53:50', 'sys');
INSERT INTO `sys_job_log` VALUES (12, 'job和trans日志', 'DEFAULT', 'executeLogTask.editLogStatus()', 'job和trans日志 总共耗时：4毫秒', '1', 'java.lang.reflect.InvocationTargetException\r\n	at sun.reflect.NativeMethodAccessorImpl.invoke0(Native Method)\r\n	at sun.reflect.NativeMethodAccessorImpl.invoke(NativeMethodAccessorImpl.java:62)\r\n	at sun.reflect.DelegatingMethodAccessorImpl.invoke(DelegatingMethodAccessorImpl.java:43)\r\n	at java.lang.reflect.Method.invoke(Method.java:498)\r\n	at com.hzzftech.watchdog.quartz.util.JobInvokeUtil.invokeMethod(JobInvokeUtil.java:61)\r\n	at com.hzzftech.watchdog.quartz.util.JobInvokeUtil.invokeMethod(JobInvokeUtil.java:33)\r\n	at com.hzzftech.watchdog.quartz.util.QuartzDisallowConcurrentExecution.doExecute(QuartzDisallowConcurrentExecution.java:19)\r\n	at com.hzzftech.watchdog.quartz.util.AbstractQuartzJob.execute(AbstractQuartzJob.java:45)\r\n	at org.quartz.core.JobRunShell.run(JobRunShell.java:202)\r\n	at org.quartz.simpl.SimpleThreadPool$WorkerThread.run(SimpleThreadPool.java:573)\r\nCaused by: org.springframework.jdbc.BadSqlGrammarException: \r\n### Error querying database.  Cause: java.sql.SQLSyntaxErrorException: Unknown column \'job_id\' in \'field list\'\r\n### The error may exist in file [D:\\source_code\\project-xiangxiang\\kt-watchdog\\kt-watchdog-busi\\target\\classes\\mapper\\busi\\KtExecutionLogMapper.xml]\r\n### The error may involve com.hzzftech.watchdog.busi.mapper.KtExecutionLogMapper.selectKtExecutionLogList-Inline\r\n### The error occurred while setting parameters\r\n### SQL: select id, task_name, start_time, end_time, execution_method, slave_id, status, execution_configuration, execution_log, execution_type, task_group, carte_id, image_path, task_id, task_sort, batch_id, task_type, remark,dp_repo_type, job_id, job_name from kt_execution_log                WHERE  status = ?\r\n### Cause: java.sql.SQLSyntaxErrorException: Unknown column \'job_id\' in \'field list\'\n; bad SQL grammar []; nested exception is java.sql.SQLSyntaxErrorException: Unknown column \'job_id\' in \'field list\'\r\n	at org.springframework.jdbc.support.SQLErrorCodeSQLExceptionTranslator.doTranslate(SQLErrorCodeSQLExceptionTranslator.ja', '2022-04-09 10:54:00', 'sys');
INSERT INTO `sys_job_log` VALUES (13, 'job和trans日志', 'DEFAULT', 'executeLogTask.editLogStatus()', 'job和trans日志 总共耗时：3毫秒', '1', 'java.lang.reflect.InvocationTargetException\r\n	at sun.reflect.NativeMethodAccessorImpl.invoke0(Native Method)\r\n	at sun.reflect.NativeMethodAccessorImpl.invoke(NativeMethodAccessorImpl.java:62)\r\n	at sun.reflect.DelegatingMethodAccessorImpl.invoke(DelegatingMethodAccessorImpl.java:43)\r\n	at java.lang.reflect.Method.invoke(Method.java:498)\r\n	at com.hzzftech.watchdog.quartz.util.JobInvokeUtil.invokeMethod(JobInvokeUtil.java:61)\r\n	at com.hzzftech.watchdog.quartz.util.JobInvokeUtil.invokeMethod(JobInvokeUtil.java:33)\r\n	at com.hzzftech.watchdog.quartz.util.QuartzDisallowConcurrentExecution.doExecute(QuartzDisallowConcurrentExecution.java:19)\r\n	at com.hzzftech.watchdog.quartz.util.AbstractQuartzJob.execute(AbstractQuartzJob.java:45)\r\n	at org.quartz.core.JobRunShell.run(JobRunShell.java:202)\r\n	at org.quartz.simpl.SimpleThreadPool$WorkerThread.run(SimpleThreadPool.java:573)\r\nCaused by: org.springframework.jdbc.BadSqlGrammarException: \r\n### Error querying database.  Cause: java.sql.SQLSyntaxErrorException: Unknown column \'job_id\' in \'field list\'\r\n### The error may exist in file [D:\\source_code\\project-xiangxiang\\kt-watchdog\\kt-watchdog-busi\\target\\classes\\mapper\\busi\\KtExecutionLogMapper.xml]\r\n### The error may involve com.hzzftech.watchdog.busi.mapper.KtExecutionLogMapper.selectKtExecutionLogList-Inline\r\n### The error occurred while setting parameters\r\n### SQL: select id, task_name, start_time, end_time, execution_method, slave_id, status, execution_configuration, execution_log, execution_type, task_group, carte_id, image_path, task_id, task_sort, batch_id, task_type, remark,dp_repo_type, job_id, job_name from kt_execution_log                WHERE  status = ?\r\n### Cause: java.sql.SQLSyntaxErrorException: Unknown column \'job_id\' in \'field list\'\n; bad SQL grammar []; nested exception is java.sql.SQLSyntaxErrorException: Unknown column \'job_id\' in \'field list\'\r\n	at org.springframework.jdbc.support.SQLErrorCodeSQLExceptionTranslator.doTranslate(SQLErrorCodeSQLExceptionTranslator.ja', '2022-04-09 10:54:10', 'sys');
INSERT INTO `sys_job_log` VALUES (14, 'job和trans日志', 'DEFAULT', 'executeLogTask.editLogStatus()', 'job和trans日志 总共耗时：2毫秒', '1', 'java.lang.reflect.InvocationTargetException\r\n	at sun.reflect.NativeMethodAccessorImpl.invoke0(Native Method)\r\n	at sun.reflect.NativeMethodAccessorImpl.invoke(NativeMethodAccessorImpl.java:62)\r\n	at sun.reflect.DelegatingMethodAccessorImpl.invoke(DelegatingMethodAccessorImpl.java:43)\r\n	at java.lang.reflect.Method.invoke(Method.java:498)\r\n	at com.hzzftech.watchdog.quartz.util.JobInvokeUtil.invokeMethod(JobInvokeUtil.java:61)\r\n	at com.hzzftech.watchdog.quartz.util.JobInvokeUtil.invokeMethod(JobInvokeUtil.java:33)\r\n	at com.hzzftech.watchdog.quartz.util.QuartzDisallowConcurrentExecution.doExecute(QuartzDisallowConcurrentExecution.java:19)\r\n	at com.hzzftech.watchdog.quartz.util.AbstractQuartzJob.execute(AbstractQuartzJob.java:45)\r\n	at org.quartz.core.JobRunShell.run(JobRunShell.java:202)\r\n	at org.quartz.simpl.SimpleThreadPool$WorkerThread.run(SimpleThreadPool.java:573)\r\nCaused by: org.springframework.jdbc.BadSqlGrammarException: \r\n### Error querying database.  Cause: java.sql.SQLSyntaxErrorException: Unknown column \'job_id\' in \'field list\'\r\n### The error may exist in file [D:\\source_code\\project-xiangxiang\\kt-watchdog\\kt-watchdog-busi\\target\\classes\\mapper\\busi\\KtExecutionLogMapper.xml]\r\n### The error may involve com.hzzftech.watchdog.busi.mapper.KtExecutionLogMapper.selectKtExecutionLogList-Inline\r\n### The error occurred while setting parameters\r\n### SQL: select id, task_name, start_time, end_time, execution_method, slave_id, status, execution_configuration, execution_log, execution_type, task_group, carte_id, image_path, task_id, task_sort, batch_id, task_type, remark,dp_repo_type, job_id, job_name from kt_execution_log                WHERE  status = ?\r\n### Cause: java.sql.SQLSyntaxErrorException: Unknown column \'job_id\' in \'field list\'\n; bad SQL grammar []; nested exception is java.sql.SQLSyntaxErrorException: Unknown column \'job_id\' in \'field list\'\r\n	at org.springframework.jdbc.support.SQLErrorCodeSQLExceptionTranslator.doTranslate(SQLErrorCodeSQLExceptionTranslator.ja', '2022-04-09 10:54:20', 'sys');
INSERT INTO `sys_job_log` VALUES (15, 'job和trans日志', 'DEFAULT', 'executeLogTask.editLogStatus()', 'job和trans日志 总共耗时：31216毫秒', '1', 'java.lang.reflect.InvocationTargetException\r\n	at sun.reflect.NativeMethodAccessorImpl.invoke0(Native Method)\r\n	at sun.reflect.NativeMethodAccessorImpl.invoke(NativeMethodAccessorImpl.java:62)\r\n	at sun.reflect.DelegatingMethodAccessorImpl.invoke(DelegatingMethodAccessorImpl.java:43)\r\n	at java.lang.reflect.Method.invoke(Method.java:498)\r\n	at com.hzzftech.watchdog.quartz.util.JobInvokeUtil.invokeMethod(JobInvokeUtil.java:61)\r\n	at com.hzzftech.watchdog.quartz.util.JobInvokeUtil.invokeMethod(JobInvokeUtil.java:33)\r\n	at com.hzzftech.watchdog.quartz.util.QuartzDisallowConcurrentExecution.doExecute(QuartzDisallowConcurrentExecution.java:19)\r\n	at com.hzzftech.watchdog.quartz.util.AbstractQuartzJob.execute(AbstractQuartzJob.java:45)\r\n	at org.quartz.core.JobRunShell.run(JobRunShell.java:202)\r\n	at org.quartz.simpl.SimpleThreadPool$WorkerThread.run(SimpleThreadPool.java:573)\r\nCaused by: org.springframework.jdbc.BadSqlGrammarException: \r\n### Error querying database.  Cause: java.sql.SQLSyntaxErrorException: Unknown column \'job_id\' in \'field list\'\r\n### The error may exist in file [D:\\source_code\\project-xiangxiang\\kt-watchdog\\kt-watchdog-busi\\target\\classes\\mapper\\busi\\KtExecutionLogMapper.xml]\r\n### The error may involve com.hzzftech.watchdog.busi.mapper.KtExecutionLogMapper.selectKtExecutionLogList-Inline\r\n### The error occurred while setting parameters\r\n### SQL: select id, task_name, start_time, end_time, execution_method, slave_id, status, execution_configuration, execution_log, execution_type, task_group, carte_id, image_path, task_id, task_sort, batch_id, task_type, remark,dp_repo_type, job_id, job_name from kt_execution_log                WHERE  status = ?\r\n### Cause: java.sql.SQLSyntaxErrorException: Unknown column \'job_id\' in \'field list\'\n; bad SQL grammar []; nested exception is java.sql.SQLSyntaxErrorException: Unknown column \'job_id\' in \'field list\'\r\n	at org.springframework.jdbc.support.SQLErrorCodeSQLExceptionTranslator.doTranslate(SQLErrorCodeSQLExceptionTranslator.ja', '2022-04-09 10:55:12', 'sys');
INSERT INTO `sys_job_log` VALUES (16, 'job和trans日志', 'DEFAULT', 'executeLogTask.editLogStatus()', 'job和trans日志 总共耗时：105958毫秒', '1', 'java.lang.reflect.InvocationTargetException\r\n	at sun.reflect.NativeMethodAccessorImpl.invoke0(Native Method)\r\n	at sun.reflect.NativeMethodAccessorImpl.invoke(NativeMethodAccessorImpl.java:62)\r\n	at sun.reflect.DelegatingMethodAccessorImpl.invoke(DelegatingMethodAccessorImpl.java:43)\r\n	at java.lang.reflect.Method.invoke(Method.java:498)\r\n	at com.hzzftech.watchdog.quartz.util.JobInvokeUtil.invokeMethod(JobInvokeUtil.java:61)\r\n	at com.hzzftech.watchdog.quartz.util.JobInvokeUtil.invokeMethod(JobInvokeUtil.java:33)\r\n	at com.hzzftech.watchdog.quartz.util.QuartzDisallowConcurrentExecution.doExecute(QuartzDisallowConcurrentExecution.java:19)\r\n	at com.hzzftech.watchdog.quartz.util.AbstractQuartzJob.execute(AbstractQuartzJob.java:45)\r\n	at org.quartz.core.JobRunShell.run(JobRunShell.java:202)\r\n	at org.quartz.simpl.SimpleThreadPool$WorkerThread.run(SimpleThreadPool.java:573)\r\nCaused by: org.springframework.jdbc.BadSqlGrammarException: \r\n### Error querying database.  Cause: java.sql.SQLSyntaxErrorException: Unknown column \'job_id\' in \'field list\'\r\n### The error may exist in file [D:\\source_code\\project-xiangxiang\\kt-watchdog\\kt-watchdog-busi\\target\\classes\\mapper\\busi\\KtExecutionLogMapper.xml]\r\n### The error may involve com.hzzftech.watchdog.busi.mapper.KtExecutionLogMapper.selectKtExecutionLogList-Inline\r\n### The error occurred while setting parameters\r\n### SQL: select id, task_name, start_time, end_time, execution_method, slave_id, status, execution_configuration, execution_log, execution_type, task_group, carte_id, image_path, task_id, task_sort, batch_id, task_type, remark,dp_repo_type, job_id, job_name from kt_execution_log                WHERE  status = ?\r\n### Cause: java.sql.SQLSyntaxErrorException: Unknown column \'job_id\' in \'field list\'\n; bad SQL grammar []; nested exception is java.sql.SQLSyntaxErrorException: Unknown column \'job_id\' in \'field list\'\r\n	at org.springframework.jdbc.support.SQLErrorCodeSQLExceptionTranslator.doTranslate(SQLErrorCodeSQLExceptionTranslator.ja', '2022-04-09 10:56:58', 'sys');
INSERT INTO `sys_job_log` VALUES (17, '测试任务', 'DEFAULT', 'KtDispatcherServiceImpl.launchFJob(\'1\', 1)', '测试任务 总共耗时：78毫秒', '1', 'java.lang.reflect.InvocationTargetException\r\n	at sun.reflect.NativeMethodAccessorImpl.invoke0(Native Method)\r\n	at sun.reflect.NativeMethodAccessorImpl.invoke(NativeMethodAccessorImpl.java:62)\r\n	at sun.reflect.DelegatingMethodAccessorImpl.invoke(DelegatingMethodAccessorImpl.java:43)\r\n	at java.lang.reflect.Method.invoke(Method.java:498)\r\n	at com.hzzftech.watchdog.quartz.util.JobInvokeUtil.invokeMethod(JobInvokeUtil.java:56)\r\n	at com.hzzftech.watchdog.quartz.util.JobInvokeUtil.invokeMethod(JobInvokeUtil.java:33)\r\n	at com.hzzftech.watchdog.quartz.util.QuartzDisallowConcurrentExecution.doExecute(QuartzDisallowConcurrentExecution.java:19)\r\n	at com.hzzftech.watchdog.quartz.util.AbstractQuartzJob.execute(AbstractQuartzJob.java:45)\r\n	at org.quartz.core.JobRunShell.run(JobRunShell.java:202)\r\n	at org.quartz.simpl.SimpleThreadPool$WorkerThread.run(SimpleThreadPool.java:573)\r\nCaused by: org.pentaho.di.core.exception.KettleXMLException: \r\nError reading information from input stream\r\nContent is not allowed in prolog.\r\n\r\n	at org.pentaho.di.core.xml.XMLHandler.loadXMLFile(XMLHandler.java:656)\r\n	at org.pentaho.di.core.xml.XMLHandler.loadXMLFile(XMLHandler.java:580)\r\n	at org.pentaho.di.core.xml.XMLHandler.loadXMLFile(XMLHandler.java:561)\r\n	at org.pentaho.di.trans.TransMeta.<init>(TransMeta.java:2790)\r\n	at org.pentaho.di.trans.TransMeta.<init>(TransMeta.java:2750)\r\n	at org.pentaho.di.trans.TransMeta.<init>(TransMeta.java:2727)\r\n	at org.pentaho.di.trans.TransMeta.<init>(TransMeta.java:2707)\r\n	at org.pentaho.di.trans.TransMeta.<init>(TransMeta.java:2672)\r\n	at org.pentaho.di.trans.TransMeta.<init>(TransMeta.java:2635)\r\n	at com.hzzftech.watchdog.busi.service.impl.KtDispatcherServiceImpl.startFTrans(KtDispatcherServiceImpl.java:455)\r\n	at com.hzzftech.watchdog.busi.service.impl.KtDispatcherServiceImpl.launchFJob(KtDispatcherServiceImpl.java:368)\r\n	at com.hzzftech.watchdog.busi.service.impl.KtDispatcherServiceImpl.launchFJob(KtDispatcherServiceImpl.java:307)\r\n	at com.hzzftech.watchdog.busi.se', '2022-04-09 17:09:41', 'kettle');
INSERT INTO `sys_job_log` VALUES (18, '测试任务', 'DEFAULT', 'KtDispatcherServiceImpl.launchFJob(\'1\', 1)', '测试任务 总共耗时：44毫秒', '1', 'java.lang.reflect.InvocationTargetException\r\n	at sun.reflect.NativeMethodAccessorImpl.invoke0(Native Method)\r\n	at sun.reflect.NativeMethodAccessorImpl.invoke(NativeMethodAccessorImpl.java:62)\r\n	at sun.reflect.DelegatingMethodAccessorImpl.invoke(DelegatingMethodAccessorImpl.java:43)\r\n	at java.lang.reflect.Method.invoke(Method.java:498)\r\n	at com.hzzftech.watchdog.quartz.util.JobInvokeUtil.invokeMethod(JobInvokeUtil.java:56)\r\n	at com.hzzftech.watchdog.quartz.util.JobInvokeUtil.invokeMethod(JobInvokeUtil.java:33)\r\n	at com.hzzftech.watchdog.quartz.util.QuartzDisallowConcurrentExecution.doExecute(QuartzDisallowConcurrentExecution.java:19)\r\n	at com.hzzftech.watchdog.quartz.util.AbstractQuartzJob.execute(AbstractQuartzJob.java:45)\r\n	at org.quartz.core.JobRunShell.run(JobRunShell.java:202)\r\n	at org.quartz.simpl.SimpleThreadPool$WorkerThread.run(SimpleThreadPool.java:573)\r\nCaused by: org.pentaho.di.core.exception.KettleXMLException: \r\nError reading information from input stream\r\nContent is not allowed in prolog.\r\n\r\n	at org.pentaho.di.core.xml.XMLHandler.loadXMLFile(XMLHandler.java:656)\r\n	at org.pentaho.di.core.xml.XMLHandler.loadXMLFile(XMLHandler.java:580)\r\n	at org.pentaho.di.core.xml.XMLHandler.loadXMLFile(XMLHandler.java:561)\r\n	at org.pentaho.di.trans.TransMeta.<init>(TransMeta.java:2790)\r\n	at org.pentaho.di.trans.TransMeta.<init>(TransMeta.java:2750)\r\n	at org.pentaho.di.trans.TransMeta.<init>(TransMeta.java:2727)\r\n	at org.pentaho.di.trans.TransMeta.<init>(TransMeta.java:2707)\r\n	at org.pentaho.di.trans.TransMeta.<init>(TransMeta.java:2672)\r\n	at org.pentaho.di.trans.TransMeta.<init>(TransMeta.java:2635)\r\n	at com.hzzftech.watchdog.busi.service.impl.KtDispatcherServiceImpl.startFTrans(KtDispatcherServiceImpl.java:455)\r\n	at com.hzzftech.watchdog.busi.service.impl.KtDispatcherServiceImpl.launchFJob(KtDispatcherServiceImpl.java:368)\r\n	at com.hzzftech.watchdog.busi.service.impl.KtDispatcherServiceImpl.launchFJob(KtDispatcherServiceImpl.java:307)\r\n	at com.hzzftech.watchdog.busi.se', '2022-04-09 17:12:51', 'kettle');

-- ----------------------------
-- Table structure for sys_logininfor
-- ----------------------------
DROP TABLE IF EXISTS `sys_logininfor`;
CREATE TABLE `sys_logininfor`  (
  `info_id` bigint(20) NOT NULL AUTO_INCREMENT COMMENT '访问ID',
  `login_name` varchar(50) CHARACTER SET utf8mb4 COLLATE utf8mb4_bin NULL DEFAULT '' COMMENT '登录账号',
  `ipaddr` varchar(128) CHARACTER SET utf8mb4 COLLATE utf8mb4_bin NULL DEFAULT '' COMMENT '登录IP地址',
  `login_location` varchar(255) CHARACTER SET utf8mb4 COLLATE utf8mb4_bin NULL DEFAULT '' COMMENT '登录地点',
  `browser` varchar(50) CHARACTER SET utf8mb4 COLLATE utf8mb4_bin NULL DEFAULT '' COMMENT '浏览器类型',
  `os` varchar(50) CHARACTER SET utf8mb4 COLLATE utf8mb4_bin NULL DEFAULT '' COMMENT '操作系统',
  `status` char(1) CHARACTER SET utf8mb4 COLLATE utf8mb4_bin NULL DEFAULT '0' COMMENT '登录状态（0成功 1失败）',
  `msg` varchar(255) CHARACTER SET utf8mb4 COLLATE utf8mb4_bin NULL DEFAULT '' COMMENT '提示消息',
  `login_time` datetime(0) NULL DEFAULT NULL COMMENT '访问时间',
  PRIMARY KEY (`info_id`) USING BTREE
) ENGINE = InnoDB AUTO_INCREMENT = 7 CHARACTER SET = utf8mb4 COLLATE = utf8mb4_bin COMMENT = '系统访问记录' ROW_FORMAT = DYNAMIC;

-- ----------------------------
-- Records of sys_logininfor
-- ----------------------------
INSERT INTO `sys_logininfor` VALUES (1, 'admin', '127.0.0.1', '内网IP', 'Chrome 10', 'Windows 10', '0', '登录成功', '2022-04-09 15:35:22');
INSERT INTO `sys_logininfor` VALUES (2, 'admin', '127.0.0.1', '内网IP', 'Chrome 10', 'Windows 10', '0', '登录成功', '2022-04-09 16:36:43');
INSERT INTO `sys_logininfor` VALUES (3, 'admin', '127.0.0.1', '内网IP', 'Chrome 10', 'Windows 10', '0', '登录成功', '2022-04-09 16:46:00');
INSERT INTO `sys_logininfor` VALUES (4, 'admin', '127.0.0.1', '内网IP', 'Chrome 10', 'Windows 10', '0', '登录成功', '2022-04-09 16:53:15');
INSERT INTO `sys_logininfor` VALUES (5, 'admin', '127.0.0.1', '内网IP', 'Chrome 10', 'Windows 10', '0', '登录成功', '2022-04-09 16:56:46');
INSERT INTO `sys_logininfor` VALUES (6, 'admin', '127.0.0.1', '内网IP', 'Chrome 10', 'Windows 10', '0', '登录成功', '2022-04-09 17:00:52');

-- ----------------------------
-- Table structure for sys_menu
-- ----------------------------
DROP TABLE IF EXISTS `sys_menu`;
CREATE TABLE `sys_menu`  (
  `menu_id` bigint(20) NOT NULL AUTO_INCREMENT COMMENT '菜单ID',
  `menu_name` varchar(50) CHARACTER SET utf8mb4 COLLATE utf8mb4_bin NOT NULL COMMENT '菜单名称',
  `parent_id` bigint(20) NULL DEFAULT 0 COMMENT '父菜单ID',
  `order_num` int(4) NULL DEFAULT 0 COMMENT '显示顺序',
  `url` varchar(200) CHARACTER SET utf8mb4 COLLATE utf8mb4_bin NULL DEFAULT '#' COMMENT '请求地址',
  `target` varchar(20) CHARACTER SET utf8mb4 COLLATE utf8mb4_bin NULL DEFAULT '' COMMENT '打开方式（menuItem页签 menuBlank新窗口）',
  `menu_type` char(1) CHARACTER SET utf8mb4 COLLATE utf8mb4_bin NULL DEFAULT '' COMMENT '菜单类型（M目录 C菜单 F按钮）',
  `visible` char(1) CHARACTER SET utf8mb4 COLLATE utf8mb4_bin NULL DEFAULT '0' COMMENT '菜单状态（0显示 1隐藏）',
  `is_refresh` char(1) CHARACTER SET utf8mb4 COLLATE utf8mb4_bin NULL DEFAULT '1' COMMENT '是否刷新（0刷新 1不刷新）',
  `perms` varchar(100) CHARACTER SET utf8mb4 COLLATE utf8mb4_bin NULL DEFAULT NULL COMMENT '权限标识',
  `icon` varchar(100) CHARACTER SET utf8mb4 COLLATE utf8mb4_bin NULL DEFAULT '#' COMMENT '菜单图标',
  `create_by` varchar(64) CHARACTER SET utf8mb4 COLLATE utf8mb4_bin NULL DEFAULT '' COMMENT '创建者',
  `create_time` datetime(0) NULL DEFAULT NULL COMMENT '创建时间',
  `update_by` varchar(64) CHARACTER SET utf8mb4 COLLATE utf8mb4_bin NULL DEFAULT '' COMMENT '更新者',
  `update_time` datetime(0) NULL DEFAULT NULL COMMENT '更新时间',
  `remark` varchar(500) CHARACTER SET utf8mb4 COLLATE utf8mb4_bin NULL DEFAULT '' COMMENT '备注',
  PRIMARY KEY (`menu_id`) USING BTREE
) ENGINE = InnoDB AUTO_INCREMENT = 2167 CHARACTER SET = utf8mb4 COLLATE = utf8mb4_bin COMMENT = '菜单权限表' ROW_FORMAT = DYNAMIC;

-- ----------------------------
-- Records of sys_menu
-- ----------------------------
INSERT INTO `sys_menu` VALUES (1, '系统管理', 0, 1, '#', '', 'M', '0', '1', '', 'fa fa-gear', 'admin', '2021-11-24 16:39:23', '', NULL, '系统管理目录');
INSERT INTO `sys_menu` VALUES (2, '系统监控', 0, 2, '#', '', 'M', '0', '1', '', 'fa fa-video-camera', 'admin', '2021-11-24 16:39:23', '', NULL, '系统监控目录');
INSERT INTO `sys_menu` VALUES (3, '系统工具', 0, 3, '#', '', 'M', '0', '1', '', 'fa fa-bars', 'admin', '2021-11-24 16:39:23', '', NULL, '系统工具目录');
INSERT INTO `sys_menu` VALUES (100, '用户管理', 1, 1, '/system/user', '', 'C', '0', '1', 'system:user:view', 'fa fa-user-o', 'admin', '2021-11-24 16:39:23', '', NULL, '用户管理菜单');
INSERT INTO `sys_menu` VALUES (101, '角色管理', 1, 2, '/system/role', '', 'C', '0', '1', 'system:role:view', 'fa fa-user-secret', 'admin', '2021-11-24 16:39:23', '', NULL, '角色管理菜单');
INSERT INTO `sys_menu` VALUES (102, '菜单管理', 1, 3, '/system/menu', '', 'C', '0', '1', 'system:menu:view', 'fa fa-th-list', 'admin', '2021-11-24 16:39:23', '', NULL, '菜单管理菜单');
INSERT INTO `sys_menu` VALUES (103, '部门管理', 1, 4, '/system/dept', '', 'C', '0', '1', 'system:dept:view', 'fa fa-outdent', 'admin', '2021-11-24 16:39:23', '', NULL, '部门管理菜单');
INSERT INTO `sys_menu` VALUES (104, '岗位管理', 1, 5, '/system/post', '', 'C', '0', '1', 'system:post:view', 'fa fa-address-card-o', 'admin', '2021-11-24 16:39:23', '', NULL, '岗位管理菜单');
INSERT INTO `sys_menu` VALUES (105, '字典管理', 1, 6, '/system/dict', '', 'C', '0', '1', 'system:dict:view', 'fa fa-bookmark-o', 'admin', '2021-11-24 16:39:23', '', NULL, '字典管理菜单');
INSERT INTO `sys_menu` VALUES (106, '参数设置', 1, 7, '/system/config', '', 'C', '0', '1', 'system:config:view', 'fa fa-sun-o', 'admin', '2021-11-24 16:39:23', '', NULL, '参数设置菜单');
INSERT INTO `sys_menu` VALUES (107, '通知公告', 1, 8, '/system/notice', '', 'C', '0', '1', 'system:notice:view', 'fa fa-bullhorn', 'admin', '2021-11-24 16:39:23', '', NULL, '通知公告菜单');
INSERT INTO `sys_menu` VALUES (108, '日志管理', 1, 9, '#', '', 'M', '0', '1', '', 'fa fa-pencil-square-o', 'admin', '2021-11-24 16:39:23', '', NULL, '日志管理菜单');
INSERT INTO `sys_menu` VALUES (109, '在线用户', 2, 1, '/monitor/online', '', 'C', '0', '1', 'monitor:online:view', 'fa fa-user-circle', 'admin', '2021-11-24 16:39:23', '', NULL, '在线用户菜单');
INSERT INTO `sys_menu` VALUES (110, '定时任务', 2, 10, '/monitor/job', 'menuItem', 'C', '0', '1', 'monitor:job:view', 'fa fa-tasks', 'admin', '2021-11-24 16:39:23', 'admin', '2022-01-05 14:18:50', '定时任务菜单');
INSERT INTO `sys_menu` VALUES (111, '数据监控', 2, 3, '/monitor/data', '', 'C', '0', '1', 'monitor:data:view', 'fa fa-bug', 'admin', '2021-11-24 16:39:23', '', NULL, '数据监控菜单');
INSERT INTO `sys_menu` VALUES (112, '服务监控', 2, 4, '/monitor/server', '', 'C', '0', '1', 'monitor:server:view', 'fa fa-server', 'admin', '2021-11-24 16:39:23', '', NULL, '服务监控菜单');
INSERT INTO `sys_menu` VALUES (113, '缓存监控', 2, 5, '/monitor/cache', '', 'C', '0', '1', 'monitor:cache:view', 'fa fa-cube', 'admin', '2021-11-24 16:39:23', '', NULL, '缓存监控菜单');
INSERT INTO `sys_menu` VALUES (114, '表单构建', 3, 1, '/tool/build', '', 'C', '0', '1', 'tool:build:view', 'fa fa-wpforms', 'admin', '2021-11-24 16:39:23', '', NULL, '表单构建菜单');
INSERT INTO `sys_menu` VALUES (115, '代码生成', 3, 2, '/tool/gen', '', 'C', '0', '1', 'tool:gen:view', 'fa fa-code', 'admin', '2021-11-24 16:39:23', '', NULL, '代码生成菜单');
INSERT INTO `sys_menu` VALUES (116, '系统接口', 3, 3, '/tool/swagger', '', 'C', '0', '1', 'tool:swagger:view', 'fa fa-gg', 'admin', '2021-11-24 16:39:23', '', NULL, '系统接口菜单');
INSERT INTO `sys_menu` VALUES (500, '操作日志', 108, 1, '/monitor/operlog', '', 'C', '0', '1', 'monitor:operlog:view', 'fa fa-address-book', 'admin', '2021-11-24 16:39:23', '', NULL, '操作日志菜单');
INSERT INTO `sys_menu` VALUES (501, '登录日志', 108, 2, '/monitor/logininfor', '', 'C', '0', '1', 'monitor:logininfor:view', 'fa fa-file-image-o', 'admin', '2021-11-24 16:39:24', '', NULL, '登录日志菜单');
INSERT INTO `sys_menu` VALUES (1000, '用户查询', 100, 1, '#', '', 'F', '0', '1', 'system:user:list', '#', 'admin', '2021-11-24 16:39:24', '', NULL, '');
INSERT INTO `sys_menu` VALUES (1001, '用户新增', 100, 2, '#', '', 'F', '0', '1', 'system:user:add', '#', 'admin', '2021-11-24 16:39:24', '', NULL, '');
INSERT INTO `sys_menu` VALUES (1002, '用户修改', 100, 3, '#', '', 'F', '0', '1', 'system:user:edit', '#', 'admin', '2021-11-24 16:39:24', '', NULL, '');
INSERT INTO `sys_menu` VALUES (1003, '用户删除', 100, 4, '#', '', 'F', '0', '1', 'system:user:remove', '#', 'admin', '2021-11-24 16:39:24', '', NULL, '');
INSERT INTO `sys_menu` VALUES (1004, '用户导出', 100, 5, '#', '', 'F', '0', '1', 'system:user:export', '#', 'admin', '2021-11-24 16:39:24', '', NULL, '');
INSERT INTO `sys_menu` VALUES (1005, '用户导入', 100, 6, '#', '', 'F', '0', '1', 'system:user:import', '#', 'admin', '2021-11-24 16:39:24', '', NULL, '');
INSERT INTO `sys_menu` VALUES (1006, '重置密码', 100, 7, '#', '', 'F', '0', '1', 'system:user:resetPwd', '#', 'admin', '2021-11-24 16:39:24', '', NULL, '');
INSERT INTO `sys_menu` VALUES (1007, '角色查询', 101, 1, '#', '', 'F', '0', '1', 'system:role:list', '#', 'admin', '2021-11-24 16:39:24', '', NULL, '');
INSERT INTO `sys_menu` VALUES (1008, '角色新增', 101, 2, '#', '', 'F', '0', '1', 'system:role:add', '#', 'admin', '2021-11-24 16:39:24', '', NULL, '');
INSERT INTO `sys_menu` VALUES (1009, '角色修改', 101, 3, '#', '', 'F', '0', '1', 'system:role:edit', '#', 'admin', '2021-11-24 16:39:24', '', NULL, '');
INSERT INTO `sys_menu` VALUES (1010, '角色删除', 101, 4, '#', '', 'F', '0', '1', 'system:role:remove', '#', 'admin', '2021-11-24 16:39:24', '', NULL, '');
INSERT INTO `sys_menu` VALUES (1011, '角色导出', 101, 5, '#', '', 'F', '0', '1', 'system:role:export', '#', 'admin', '2021-11-24 16:39:24', '', NULL, '');
INSERT INTO `sys_menu` VALUES (1012, '菜单查询', 102, 1, '#', '', 'F', '0', '1', 'system:menu:list', '#', 'admin', '2021-11-24 16:39:24', '', NULL, '');
INSERT INTO `sys_menu` VALUES (1013, '菜单新增', 102, 2, '#', '', 'F', '0', '1', 'system:menu:add', '#', 'admin', '2021-11-24 16:39:24', '', NULL, '');
INSERT INTO `sys_menu` VALUES (1014, '菜单修改', 102, 3, '#', '', 'F', '0', '1', 'system:menu:edit', '#', 'admin', '2021-11-24 16:39:24', '', NULL, '');
INSERT INTO `sys_menu` VALUES (1015, '菜单删除', 102, 4, '#', '', 'F', '0', '1', 'system:menu:remove', '#', 'admin', '2021-11-24 16:39:24', '', NULL, '');
INSERT INTO `sys_menu` VALUES (1016, '部门查询', 103, 1, '#', '', 'F', '0', '1', 'system:dept:list', '#', 'admin', '2021-11-24 16:39:24', '', NULL, '');
INSERT INTO `sys_menu` VALUES (1017, '部门新增', 103, 2, '#', '', 'F', '0', '1', 'system:dept:add', '#', 'admin', '2021-11-24 16:39:24', '', NULL, '');
INSERT INTO `sys_menu` VALUES (1018, '部门修改', 103, 3, '#', '', 'F', '0', '1', 'system:dept:edit', '#', 'admin', '2021-11-24 16:39:24', '', NULL, '');
INSERT INTO `sys_menu` VALUES (1019, '部门删除', 103, 4, '#', '', 'F', '0', '1', 'system:dept:remove', '#', 'admin', '2021-11-24 16:39:24', '', NULL, '');
INSERT INTO `sys_menu` VALUES (1020, '岗位查询', 104, 1, '#', '', 'F', '0', '1', 'system:post:list', '#', 'admin', '2021-11-24 16:39:24', '', NULL, '');
INSERT INTO `sys_menu` VALUES (1021, '岗位新增', 104, 2, '#', '', 'F', '0', '1', 'system:post:add', '#', 'admin', '2021-11-24 16:39:24', '', NULL, '');
INSERT INTO `sys_menu` VALUES (1022, '岗位修改', 104, 3, '#', '', 'F', '0', '1', 'system:post:edit', '#', 'admin', '2021-11-24 16:39:24', '', NULL, '');
INSERT INTO `sys_menu` VALUES (1023, '岗位删除', 104, 4, '#', '', 'F', '0', '1', 'system:post:remove', '#', 'admin', '2021-11-24 16:39:24', '', NULL, '');
INSERT INTO `sys_menu` VALUES (1024, '岗位导出', 104, 5, '#', '', 'F', '0', '1', 'system:post:export', '#', 'admin', '2021-11-24 16:39:24', '', NULL, '');
INSERT INTO `sys_menu` VALUES (1025, '字典查询', 105, 1, '#', '', 'F', '0', '1', 'system:dict:list', '#', 'admin', '2021-11-24 16:39:25', '', NULL, '');
INSERT INTO `sys_menu` VALUES (1026, '字典新增', 105, 2, '#', '', 'F', '0', '1', 'system:dict:add', '#', 'admin', '2021-11-24 16:39:25', '', NULL, '');
INSERT INTO `sys_menu` VALUES (1027, '字典修改', 105, 3, '#', '', 'F', '0', '1', 'system:dict:edit', '#', 'admin', '2021-11-24 16:39:25', '', NULL, '');
INSERT INTO `sys_menu` VALUES (1028, '字典删除', 105, 4, '#', '', 'F', '0', '1', 'system:dict:remove', '#', 'admin', '2021-11-24 16:39:25', '', NULL, '');
INSERT INTO `sys_menu` VALUES (1029, '字典导出', 105, 5, '#', '', 'F', '0', '1', 'system:dict:export', '#', 'admin', '2021-11-24 16:39:25', '', NULL, '');
INSERT INTO `sys_menu` VALUES (1030, '参数查询', 106, 1, '#', '', 'F', '0', '1', 'system:config:list', '#', 'admin', '2021-11-24 16:39:25', '', NULL, '');
INSERT INTO `sys_menu` VALUES (1031, '参数新增', 106, 2, '#', '', 'F', '0', '1', 'system:config:add', '#', 'admin', '2021-11-24 16:39:25', '', NULL, '');
INSERT INTO `sys_menu` VALUES (1032, '参数修改', 106, 3, '#', '', 'F', '0', '1', 'system:config:edit', '#', 'admin', '2021-11-24 16:39:25', '', NULL, '');
INSERT INTO `sys_menu` VALUES (1033, '参数删除', 106, 4, '#', '', 'F', '0', '1', 'system:config:remove', '#', 'admin', '2021-11-24 16:39:25', '', NULL, '');
INSERT INTO `sys_menu` VALUES (1034, '参数导出', 106, 5, '#', '', 'F', '0', '1', 'system:config:export', '#', 'admin', '2021-11-24 16:39:25', '', NULL, '');
INSERT INTO `sys_menu` VALUES (1035, '公告查询', 107, 1, '#', '', 'F', '0', '1', 'system:notice:list', '#', 'admin', '2021-11-24 16:39:25', '', NULL, '');
INSERT INTO `sys_menu` VALUES (1036, '公告新增', 107, 2, '#', '', 'F', '0', '1', 'system:notice:add', '#', 'admin', '2021-11-24 16:39:25', '', NULL, '');
INSERT INTO `sys_menu` VALUES (1037, '公告修改', 107, 3, '#', '', 'F', '0', '1', 'system:notice:edit', '#', 'admin', '2021-11-24 16:39:25', '', NULL, '');
INSERT INTO `sys_menu` VALUES (1038, '公告删除', 107, 4, '#', '', 'F', '0', '1', 'system:notice:remove', '#', 'admin', '2021-11-24 16:39:25', '', NULL, '');
INSERT INTO `sys_menu` VALUES (1039, '操作查询', 500, 1, '#', '', 'F', '0', '1', 'monitor:operlog:list', '#', 'admin', '2021-11-24 16:39:25', '', NULL, '');
INSERT INTO `sys_menu` VALUES (1040, '操作删除', 500, 2, '#', '', 'F', '0', '1', 'monitor:operlog:remove', '#', 'admin', '2021-11-24 16:39:25', '', NULL, '');
INSERT INTO `sys_menu` VALUES (1041, '详细信息', 500, 3, '#', '', 'F', '0', '1', 'monitor:operlog:detail', '#', 'admin', '2021-11-24 16:39:25', '', NULL, '');
INSERT INTO `sys_menu` VALUES (1042, '日志导出', 500, 4, '#', '', 'F', '0', '1', 'monitor:operlog:export', '#', 'admin', '2021-11-24 16:39:25', '', NULL, '');
INSERT INTO `sys_menu` VALUES (1043, '登录查询', 501, 1, '#', '', 'F', '0', '1', 'monitor:logininfor:list', '#', 'admin', '2021-11-24 16:39:25', '', NULL, '');
INSERT INTO `sys_menu` VALUES (1044, '登录删除', 501, 2, '#', '', 'F', '0', '1', 'monitor:logininfor:remove', '#', 'admin', '2021-11-24 16:39:25', '', NULL, '');
INSERT INTO `sys_menu` VALUES (1045, '日志导出', 501, 3, '#', '', 'F', '0', '1', 'monitor:logininfor:export', '#', 'admin', '2021-11-24 16:39:25', '', NULL, '');
INSERT INTO `sys_menu` VALUES (1046, '账户解锁', 501, 4, '#', '', 'F', '0', '1', 'monitor:logininfor:unlock', '#', 'admin', '2021-11-24 16:39:25', '', NULL, '');
INSERT INTO `sys_menu` VALUES (1047, '在线查询', 109, 1, '#', '', 'F', '0', '1', 'monitor:online:list', '#', 'admin', '2021-11-24 16:39:25', '', NULL, '');
INSERT INTO `sys_menu` VALUES (1048, '批量强退', 109, 2, '#', '', 'F', '0', '1', 'monitor:online:batchForceLogout', '#', 'admin', '2021-11-24 16:39:26', '', NULL, '');
INSERT INTO `sys_menu` VALUES (1049, '单条强退', 109, 3, '#', '', 'F', '0', '1', 'monitor:online:forceLogout', '#', 'admin', '2021-11-24 16:39:26', '', NULL, '');
INSERT INTO `sys_menu` VALUES (1050, '任务查询', 110, 1, '#', '', 'F', '0', '1', 'monitor:job:list', '#', 'admin', '2021-11-24 16:39:26', '', NULL, '');
INSERT INTO `sys_menu` VALUES (1051, '任务新增', 110, 2, '#', '', 'F', '0', '1', 'monitor:job:add', '#', 'admin', '2021-11-24 16:39:26', '', NULL, '');
INSERT INTO `sys_menu` VALUES (1052, '任务修改', 110, 3, '#', '', 'F', '0', '1', 'monitor:job:edit', '#', 'admin', '2021-11-24 16:39:26', '', NULL, '');
INSERT INTO `sys_menu` VALUES (1053, '任务删除', 110, 4, '#', '', 'F', '0', '1', 'monitor:job:remove', '#', 'admin', '2021-11-24 16:39:26', '', NULL, '');
INSERT INTO `sys_menu` VALUES (1054, '状态修改', 110, 5, '#', '', 'F', '0', '1', 'monitor:job:changeStatus', '#', 'admin', '2021-11-24 16:39:26', '', NULL, '');
INSERT INTO `sys_menu` VALUES (1055, '任务详细', 110, 6, '#', '', 'F', '0', '1', 'monitor:job:detail', '#', 'admin', '2021-11-24 16:39:26', '', NULL, '');
INSERT INTO `sys_menu` VALUES (1056, '任务导出', 110, 7, '#', '', 'F', '0', '1', 'monitor:job:export', '#', 'admin', '2021-11-24 16:39:26', '', NULL, '');
INSERT INTO `sys_menu` VALUES (1057, '生成查询', 115, 1, '#', '', 'F', '0', '1', 'tool:gen:list', '#', 'admin', '2021-11-24 16:39:26', '', NULL, '');
INSERT INTO `sys_menu` VALUES (1058, '生成修改', 115, 2, '#', '', 'F', '0', '1', 'tool:gen:edit', '#', 'admin', '2021-11-24 16:39:26', '', NULL, '');
INSERT INTO `sys_menu` VALUES (1059, '生成删除', 115, 3, '#', '', 'F', '0', '1', 'tool:gen:remove', '#', 'admin', '2021-11-24 16:39:26', '', NULL, '');
INSERT INTO `sys_menu` VALUES (1060, '预览代码', 115, 4, '#', '', 'F', '0', '1', 'tool:gen:preview', '#', 'admin', '2021-11-24 16:39:26', '', NULL, '');
INSERT INTO `sys_menu` VALUES (1061, '生成代码', 115, 5, '#', '', 'F', '0', '1', 'tool:gen:code', '#', 'admin', '2021-11-24 16:39:26', '', NULL, '');
INSERT INTO `sys_menu` VALUES (2000, 'KETTLE管理', 0, 0, '#', 'menuItem', 'M', '0', '1', '', 'fa fa-bank', 'admin', '2021-11-24 17:11:49', 'admin', '2021-11-24 18:55:19', '');
INSERT INTO `sys_menu` VALUES (2001, 'GIT日志信息', 2046, 2, '/watchdog/repository-log', 'menuItem', 'C', '0', '1', 'watchdog:repository_log:view', '#', 'admin', '2021-11-24 19:10:17', 'admin', '2021-12-08 21:38:40', '文件资源库操作日志菜单');
INSERT INTO `sys_menu` VALUES (2002, '文件资源库操作日志查询', 2001, 1, '#', '', 'F', '0', '1', 'watchdog:repository_log:list', '#', 'admin', '2021-11-24 19:10:17', '', NULL, '');
INSERT INTO `sys_menu` VALUES (2003, '文件资源库操作日志新增', 2001, 2, '#', '', 'F', '0', '1', 'watchdog:repository_log:add', '#', 'admin', '2021-11-24 19:10:17', '', NULL, '');
INSERT INTO `sys_menu` VALUES (2004, '文件资源库操作日志修改', 2001, 3, '#', '', 'F', '0', '1', 'watchdog:repository_log:edit', '#', 'admin', '2021-11-24 19:10:17', '', NULL, '');
INSERT INTO `sys_menu` VALUES (2005, '文件资源库操作日志删除', 2001, 4, '#', '', 'F', '0', '1', 'watchdog:repository_log:remove', '#', 'admin', '2021-11-24 19:10:17', '', NULL, '');
INSERT INTO `sys_menu` VALUES (2006, '文件资源库操作日志导出', 2001, 5, '#', '', 'F', '0', '1', 'watchdog:repository_log:export', '#', 'admin', '2021-11-24 19:10:17', '', NULL, '');
INSERT INTO `sys_menu` VALUES (2007, '运行服务器管理', 2000, 0, '/watchdog/node', 'menuItem', 'C', '0', '1', 'busi:node:view', '#', 'admin', '2021-11-27 19:44:41', 'admin', '2021-12-14 23:17:09', '资源库节点菜单');
INSERT INTO `sys_menu` VALUES (2008, '运行服务器查询', 2007, 1, '#', '', 'F', '0', '1', 'busi:node:list', '#', 'admin', '2021-11-27 19:44:41', '', NULL, '');
INSERT INTO `sys_menu` VALUES (2009, '运行服务器新增', 2007, 2, '#', '', 'F', '0', '1', 'busi:node:add', '#', 'admin', '2021-11-27 19:44:41', '', NULL, '');
INSERT INTO `sys_menu` VALUES (2010, '运行服务器修改', 2007, 3, '#', '', 'F', '0', '1', 'busi:node:edit', '#', 'admin', '2021-11-27 19:44:41', '', NULL, '');
INSERT INTO `sys_menu` VALUES (2011, '运行服务器删除', 2007, 4, '#', '', 'F', '0', '1', 'busi:node:remove', '#', 'admin', '2021-11-27 19:44:41', '', NULL, '');
INSERT INTO `sys_menu` VALUES (2012, '运行服务器导出', 2007, 5, '#', '', 'F', '0', '1', 'busi:node:export', '#', 'admin', '2021-11-27 19:44:41', '', NULL, '');
INSERT INTO `sys_menu` VALUES (2013, 'GIT文件资源库', 2046, 1, '/watchdog/repository', 'menuItem', 'C', '0', '1', 'busi:repository:view', '#', 'admin', '2021-11-27 19:44:54', 'admin', '2021-12-08 21:36:27', '文件资源库菜单');
INSERT INTO `sys_menu` VALUES (2014, '文件资源库查询', 2013, 1, '#', '', 'F', '0', '1', 'busi:repository:list', '#', 'admin', '2021-11-27 19:44:54', '', NULL, '');
INSERT INTO `sys_menu` VALUES (2015, '文件资源库新增', 2013, 2, '#', '', 'F', '0', '1', 'busi:repository:add', '#', 'admin', '2021-11-27 19:44:54', '', NULL, '');
INSERT INTO `sys_menu` VALUES (2016, '文件资源库修改', 2013, 3, '#', '', 'F', '0', '1', 'busi:repository:edit', '#', 'admin', '2021-11-27 19:44:54', '', NULL, '');
INSERT INTO `sys_menu` VALUES (2017, '文件资源库删除', 2013, 4, '#', '', 'F', '0', '1', 'busi:repository:remove', '#', 'admin', '2021-11-27 19:44:54', '', NULL, '');
INSERT INTO `sys_menu` VALUES (2018, '文件资源库导出', 2013, 5, '#', '', 'F', '0', '1', 'busi:repository:export', '#', 'admin', '2021-11-27 19:44:54', '', NULL, '');
INSERT INTO `sys_menu` VALUES (2019, '更新资源仓库', 2013, 6, '#', 'menuItem', 'F', '0', '1', 'watchdog:repository_log:updateRepository', '#', 'admin', '2021-11-28 17:28:04', 'admin', '2021-11-28 17:28:32', '');
INSERT INTO `sys_menu` VALUES (2020, 'watchdog:repository_log:forceUpdateRepository', 2013, 7, '#', 'menuItem', 'F', '0', '1', '强制更新资源库', '#', 'admin', '2021-11-28 17:29:17', '', NULL, '');
INSERT INTO `sys_menu` VALUES (2021, '获取GIT分支', 2013, 8, '#', 'menuItem', 'F', '0', '1', 'watchdog:repository_log:allBranch', '#', 'admin', '2021-11-28 17:31:13', '', NULL, '');
INSERT INTO `sys_menu` VALUES (2022, '运行参数管理', 2000, 4, '/watchdog/paramsGroup', '', 'C', '0', '1', 'busi:paramsGroup:view', '#', 'admin', '2021-11-29 21:05:33', '', NULL, '运行参数组菜单');
INSERT INTO `sys_menu` VALUES (2023, '运行参数组查询', 2022, 1, '#', '', 'F', '0', '1', 'busi:paramsGroup:list', '#', 'admin', '2021-11-29 21:05:33', '', NULL, '');
INSERT INTO `sys_menu` VALUES (2024, '运行参数组新增', 2022, 2, '#', '', 'F', '0', '1', 'busi:paramsGroup:add', '#', 'admin', '2021-11-29 21:05:33', '', NULL, '');
INSERT INTO `sys_menu` VALUES (2025, '运行参数组修改', 2022, 3, '#', '', 'F', '0', '1', 'busi:paramsGroup:edit', '#', 'admin', '2021-11-29 21:05:33', '', NULL, '');
INSERT INTO `sys_menu` VALUES (2026, '运行参数组删除', 2022, 4, '#', '', 'F', '0', '1', 'busi:paramsGroup:remove', '#', 'admin', '2021-11-29 21:05:33', '', NULL, '');
INSERT INTO `sys_menu` VALUES (2027, '运行参数组导出', 2022, 5, '#', '', 'F', '0', '1', 'busi:paramsGroup:export', '#', 'admin', '2021-11-29 21:05:33', '', NULL, '');
INSERT INTO `sys_menu` VALUES (2034, '运行参数', 2000, 1, '/watchdog/params', '', 'C', '1', '1', 'busi:params:view', '#', 'admin', '2021-11-29 21:12:49', '', NULL, '运行参数菜单');
INSERT INTO `sys_menu` VALUES (2035, '运行参数查询', 2034, 1, '#', '', 'F', '0', '1', 'busi:params:list', '#', 'admin', '2021-11-29 21:12:49', '', NULL, '');
INSERT INTO `sys_menu` VALUES (2036, '运行参数新增', 2034, 2, '#', '', 'F', '0', '1', 'busi:params:add', '#', 'admin', '2021-11-29 21:12:49', '', NULL, '');
INSERT INTO `sys_menu` VALUES (2037, '运行参数修改', 2034, 3, '#', '', 'F', '0', '1', 'busi:params:edit', '#', 'admin', '2021-11-29 21:12:49', '', NULL, '');
INSERT INTO `sys_menu` VALUES (2038, '运行参数删除', 2034, 4, '#', '', 'F', '0', '1', 'busi:params:remove', '#', 'admin', '2021-11-29 21:12:50', '', NULL, '');
INSERT INTO `sys_menu` VALUES (2039, '运行参数导出', 2034, 5, '#', '', 'F', '0', '1', 'busi:params:export', '#', 'admin', '2021-11-29 21:12:50', '', NULL, '');
INSERT INTO `sys_menu` VALUES (2040, '仓库文件', 2013, 1, '/busi/repository_file', 'menuItem', 'C', '1', '1', 'busi:repository_file:view', '#', 'admin', '2021-12-04 15:24:42', 'admin', '2021-12-09 09:53:23', '仓库文件菜单');
INSERT INTO `sys_menu` VALUES (2041, '仓库文件查询', 2040, 1, '#', '', 'F', '0', '1', 'busi:repository_file:list', '#', 'admin', '2021-12-04 15:24:42', '', NULL, '');
INSERT INTO `sys_menu` VALUES (2042, '仓库文件新增', 2040, 2, '#', '', 'F', '0', '1', 'busi:repository_file:add', '#', 'admin', '2021-12-04 15:24:42', '', NULL, '');
INSERT INTO `sys_menu` VALUES (2043, '仓库文件修改', 2040, 3, '#', '', 'F', '0', '1', 'busi:repository_file:edit', '#', 'admin', '2021-12-04 15:24:42', '', NULL, '');
INSERT INTO `sys_menu` VALUES (2044, '仓库文件删除', 2040, 4, '#', '', 'F', '0', '1', 'busi:repository_file:remove', '#', 'admin', '2021-12-04 15:24:42', '', NULL, '');
INSERT INTO `sys_menu` VALUES (2045, '仓库文件导出', 2040, 5, '#', '', 'F', '0', '1', 'busi:repository_file:export', '#', 'admin', '2021-12-04 15:24:42', '', NULL, '');
INSERT INTO `sys_menu` VALUES (2046, 'GIT资源库管理', 2000, 1, '#', 'menuItem', 'M', '0', '1', NULL, 'fa fa-university', 'admin', '2021-12-08 21:35:45', '', NULL, '');
INSERT INTO `sys_menu` VALUES (2048, '文件资源库管理', 2000, 3, '#', 'menuItem', 'M', '0', '1', NULL, 'fa fa-calendar-plus-o', 'admin', '2021-12-09 11:16:31', '', NULL, '');
INSERT INTO `sys_menu` VALUES (2051, '文件资源库-文件信息', 2048, 1, '/busi/file/msg', 'menuItem', 'C', '1', '1', 'busi:msg:view', '#', 'admin', '2021-12-09 13:49:21', 'admin', '2021-12-13 20:53:34', '文件资源库-文件信息菜单');
INSERT INTO `sys_menu` VALUES (2052, '文件资源库-文件信息查询', 2051, 1, '#', '', 'F', '0', '1', 'busi:msg:list', '#', 'admin', '2021-12-09 13:49:21', '', NULL, '');
INSERT INTO `sys_menu` VALUES (2053, '文件资源库-文件信息新增', 2051, 2, '#', '', 'F', '0', '1', 'busi:msg:add', '#', 'admin', '2021-12-09 13:49:21', '', NULL, '');
INSERT INTO `sys_menu` VALUES (2054, '文件资源库-文件信息修改', 2051, 3, '#', '', 'F', '0', '1', 'busi:msg:edit', '#', 'admin', '2021-12-09 13:49:21', '', NULL, '');
INSERT INTO `sys_menu` VALUES (2055, '文件资源库-文件信息删除', 2051, 4, '#', '', 'F', '0', '1', 'busi:msg:remove', '#', 'admin', '2021-12-09 13:49:21', '', NULL, '');
INSERT INTO `sys_menu` VALUES (2056, '文件资源库-文件信息导出', 2051, 5, '#', '', 'F', '0', '1', 'busi:msg:export', '#', 'admin', '2021-12-09 13:49:21', '', NULL, '');
INSERT INTO `sys_menu` VALUES (2057, '文件资源库', 2048, 1, '/busi/file/repository', '', 'C', '0', '1', 'busi:repository:view', '#', 'admin', '2021-12-09 13:49:45', '', NULL, '文件资源库菜单');
INSERT INTO `sys_menu` VALUES (2058, '文件资源库查询', 2057, 1, '#', '', 'F', '0', '1', 'busi:repository:list', '#', 'admin', '2021-12-09 13:49:45', '', NULL, '');
INSERT INTO `sys_menu` VALUES (2059, '文件资源库新增', 2057, 2, '#', '', 'F', '0', '1', 'busi:repository:add', '#', 'admin', '2021-12-09 13:49:45', '', NULL, '');
INSERT INTO `sys_menu` VALUES (2060, '文件资源库修改', 2057, 3, '#', '', 'F', '0', '1', 'busi:repository:edit', '#', 'admin', '2021-12-09 13:49:45', '', NULL, '');
INSERT INTO `sys_menu` VALUES (2061, '文件资源库删除', 2057, 4, '#', '', 'F', '0', '1', 'busi:repository:remove', '#', 'admin', '2021-12-09 13:49:45', '', NULL, '');
INSERT INTO `sys_menu` VALUES (2062, '文件资源库导出', 2057, 5, '#', '', 'F', '0', '1', 'busi:repository:export', '#', 'admin', '2021-12-09 13:49:45', '', NULL, '');
INSERT INTO `sys_menu` VALUES (2063, '文件版本信息', 2048, 1, '/busi/file/version', 'menuItem', 'C', '1', '1', 'busi:version:view', '#', 'admin', '2021-12-09 13:50:06', 'admin', '2021-12-13 20:53:59', '文件版本信息菜单');
INSERT INTO `sys_menu` VALUES (2064, '文件版本信息查询', 2063, 1, '#', '', 'F', '0', '1', 'busi:version:list', '#', 'admin', '2021-12-09 13:50:06', '', NULL, '');
INSERT INTO `sys_menu` VALUES (2065, '文件版本信息新增', 2063, 2, '#', '', 'F', '0', '1', 'busi:version:add', '#', 'admin', '2021-12-09 13:50:06', '', NULL, '');
INSERT INTO `sys_menu` VALUES (2066, '文件版本信息修改', 2063, 3, '#', '', 'F', '0', '1', 'busi:version:edit', '#', 'admin', '2021-12-09 13:50:06', '', NULL, '');
INSERT INTO `sys_menu` VALUES (2067, '文件版本信息删除', 2063, 4, '#', '', 'F', '0', '1', 'busi:version:remove', '#', 'admin', '2021-12-09 13:50:06', '', NULL, '');
INSERT INTO `sys_menu` VALUES (2068, '文件版本信息导出', 2063, 5, '#', '', 'F', '0', '1', 'busi:version:export', '#', 'admin', '2021-12-09 13:50:06', '', NULL, '');
INSERT INTO `sys_menu` VALUES (2069, '任务管理', 2000, 5, '#', 'menuItem', 'M', '1', '1', '', 'fa fa-navicon', 'admin', '2021-12-14 21:04:32', 'admin', '2022-02-20 21:48:21', '');
INSERT INTO `sys_menu` VALUES (2082, '任务调度管理', 2000, 5, '/busi/dispatcher', 'menuItem', 'C', '0', '1', 'busi:dispatcher:view', '#', 'admin', '2021-12-14 23:09:24', 'admin', '2022-02-20 21:48:07', '任务调度菜单');
INSERT INTO `sys_menu` VALUES (2083, '任务调度查询', 2082, 1, '#', '', 'F', '0', '1', 'busi:dispatcher:list', '#', 'admin', '2021-12-14 23:09:24', '', NULL, '');
INSERT INTO `sys_menu` VALUES (2084, '任务调度新增', 2082, 2, '#', '', 'F', '0', '1', 'busi:dispatcher:add', '#', 'admin', '2021-12-14 23:09:24', '', NULL, '');
INSERT INTO `sys_menu` VALUES (2085, '任务调度修改', 2082, 3, '#', '', 'F', '0', '1', 'busi:dispatcher:edit', '#', 'admin', '2021-12-14 23:09:24', '', NULL, '');
INSERT INTO `sys_menu` VALUES (2086, '任务调度删除', 2082, 4, '#', '', 'F', '0', '1', 'busi:dispatcher:remove', '#', 'admin', '2021-12-14 23:09:24', '', NULL, '');
INSERT INTO `sys_menu` VALUES (2087, '任务调度导出', 2082, 5, '#', '', 'F', '0', '1', 'busi:dispatcher:export', '#', 'admin', '2021-12-14 23:09:24', '', NULL, '');
INSERT INTO `sys_menu` VALUES (2088, '任务调度日志', 2107, 1, '/busi/executionLog', 'menuItem', 'C', '0', '1', 'busi:executionLog:view', '#', 'admin', '2021-12-14 23:09:38', 'admin', '2021-12-15 00:03:34', '任务调度日志菜单');
INSERT INTO `sys_menu` VALUES (2089, '任务调度日志查询', 2088, 1, '#', '', 'F', '0', '1', 'busi:executionLog:list', '#', 'admin', '2021-12-14 23:09:38', '', NULL, '');
INSERT INTO `sys_menu` VALUES (2090, '任务调度日志新增', 2088, 2, '#', '', 'F', '0', '1', 'busi:executionLog:add', '#', 'admin', '2021-12-14 23:09:38', '', NULL, '');
INSERT INTO `sys_menu` VALUES (2091, '任务调度日志修改', 2088, 3, '#', '', 'F', '0', '1', 'busi:executionLog:edit', '#', 'admin', '2021-12-14 23:09:38', '', NULL, '');
INSERT INTO `sys_menu` VALUES (2092, '任务调度日志删除', 2088, 4, '#', '', 'F', '0', '1', 'busi:executionLog:remove', '#', 'admin', '2021-12-14 23:09:38', '', NULL, '');
INSERT INTO `sys_menu` VALUES (2093, '任务调度日志导出', 2088, 5, '#', '', 'F', '0', '1', 'busi:executionLog:export', '#', 'admin', '2021-12-14 23:09:38', '', NULL, '');
INSERT INTO `sys_menu` VALUES (2094, '任务调度GIT', 2106, 1, '/busi/dispatcherGit', 'menuItem', 'C', '0', '1', 'busi:dispatcher:view', '#', 'admin', '2021-12-14 23:33:32', 'admin', '2021-12-15 00:04:59', '任务调度GIT菜单');
INSERT INTO `sys_menu` VALUES (2095, '任务调度查询', 2094, 1, '#', '', 'F', '0', '1', 'busi:dispatcher:list', '#', 'admin', '2021-12-14 23:33:32', '', NULL, '');
INSERT INTO `sys_menu` VALUES (2096, '任务调度新增', 2094, 2, '#', '', 'F', '0', '1', 'busi:dispatcher:add', '#', 'admin', '2021-12-14 23:33:32', '', NULL, '');
INSERT INTO `sys_menu` VALUES (2097, '任务调度修改', 2094, 3, '#', '', 'F', '0', '1', 'busi:dispatcher:edit', '#', 'admin', '2021-12-14 23:33:32', '', NULL, '');
INSERT INTO `sys_menu` VALUES (2098, '任务调度删除', 2094, 4, '#', '', 'F', '0', '1', 'busi:dispatcher:remove', '#', 'admin', '2021-12-14 23:33:32', '', NULL, '');
INSERT INTO `sys_menu` VALUES (2099, '任务调度导出', 2094, 5, '#', '', 'F', '0', '1', 'busi:dispatcher:export', '#', 'admin', '2021-12-14 23:33:32', '', NULL, '');
INSERT INTO `sys_menu` VALUES (2100, '任务调度日志GIT', 2106, 1, '/busi/executionLogGit', 'menuItem', 'C', '0', '1', 'busi:executionLog:view', '#', 'admin', '2021-12-14 23:50:22', 'admin', '2021-12-15 00:02:33', '任务调度日志菜单');
INSERT INTO `sys_menu` VALUES (2101, '任务调度日志查询', 2100, 1, '#', '', 'F', '0', '1', 'busi:executionLog:list', '#', 'admin', '2021-12-14 23:50:22', '', NULL, '');
INSERT INTO `sys_menu` VALUES (2102, '任务调度日志新增', 2100, 2, '#', '', 'F', '0', '1', 'busi:executionLog:add', '#', 'admin', '2021-12-14 23:50:22', '', NULL, '');
INSERT INTO `sys_menu` VALUES (2103, '任务调度日志修改', 2100, 3, '#', '', 'F', '0', '1', 'busi:executionLog:edit', '#', 'admin', '2021-12-14 23:50:22', '', NULL, '');
INSERT INTO `sys_menu` VALUES (2104, '任务调度日志删除', 2100, 4, '#', '', 'F', '0', '1', 'busi:executionLog:remove', '#', 'admin', '2021-12-14 23:50:22', '', NULL, '');
INSERT INTO `sys_menu` VALUES (2105, '任务调度日志导出', 2100, 5, '#', '', 'F', '0', '1', 'busi:executionLog:export', '#', 'admin', '2021-12-14 23:50:22', '', NULL, '');
INSERT INTO `sys_menu` VALUES (2106, 'GIT任务管理', 2069, 1, '#', 'menuItem', 'M', '0', '1', NULL, 'fa fa-navicon', 'admin', '2021-12-14 23:55:33', '', NULL, '');
INSERT INTO `sys_menu` VALUES (2107, '文件任务管理', 2069, 2, '#', 'menuItem', 'M', '0', '1', NULL, 'fa fa-bars', 'admin', '2021-12-14 23:56:19', '', NULL, '');
INSERT INTO `sys_menu` VALUES (2108, '错误预警', 2000, 8, '/busi/warnmsg', 'menuItem', 'C', '0', '1', 'busi:warnmsg:view', '#', 'admin', '2022-01-03 12:09:17', 'admin', '2022-01-05 13:55:27', 'kettle运行提醒信息菜单');
INSERT INTO `sys_menu` VALUES (2109, 'kettle运行提醒信息查询', 2108, 1, '#', '', 'F', '0', '1', 'busi:warnmsg:list', '#', 'admin', '2022-01-03 12:09:17', '', NULL, '');
INSERT INTO `sys_menu` VALUES (2110, 'kettle运行提醒信息新增', 2108, 2, '#', '', 'F', '0', '1', 'busi:warnmsg:add', '#', 'admin', '2022-01-03 12:09:17', '', NULL, '');
INSERT INTO `sys_menu` VALUES (2111, 'kettle运行提醒信息修改', 2108, 3, '#', '', 'F', '0', '1', 'busi:warnmsg:edit', '#', 'admin', '2022-01-03 12:09:17', '', NULL, '');
INSERT INTO `sys_menu` VALUES (2112, 'kettle运行提醒信息删除', 2108, 4, '#', '', 'F', '0', '1', 'busi:warnmsg:remove', '#', 'admin', '2022-01-03 12:09:17', '', NULL, '');
INSERT INTO `sys_menu` VALUES (2113, 'kettle运行提醒信息导出', 2108, 5, '#', '', 'F', '0', '1', 'busi:warnmsg:export', '#', 'admin', '2022-01-03 12:09:17', '', NULL, '');
INSERT INTO `sys_menu` VALUES (2114, '定时任务', 2000, 9, '/busi/job', 'menuItem', 'C', '0', '1', 'busi:job:view', 'fa fa-hourglass-start', 'admin', '2022-01-05 14:27:28', '', NULL, '');
INSERT INTO `sys_menu` VALUES (2115, '任务查询', 2114, 1, '#', '', 'F', '0', '1', 'monitor:job:list', '#', 'admin', '2021-11-24 16:39:26', '', NULL, '');
INSERT INTO `sys_menu` VALUES (2116, '任务新增', 2114, 2, '#', '', 'F', '0', '1', 'monitor:job:add', '#', 'admin', '2021-11-24 16:39:26', '', NULL, '');
INSERT INTO `sys_menu` VALUES (2117, '任务修改', 2114, 3, '#', '', 'F', '0', '1', 'monitor:job:edit', '#', 'admin', '2021-11-24 16:39:26', '', NULL, '');
INSERT INTO `sys_menu` VALUES (2118, '任务删除', 2114, 4, '#', '', 'F', '0', '1', 'monitor:job:remove', '#', 'admin', '2021-11-24 16:39:26', '', NULL, '');
INSERT INTO `sys_menu` VALUES (2119, '状态修改', 2114, 5, '#', '', 'F', '0', '1', 'monitor:job:changeStatus', '#', 'admin', '2021-11-24 16:39:26', '', NULL, '');
INSERT INTO `sys_menu` VALUES (2120, '任务详细', 2114, 6, '#', '', 'F', '0', '1', 'monitor:job:detail', '#', 'admin', '2021-11-24 16:39:26', '', NULL, '');
INSERT INTO `sys_menu` VALUES (2121, '任务导出', 2114, 7, '#', '', 'F', '0', '1', 'monitor:job:export', '#', 'admin', '2021-11-24 16:39:26', '', NULL, '');
INSERT INTO `sys_menu` VALUES (2122, '数据库资源库管理', 2000, 3, '#', 'menuItem', 'M', '0', '1', '', 'fa fa-database', 'admin', '2022-01-27 17:41:31', 'admin', '2022-01-27 17:42:01', '');
INSERT INTO `sys_menu` VALUES (2123, 'JOB管理', 2122, 1, '/busi/JOB', 'menuItem', 'C', '0', '1', 'busi:JOB:view', '#', 'admin', '2022-01-27 18:22:28', 'admin', '2022-01-29 11:12:51', '数据库资源库_job菜单');
INSERT INTO `sys_menu` VALUES (2124, '数据库资源库_job查询', 2123, 1, '#', '', 'F', '0', '1', 'busi:JOB:list', '#', 'admin', '2022-01-27 18:22:28', '', NULL, '');
INSERT INTO `sys_menu` VALUES (2125, '数据库资源库_job删除', 2123, 4, '#', '', 'F', '0', '1', 'busi:JOB:remove', '#', 'admin', '2022-01-27 18:22:28', '', NULL, '');
INSERT INTO `sys_menu` VALUES (2126, '转换管理', 2122, 1, '/busi/TRANSFORMATION', 'menuItem', 'C', '0', '1', 'busi:TRANSFORMATION:view', '#', 'admin', '2022-01-27 18:23:15', 'admin', '2022-01-29 11:13:24', '数据库资源库_trans菜单');
INSERT INTO `sys_menu` VALUES (2127, '数据库资源库_trans查询', 2126, 1, '#', '', 'F', '0', '1', 'busi:TRANSFORMATION:list', '#', 'admin', '2022-01-27 18:23:15', '', NULL, '');
INSERT INTO `sys_menu` VALUES (2128, '数据库资源库_trans删除', 2126, 4, '#', '', 'F', '0', '1', 'busi:TRANSFORMATION:remove', '#', 'admin', '2022-01-27 18:23:15', '', NULL, '');
INSERT INTO `sys_menu` VALUES (2129, '数据库任务管理', 2069, 3, '#', 'menuItem', 'M', '0', '1', NULL, 'fa fa-database', 'admin', '2022-02-05 10:06:12', '', NULL, '');
INSERT INTO `sys_menu` VALUES (2130, '任务调度DB', 2129, 1, '/busi/dispatcherDB', 'menuItem', 'C', '0', '1', 'busi:dispatcher:view', '#', 'admin', '2021-12-14 23:33:32', 'admin', '2021-12-15 00:04:59', '任务调度GIT菜单');
INSERT INTO `sys_menu` VALUES (2131, '任务调度查询', 2130, 1, '#', '', 'F', '0', '1', 'busi:dispatcher:list', '#', 'admin', '2021-12-14 23:33:32', '', NULL, '');
INSERT INTO `sys_menu` VALUES (2132, '任务调度新增', 2130, 2, '#', '', 'F', '0', '1', 'busi:dispatcher:add', '#', 'admin', '2021-12-14 23:33:32', '', NULL, '');
INSERT INTO `sys_menu` VALUES (2133, '任务调度修改', 2130, 3, '#', '', 'F', '0', '1', 'busi:dispatcher:edit', '#', 'admin', '2021-12-14 23:33:32', '', NULL, '');
INSERT INTO `sys_menu` VALUES (2134, '任务调度删除', 2130, 4, '#', '', 'F', '0', '1', 'busi:dispatcher:remove', '#', 'admin', '2021-12-14 23:33:32', '', NULL, '');
INSERT INTO `sys_menu` VALUES (2135, '任务调度导出', 2130, 5, '#', '', 'F', '0', '1', 'busi:dispatcher:export', '#', 'admin', '2021-12-14 23:33:32', '', NULL, '');
INSERT INTO `sys_menu` VALUES (2136, '任务调度日志DB', 2129, 1, '/busi/executionLogDB', 'menuItem', 'C', '0', '1', 'busi:executionLog:view', '#', 'admin', '2021-12-14 23:50:22', 'admin', '2021-12-15 00:02:33', '任务调度日志菜单');
INSERT INTO `sys_menu` VALUES (2137, '任务调度日志查询', 2136, 1, '#', '', 'F', '0', '1', 'busi:executionLog:list', '#', 'admin', '2021-12-14 23:50:22', '', NULL, '');
INSERT INTO `sys_menu` VALUES (2138, '任务调度日志新增', 2136, 2, '#', '', 'F', '0', '1', 'busi:executionLog:add', '#', 'admin', '2021-12-14 23:50:22', '', NULL, '');
INSERT INTO `sys_menu` VALUES (2139, '任务调度日志修改', 2136, 3, '#', '', 'F', '0', '1', 'busi:executionLog:edit', '#', 'admin', '2021-12-14 23:50:22', '', NULL, '');
INSERT INTO `sys_menu` VALUES (2140, '任务调度日志删除', 2136, 4, '#', '', 'F', '0', '1', 'busi:executionLog:remove', '#', 'admin', '2021-12-14 23:50:22', '', NULL, '');
INSERT INTO `sys_menu` VALUES (2141, '任务调度日志导出', 2136, 5, '#', '', 'F', '0', '1', 'busi:executionLog:export', '#', 'admin', '2021-12-14 23:50:22', '', NULL, '');
INSERT INTO `sys_menu` VALUES (2142, '任务挂起', 2082, 1, '/busi/hangup', '', 'C', '1', '1', 'busi:hangup:view', '#', 'admin', '2022-04-09 16:44:59', '', NULL, '任务挂起菜单');
INSERT INTO `sys_menu` VALUES (2143, '任务挂起查询', 2142, 1, '#', '', 'F', '0', '1', 'busi:hangup:list', '#', 'admin', '2022-04-09 16:44:59', '', NULL, '');
INSERT INTO `sys_menu` VALUES (2144, '任务挂起新增', 2142, 2, '#', '', 'F', '0', '1', 'busi:hangup:add', '#', 'admin', '2022-04-09 16:44:59', '', NULL, '');
INSERT INTO `sys_menu` VALUES (2145, '任务挂起修改', 2142, 3, '#', '', 'F', '0', '1', 'busi:hangup:edit', '#', 'admin', '2022-04-09 16:44:59', '', NULL, '');
INSERT INTO `sys_menu` VALUES (2146, '任务挂起删除', 2142, 4, '#', '', 'F', '0', '1', 'busi:hangup:remove', '#', 'admin', '2022-04-09 16:44:59', '', NULL, '');
INSERT INTO `sys_menu` VALUES (2147, '任务挂起导出', 2142, 5, '#', '', 'F', '0', '1', 'busi:hangup:export', '#', 'admin', '2022-04-09 16:44:59', '', NULL, '');
INSERT INTO `sys_menu` VALUES (2150, '任务监控', 2148, 2, '/busi/dispatcher/monitor', 'menuItem', 'C', '0', '1', 'busi:dispatcher:view', 'fa fa-hourglass-start', 'admin', '2022-02-27 19:22:38', '', NULL, '');
INSERT INTO `sys_menu` VALUES (2151, '监控管理', 2000, 12, '#', 'menuItem', 'M', '0', '1', NULL, 'fa fa-user-o', 'admin', '2022-04-09 17:32:28', '', NULL, '');
INSERT INTO `sys_menu` VALUES (2152, '运维人员管理', 2151, 1, '/busi/monitor/user', 'menuItem', 'C', '0', '1', 'busi:user:view', 'fa fa-address-book', 'admin', '2022-04-09 17:34:49', '', NULL, '');
INSERT INTO `sys_menu` VALUES (2153, '列表', 2152, 1, '#', 'menuItem', 'F', '0', '1', 'busi:user:list', '#', 'admin', '2022-04-09 17:38:29', '', NULL, '');
INSERT INTO `sys_menu` VALUES (2154, '导出', 2152, 2, '#', 'menuItem', 'F', '0', '1', 'busi:user:export', '#', 'admin', '2022-04-09 17:38:59', '', NULL, '');
INSERT INTO `sys_menu` VALUES (2155, '导入', 2152, 3, '#', 'menuItem', 'F', '0', '1', 'busi:user:import', '#', 'admin', '2022-04-09 17:39:51', '', NULL, '');
INSERT INTO `sys_menu` VALUES (2156, '新增', 2152, 4, '#', 'menuItem', 'F', '0', '1', 'busi:user:add', '#', 'admin', '2022-04-09 17:40:27', '', NULL, '');
INSERT INTO `sys_menu` VALUES (2157, '修改', 2152, 5, '#', 'menuItem', 'F', '0', '1', 'busi:user:edit', '#', 'admin', '2022-04-09 17:41:20', '', NULL, '');
INSERT INTO `sys_menu` VALUES (2158, '重置密码', 2152, 6, '#', 'menuItem', 'F', '0', '1', 'busi:user:resetPwd', '#', 'admin', '2022-04-09 17:42:19', '', NULL, '');
INSERT INTO `sys_menu` VALUES (2159, '删除', 2152, 7, '#', 'menuItem', 'F', '0', '1', 'busi:user:remove', '#', 'admin', '2022-04-09 17:42:56', '', NULL, '');
INSERT INTO `sys_menu` VALUES (2160, '节点监控', 2151, 1, '/watchdog/node/monitor', 'menuItem', 'C', '0', '1', 'busi:node:view', 'fa fa-microchip', 'admin', '2022-04-09 17:48:40', '', NULL, '');
INSERT INTO `sys_menu` VALUES (2161, '列表', 2160, 1, '#', 'menuItem', 'F', '0', '1', 'busi:node:list', '#', 'admin', '2022-04-09 17:49:20', '', NULL, '');
INSERT INTO `sys_menu` VALUES (2162, '导出', 2160, 2, '#', 'menuItem', 'F', '0', '1', 'busi:node:export', '#', 'admin', '2022-04-09 17:51:27', '', NULL, '');
INSERT INTO `sys_menu` VALUES (2163, '添加节点', 2160, 3, '#', 'menuItem', 'F', '0', '1', 'busi:node:add', '#', 'admin', '2022-04-09 17:52:16', '', NULL, '');
INSERT INTO `sys_menu` VALUES (2164, '修改节点', 2160, 3, '#', 'menuItem', 'F', '0', '1', 'busi:node:edit', '#', 'admin', '2022-04-09 17:52:59', '', NULL, '');
INSERT INTO `sys_menu` VALUES (2165, '删除节点', 2160, 4, '#', 'menuItem', 'F', '0', '1', 'busi:node:remove', '#', 'admin', '2022-04-09 17:53:34', '', NULL, '');
INSERT INTO `sys_menu` VALUES (2166, '任务监控', 2151, 3, '/busi/dispatcher/monitor', 'menuItem', 'C', '0', '1', 'busi:dispatcher:view', 'fa fa-reorder', 'admin', '2022-04-09 17:57:17', '', NULL, '');

-- ----------------------------
-- Table structure for sys_notice
-- ----------------------------
DROP TABLE IF EXISTS `sys_notice`;
CREATE TABLE `sys_notice`  (
  `notice_id` int(4) NOT NULL AUTO_INCREMENT COMMENT '公告ID',
  `notice_title` varchar(50) CHARACTER SET utf8mb4 COLLATE utf8mb4_bin NOT NULL COMMENT '公告标题',
  `notice_type` char(1) CHARACTER SET utf8mb4 COLLATE utf8mb4_bin NOT NULL COMMENT '公告类型（1通知 2公告）',
  `notice_content` varchar(2000) CHARACTER SET utf8mb4 COLLATE utf8mb4_bin NULL DEFAULT NULL COMMENT '公告内容',
  `status` char(1) CHARACTER SET utf8mb4 COLLATE utf8mb4_bin NULL DEFAULT '0' COMMENT '公告状态（0正常 1关闭）',
  `create_by` varchar(64) CHARACTER SET utf8mb4 COLLATE utf8mb4_bin NULL DEFAULT '' COMMENT '创建者',
  `create_time` datetime(0) NULL DEFAULT NULL COMMENT '创建时间',
  `update_by` varchar(64) CHARACTER SET utf8mb4 COLLATE utf8mb4_bin NULL DEFAULT '' COMMENT '更新者',
  `update_time` datetime(0) NULL DEFAULT NULL COMMENT '更新时间',
  `remark` varchar(255) CHARACTER SET utf8mb4 COLLATE utf8mb4_bin NULL DEFAULT NULL COMMENT '备注',
  PRIMARY KEY (`notice_id`) USING BTREE
) ENGINE = InnoDB AUTO_INCREMENT = 3 CHARACTER SET = utf8mb4 COLLATE = utf8mb4_bin COMMENT = '通知公告表' ROW_FORMAT = DYNAMIC;

-- ----------------------------
-- Records of sys_notice
-- ----------------------------
INSERT INTO `sys_notice` VALUES (1, '温馨提醒：2018-07-01 若依新版本发布啦', '2', '新版本内容', '0', 'admin', '2021-11-24 16:39:33', '', NULL, '管理员');
INSERT INTO `sys_notice` VALUES (2, '维护通知：2018-07-01 若依系统凌晨维护', '1', '维护内容', '0', 'admin', '2021-11-24 16:39:33', '', NULL, '管理员');

-- ----------------------------
-- Table structure for sys_oper_log
-- ----------------------------
DROP TABLE IF EXISTS `sys_oper_log`;
CREATE TABLE `sys_oper_log`  (
  `oper_id` bigint(20) NOT NULL AUTO_INCREMENT COMMENT '日志主键',
  `title` varchar(50) CHARACTER SET utf8mb4 COLLATE utf8mb4_bin NULL DEFAULT '' COMMENT '模块标题',
  `business_type` int(2) NULL DEFAULT 0 COMMENT '业务类型（0其它 1新增 2修改 3删除）',
  `method` varchar(100) CHARACTER SET utf8mb4 COLLATE utf8mb4_bin NULL DEFAULT '' COMMENT '方法名称',
  `request_method` varchar(10) CHARACTER SET utf8mb4 COLLATE utf8mb4_bin NULL DEFAULT '' COMMENT '请求方式',
  `operator_type` int(1) NULL DEFAULT 0 COMMENT '操作类别（0其它 1后台用户 2手机端用户）',
  `oper_name` varchar(50) CHARACTER SET utf8mb4 COLLATE utf8mb4_bin NULL DEFAULT '' COMMENT '操作人员',
  `dept_name` varchar(50) CHARACTER SET utf8mb4 COLLATE utf8mb4_bin NULL DEFAULT '' COMMENT '部门名称',
  `oper_url` varchar(255) CHARACTER SET utf8mb4 COLLATE utf8mb4_bin NULL DEFAULT '' COMMENT '请求URL',
  `oper_ip` varchar(128) CHARACTER SET utf8mb4 COLLATE utf8mb4_bin NULL DEFAULT '' COMMENT '主机地址',
  `oper_location` varchar(255) CHARACTER SET utf8mb4 COLLATE utf8mb4_bin NULL DEFAULT '' COMMENT '操作地点',
  `oper_param` varchar(2000) CHARACTER SET utf8mb4 COLLATE utf8mb4_bin NULL DEFAULT '' COMMENT '请求参数',
  `json_result` varchar(2000) CHARACTER SET utf8mb4 COLLATE utf8mb4_bin NULL DEFAULT '' COMMENT '返回参数',
  `status` int(1) NULL DEFAULT 0 COMMENT '操作状态（0正常 1异常）',
  `error_msg` varchar(2000) CHARACTER SET utf8mb4 COLLATE utf8mb4_bin NULL DEFAULT '' COMMENT '错误消息',
  `oper_time` datetime(0) NULL DEFAULT NULL COMMENT '操作时间',
  PRIMARY KEY (`oper_id`) USING BTREE
) ENGINE = InnoDB AUTO_INCREMENT = 30 CHARACTER SET = utf8mb4 COLLATE = utf8mb4_bin COMMENT = '操作日志记录' ROW_FORMAT = DYNAMIC;

-- ----------------------------
-- Records of sys_oper_log
-- ----------------------------
INSERT INTO `sys_oper_log` VALUES (1, '文件资源库', 1, 'com.hzzftech.watchdog.busi.controller.KtFileRepositoryController.addSave()', 'POST', 1, 'admin', '研发部门', '/busi/file/repository/add', '127.0.0.1', '内网IP', '{\"name\":[\"liquanxiang\"],\"directory\":[\"swwwww\"],\"remark\":[\"sssssss\"]}', '{\"msg\":\"操作成功\",\"code\":0}', 0, NULL, '2022-04-09 15:36:49');
INSERT INTO `sys_oper_log` VALUES (2, '导入文件或文件夹', 1, 'com.hzzftech.watchdog.busi.controller.KtFileRepositoryMsgController.addFileOrZipDirectory()', 'POST', 1, 'admin', '研发部门', '/busi/file/msg/addFileOrZipDirectory', '127.0.0.1', '内网IP', '{\"id\":[\"1\"],\"parentId\":[\"0\"],\"fRepoId\":[\"1\"]}', '{\"msg\":\"操作成功\",\"code\":0}', 0, NULL, '2022-04-09 15:57:25');
INSERT INTO `sys_oper_log` VALUES (3, '资源库节点', 1, 'com.hzzftech.watchdog.busi.controller.KtRepositoryNodeController.addSave()', 'POST', 1, 'admin', '研发部门', '/watchdog/node/add', '127.0.0.1', '内网IP', '{\"name\":[\"本地127.0.0.1\"],\"nodeHost\":[\"127.0.0.1\"],\"nodePort\":[\"8080\"],\"nodeUsername\":[\"cluster\"],\"nodePassword\":[\"cluster\"],\"nodeDescription\":[\"\"],\"remark\":[\"\"]}', '{\"msg\":\"操作成功\",\"code\":0}', 0, NULL, '2022-04-09 17:02:10');
INSERT INTO `sys_oper_log` VALUES (4, '任务调度', 1, 'com.hzzftech.watchdog.busi.controller.KtDispatcherController.addSave()', 'POST', 1, 'admin', '研发部门', '/busi/dispatcher/add', '127.0.0.1', '内网IP', '{\"dpRepoType\":[\"1\"],\"repositoryIdF\":[\"1\"],\"repositoryId\":[\"1\"],\"dpType\":[\"\"],\"dpIds\":[\"2\"],\"carteId\":[\"1\"],\"carteUri\":[\"127.0.0.1\"],\"paramsGroupId\":[\"\"],\"warnLevel\":[\"1\"],\"warnMsgIds\":[\"\"]}', '{\"msg\":\"操作成功\",\"code\":0}', 0, NULL, '2022-04-09 17:02:29');
INSERT INTO `sys_oper_log` VALUES (5, '定时任务', 1, 'com.hzzftech.watchdog.busi.controller.KtJobController.addSave()', 'POST', 1, 'admin', '研发部门', '/busi/job/add', '127.0.0.1', '内网IP', '{\"createBy\":[\"admin\"],\"jobName\":[\"测试任务\"],\"jobGroup\":[\"DEFAULT\"],\"dpIds\":[\"1\"],\"cronExpression\":[\"0 * * * * ? *\"],\"misfirePolicy\":[\"1\"],\"concurrent\":[\"1\"],\"status\":[\"0\"],\"remark\":[\"\"]}', '{\"msg\":\"操作成功\",\"code\":0}', 0, NULL, '2022-04-09 17:04:35');
INSERT INTO `sys_oper_log` VALUES (6, '定时任务', 2, 'com.hzzftech.watchdog.busi.controller.KtJobController.run()', 'POST', 1, 'admin', '研发部门', '/busi/job/run', '127.0.0.1', '内网IP', '{\"jobId\":[\"1\"]}', '{\"msg\":\"操作成功\",\"code\":0}', 0, NULL, '2022-04-09 17:09:41');
INSERT INTO `sys_oper_log` VALUES (7, '定时任务', 2, 'com.hzzftech.watchdog.busi.controller.KtJobController.run()', 'POST', 1, 'admin', '研发部门', '/busi/job/run', '127.0.0.1', '内网IP', '{\"jobId\":[\"1\"]}', '{\"msg\":\"操作成功\",\"code\":0}', 0, NULL, '2022-04-09 17:12:51');
INSERT INTO `sys_oper_log` VALUES (8, '菜单管理', 1, 'com.hzzftech.watchdog.web.controller.system.SysMenuController.addSave()', 'POST', 1, 'admin', '研发部门', '/system/menu/add', '127.0.0.1', '内网IP', '{\"parentId\":[\"2000\"],\"menuType\":[\"M\"],\"menuName\":[\"监控管理\"],\"url\":[\"\"],\"target\":[\"menuItem\"],\"perms\":[\"\"],\"orderNum\":[\"12\"],\"icon\":[\"fa fa-user-o\"],\"visible\":[\"0\"],\"isRefresh\":[\"1\"]}', '{\"msg\":\"操作成功\",\"code\":0}', 0, NULL, '2022-04-09 17:32:28');
INSERT INTO `sys_oper_log` VALUES (9, '菜单管理', 1, 'com.hzzftech.watchdog.web.controller.system.SysMenuController.addSave()', 'POST', 1, 'admin', '研发部门', '/system/menu/add', '127.0.0.1', '内网IP', '{\"parentId\":[\"0\"],\"menuType\":[\"C\"],\"menuName\":[\"运维人员管理\"],\"url\":[\"/busi/monitor/user\"],\"target\":[\"menuItem\"],\"perms\":[\"busi:user:view\"],\"orderNum\":[\"1\"],\"icon\":[\"fa fa-address-book\"],\"visible\":[\"0\"],\"isRefresh\":[\"1\"]}', '{\"msg\":\"操作成功\",\"code\":0}', 0, NULL, '2022-04-09 17:34:49');
INSERT INTO `sys_oper_log` VALUES (10, '菜单管理', 1, 'com.hzzftech.watchdog.web.controller.system.SysMenuController.addSave()', 'POST', 1, 'admin', '研发部门', '/system/menu/add', '127.0.0.1', '内网IP', '{\"parentId\":[\"2152\"],\"menuType\":[\"F\"],\"menuName\":[\"列表\"],\"url\":[\"\"],\"target\":[\"menuItem\"],\"perms\":[\"busi:user:list\"],\"orderNum\":[\"1\"],\"icon\":[\"\"],\"visible\":[\"0\"],\"isRefresh\":[\"1\"]}', '{\"msg\":\"操作成功\",\"code\":0}', 0, NULL, '2022-04-09 17:38:29');
INSERT INTO `sys_oper_log` VALUES (11, '菜单管理', 1, 'com.hzzftech.watchdog.web.controller.system.SysMenuController.addSave()', 'POST', 1, 'admin', '研发部门', '/system/menu/add', '127.0.0.1', '内网IP', '{\"parentId\":[\"2152\"],\"menuType\":[\"F\"],\"menuName\":[\"导出\"],\"url\":[\"\"],\"target\":[\"menuItem\"],\"perms\":[\"busi:user:export\"],\"orderNum\":[\"2\"],\"icon\":[\"\"],\"visible\":[\"0\"],\"isRefresh\":[\"1\"]}', '{\"msg\":\"操作成功\",\"code\":0}', 0, NULL, '2022-04-09 17:38:59');
INSERT INTO `sys_oper_log` VALUES (12, '菜单管理', 1, 'com.hzzftech.watchdog.web.controller.system.SysMenuController.addSave()', 'POST', 1, 'admin', '研发部门', '/system/menu/add', '127.0.0.1', '内网IP', '{\"parentId\":[\"2152\"],\"menuType\":[\"F\"],\"menuName\":[\"导入\"],\"url\":[\"\"],\"target\":[\"menuItem\"],\"perms\":[\"busi:user:import\"],\"orderNum\":[\"3\"],\"icon\":[\"\"],\"visible\":[\"0\"],\"isRefresh\":[\"1\"]}', '{\"msg\":\"操作成功\",\"code\":0}', 0, NULL, '2022-04-09 17:39:51');
INSERT INTO `sys_oper_log` VALUES (13, '菜单管理', 1, 'com.hzzftech.watchdog.web.controller.system.SysMenuController.addSave()', 'POST', 1, 'admin', '研发部门', '/system/menu/add', '127.0.0.1', '内网IP', '{\"parentId\":[\"2152\"],\"menuType\":[\"F\"],\"menuName\":[\"新增\"],\"url\":[\"\"],\"target\":[\"menuItem\"],\"perms\":[\"busi:user:add\"],\"orderNum\":[\"4\"],\"icon\":[\"\"],\"visible\":[\"0\"],\"isRefresh\":[\"1\"]}', '{\"msg\":\"操作成功\",\"code\":0}', 0, NULL, '2022-04-09 17:40:27');
INSERT INTO `sys_oper_log` VALUES (14, '菜单管理', 1, 'com.hzzftech.watchdog.web.controller.system.SysMenuController.addSave()', 'POST', 1, 'admin', '研发部门', '/system/menu/add', '127.0.0.1', '内网IP', '{\"parentId\":[\"2152\"],\"menuType\":[\"F\"],\"menuName\":[\"修改\"],\"url\":[\"\"],\"target\":[\"menuItem\"],\"perms\":[\"busi:user:edit\"],\"orderNum\":[\"5\"],\"icon\":[\"\"],\"visible\":[\"0\"],\"isRefresh\":[\"1\"]}', '{\"msg\":\"操作成功\",\"code\":0}', 0, NULL, '2022-04-09 17:41:20');
INSERT INTO `sys_oper_log` VALUES (15, '菜单管理', 1, 'com.hzzftech.watchdog.web.controller.system.SysMenuController.addSave()', 'POST', 1, 'admin', '研发部门', '/system/menu/add', '127.0.0.1', '内网IP', '{\"parentId\":[\"2152\"],\"menuType\":[\"F\"],\"menuName\":[\"重置密码\"],\"url\":[\"\"],\"target\":[\"menuItem\"],\"perms\":[\"busi:user:resetPwd\"],\"orderNum\":[\"6\"],\"icon\":[\"\"],\"visible\":[\"0\"],\"isRefresh\":[\"1\"]}', '{\"msg\":\"操作成功\",\"code\":0}', 0, NULL, '2022-04-09 17:42:19');
INSERT INTO `sys_oper_log` VALUES (16, '菜单管理', 1, 'com.hzzftech.watchdog.web.controller.system.SysMenuController.addSave()', 'POST', 1, 'admin', '研发部门', '/system/menu/add', '127.0.0.1', '内网IP', '{\"parentId\":[\"2152\"],\"menuType\":[\"F\"],\"menuName\":[\"删除\"],\"url\":[\"\"],\"target\":[\"menuItem\"],\"perms\":[\"busi:user:remove\"],\"orderNum\":[\"7\"],\"icon\":[\"\"],\"visible\":[\"0\"],\"isRefresh\":[\"1\"]}', '{\"msg\":\"操作成功\",\"code\":0}', 0, NULL, '2022-04-09 17:42:56');
INSERT INTO `sys_oper_log` VALUES (17, '菜单管理', 1, 'com.hzzftech.watchdog.web.controller.system.SysMenuController.addSave()', 'POST', 1, 'admin', '研发部门', '/system/menu/add', '127.0.0.1', '内网IP', '{\"parentId\":[\"2151\"],\"menuType\":[\"C\"],\"menuName\":[\"节点监控\"],\"url\":[\"/watchdog/node/monitor\"],\"target\":[\"menuItem\"],\"perms\":[\"busi:node:view\"],\"orderNum\":[\"1\"],\"icon\":[\"fa fa-microchip\"],\"visible\":[\"0\"],\"isRefresh\":[\"1\"]}', '{\"msg\":\"操作成功\",\"code\":0}', 0, NULL, '2022-04-09 17:48:40');
INSERT INTO `sys_oper_log` VALUES (18, '菜单管理', 1, 'com.hzzftech.watchdog.web.controller.system.SysMenuController.addSave()', 'POST', 1, 'admin', '研发部门', '/system/menu/add', '127.0.0.1', '内网IP', '{\"parentId\":[\"0\"],\"menuType\":[\"F\"],\"menuName\":[\"列表\"],\"url\":[\"\"],\"target\":[\"menuItem\"],\"perms\":[\"busi:node:list\"],\"orderNum\":[\"1\"],\"icon\":[\"\"],\"visible\":[\"0\"],\"isRefresh\":[\"1\"]}', '{\"msg\":\"操作成功\",\"code\":0}', 0, NULL, '2022-04-09 17:49:20');
INSERT INTO `sys_oper_log` VALUES (19, '菜单管理', 1, 'com.hzzftech.watchdog.web.controller.system.SysMenuController.addSave()', 'POST', 1, 'admin', '研发部门', '/system/menu/add', '127.0.0.1', '内网IP', '{\"parentId\":[\"2160\"],\"menuType\":[\"F\"],\"menuName\":[\"导出\"],\"url\":[\"\"],\"target\":[\"menuItem\"],\"perms\":[\"busi:node:export\"],\"orderNum\":[\"2\"],\"icon\":[\"\"],\"visible\":[\"0\"],\"isRefresh\":[\"1\"]}', '{\"msg\":\"操作成功\",\"code\":0}', 0, NULL, '2022-04-09 17:51:27');
INSERT INTO `sys_oper_log` VALUES (20, '菜单管理', 1, 'com.hzzftech.watchdog.web.controller.system.SysMenuController.addSave()', 'POST', 1, 'admin', '研发部门', '/system/menu/add', '127.0.0.1', '内网IP', '{\"parentId\":[\"2160\"],\"menuType\":[\"F\"],\"menuName\":[\"添加节点\"],\"url\":[\"\"],\"target\":[\"menuItem\"],\"perms\":[\"busi:node:add\"],\"orderNum\":[\"3\"],\"icon\":[\"\"],\"visible\":[\"0\"],\"isRefresh\":[\"1\"]}', '{\"msg\":\"操作成功\",\"code\":0}', 0, NULL, '2022-04-09 17:52:16');
INSERT INTO `sys_oper_log` VALUES (21, '菜单管理', 1, 'com.hzzftech.watchdog.web.controller.system.SysMenuController.addSave()', 'POST', 1, 'admin', '研发部门', '/system/menu/add', '127.0.0.1', '内网IP', '{\"parentId\":[\"2160\"],\"menuType\":[\"F\"],\"menuName\":[\"修改节点\"],\"url\":[\"\"],\"target\":[\"menuItem\"],\"perms\":[\"busi:node:edit\"],\"orderNum\":[\"3\"],\"icon\":[\"\"],\"visible\":[\"0\"],\"isRefresh\":[\"1\"]}', '{\"msg\":\"操作成功\",\"code\":0}', 0, NULL, '2022-04-09 17:52:59');
INSERT INTO `sys_oper_log` VALUES (22, '菜单管理', 1, 'com.hzzftech.watchdog.web.controller.system.SysMenuController.addSave()', 'POST', 1, 'admin', '研发部门', '/system/menu/add', '127.0.0.1', '内网IP', '{\"parentId\":[\"2160\"],\"menuType\":[\"F\"],\"menuName\":[\"删除节点\"],\"url\":[\"\"],\"target\":[\"menuItem\"],\"perms\":[\"busi:node:remove\"],\"orderNum\":[\"4\"],\"icon\":[\"\"],\"visible\":[\"0\"],\"isRefresh\":[\"1\"]}', '{\"msg\":\"操作成功\",\"code\":0}', 0, NULL, '2022-04-09 17:53:34');
INSERT INTO `sys_oper_log` VALUES (23, '菜单管理', 1, 'com.hzzftech.watchdog.web.controller.system.SysMenuController.addSave()', 'POST', 1, 'admin', '研发部门', '/system/menu/add', '127.0.0.1', '内网IP', '{\"parentId\":[\"0\"],\"menuType\":[\"C\"],\"menuName\":[\"任务监控\"],\"url\":[\"/busi/dispatcher/monitor\"],\"target\":[\"menuItem\"],\"perms\":[\"busi:dispatcher:view\"],\"orderNum\":[\"3\"],\"icon\":[\"fa fa-reorder\"],\"visible\":[\"0\"],\"isRefresh\":[\"1\"]}', '{\"msg\":\"操作成功\",\"code\":0}', 0, NULL, '2022-04-09 17:57:17');
INSERT INTO `sys_oper_log` VALUES (24, '文件仓库任务调度', 0, 'com.hzzftech.watchdog.busi.controller.KtDispatcherController.startFJobOrTrans()', 'POST', 1, 'admin', '研发部门', '/busi/dispatcher/launchF', '127.0.0.1', '内网IP', '{\"ids\":[\"1\"]}', NULL, 1, '\r\nError reading information from input stream\r\nContent is not allowed in prolog.\r\n', '2022-04-09 18:03:28');
INSERT INTO `sys_oper_log` VALUES (25, '导入文件或文件夹', 1, 'com.hzzftech.watchdog.busi.controller.KtFileRepositoryMsgController.addFileOrZipDirectory()', 'POST', 1, 'admin', '研发部门', '/busi/file/msg/addFileOrZipDirectory', '127.0.0.1', '内网IP', '{\"id\":[\"1\"],\"parentId\":[\"0\"],\"fRepoId\":[\"1\"]}', '{\"msg\":\"操作成功\",\"code\":0}', 0, NULL, '2022-04-09 18:09:03');
INSERT INTO `sys_oper_log` VALUES (26, '任务调度', 1, 'com.hzzftech.watchdog.busi.controller.KtDispatcherController.addSave()', 'POST', 1, 'admin', '研发部门', '/busi/dispatcher/add', '127.0.0.1', '内网IP', '{\"dpRepoType\":[\"1\"],\"repositoryIdF\":[\"1\"],\"repositoryId\":[\"1\"],\"dpType\":[\"\"],\"dpIds\":[\"3\"],\"carteId\":[\"1\"],\"carteUri\":[\"127.0.0.1\"],\"paramsGroupId\":[\"\"],\"warnLevel\":[\"1\"],\"warnMsgIds\":[\"\"]}', '{\"msg\":\"操作成功\",\"code\":0}', 0, NULL, '2022-04-09 18:09:22');
INSERT INTO `sys_oper_log` VALUES (27, '文件仓库任务调度', 0, 'com.hzzftech.watchdog.busi.controller.KtDispatcherController.startFJobOrTrans()', 'POST', 1, 'admin', '研发部门', '/busi/dispatcher/launchF', '127.0.0.1', '内网IP', '{\"ids\":[\"1\"]}', NULL, 1, '\r\nError reading information from input stream\r\nContent is not allowed in prolog.\r\n', '2022-04-09 18:09:29');
INSERT INTO `sys_oper_log` VALUES (28, '文件仓库任务调度', 0, 'com.hzzftech.watchdog.busi.controller.KtDispatcherController.startFJobOrTrans()', 'POST', 1, 'admin', '研发部门', '/busi/dispatcher/launchF', '127.0.0.1', '内网IP', '{\"ids\":[\"1\"]}', NULL, 1, '\r\nError reading information from input stream\r\nContent is not allowed in prolog.\r\n', '2022-04-09 18:09:42');
INSERT INTO `sys_oper_log` VALUES (29, '文件仓库任务调度', 0, 'com.hzzftech.watchdog.busi.controller.KtDispatcherController.startFJobOrTrans()', 'POST', 1, 'admin', '研发部门', '/busi/dispatcher/launchF', '127.0.0.1', '内网IP', '{\"ids\":[\"2\"]}', '{\"msg\":\"操作成功\",\"code\":0}', 0, NULL, '2022-04-09 18:10:02');

-- ----------------------------
-- Table structure for sys_post
-- ----------------------------
DROP TABLE IF EXISTS `sys_post`;
CREATE TABLE `sys_post`  (
  `post_id` bigint(20) NOT NULL AUTO_INCREMENT COMMENT '岗位ID',
  `post_code` varchar(64) CHARACTER SET utf8mb4 COLLATE utf8mb4_bin NOT NULL COMMENT '岗位编码',
  `post_name` varchar(50) CHARACTER SET utf8mb4 COLLATE utf8mb4_bin NOT NULL COMMENT '岗位名称',
  `post_sort` int(4) NOT NULL COMMENT '显示顺序',
  `status` char(1) CHARACTER SET utf8mb4 COLLATE utf8mb4_bin NOT NULL COMMENT '状态（0正常 1停用）',
  `create_by` varchar(64) CHARACTER SET utf8mb4 COLLATE utf8mb4_bin NULL DEFAULT '' COMMENT '创建者',
  `create_time` datetime(0) NULL DEFAULT NULL COMMENT '创建时间',
  `update_by` varchar(64) CHARACTER SET utf8mb4 COLLATE utf8mb4_bin NULL DEFAULT '' COMMENT '更新者',
  `update_time` datetime(0) NULL DEFAULT NULL COMMENT '更新时间',
  `remark` varchar(500) CHARACTER SET utf8mb4 COLLATE utf8mb4_bin NULL DEFAULT NULL COMMENT '备注',
  PRIMARY KEY (`post_id`) USING BTREE
) ENGINE = InnoDB AUTO_INCREMENT = 5 CHARACTER SET = utf8mb4 COLLATE = utf8mb4_bin COMMENT = '岗位信息表' ROW_FORMAT = DYNAMIC;

-- ----------------------------
-- Records of sys_post
-- ----------------------------
INSERT INTO `sys_post` VALUES (1, 'ceo', '董事长', 1, '0', 'admin', '2021-11-24 16:39:22', '', NULL, '');
INSERT INTO `sys_post` VALUES (2, 'se', '项目经理', 2, '0', 'admin', '2021-11-24 16:39:22', '', NULL, '');
INSERT INTO `sys_post` VALUES (3, 'hr', '人力资源', 3, '0', 'admin', '2021-11-24 16:39:22', '', NULL, '');
INSERT INTO `sys_post` VALUES (4, 'user', '普通员工', 4, '0', 'admin', '2021-11-24 16:39:22', '', NULL, '');

-- ----------------------------
-- Table structure for sys_role
-- ----------------------------
DROP TABLE IF EXISTS `sys_role`;
CREATE TABLE `sys_role`  (
  `role_id` bigint(20) NOT NULL AUTO_INCREMENT COMMENT '角色ID',
  `role_name` varchar(30) CHARACTER SET utf8mb4 COLLATE utf8mb4_bin NOT NULL COMMENT '角色名称',
  `role_key` varchar(100) CHARACTER SET utf8mb4 COLLATE utf8mb4_bin NOT NULL COMMENT '角色权限字符串',
  `role_sort` int(4) NOT NULL COMMENT '显示顺序',
  `data_scope` char(1) CHARACTER SET utf8mb4 COLLATE utf8mb4_bin NULL DEFAULT '1' COMMENT '数据范围（1：全部数据权限 2：自定数据权限 3：本部门数据权限 4：本部门及以下数据权限）',
  `status` char(1) CHARACTER SET utf8mb4 COLLATE utf8mb4_bin NOT NULL COMMENT '角色状态（0正常 1停用）',
  `del_flag` char(1) CHARACTER SET utf8mb4 COLLATE utf8mb4_bin NULL DEFAULT '0' COMMENT '删除标志（0代表存在 2代表删除）',
  `create_by` varchar(64) CHARACTER SET utf8mb4 COLLATE utf8mb4_bin NULL DEFAULT '' COMMENT '创建者',
  `create_time` datetime(0) NULL DEFAULT NULL COMMENT '创建时间',
  `update_by` varchar(64) CHARACTER SET utf8mb4 COLLATE utf8mb4_bin NULL DEFAULT '' COMMENT '更新者',
  `update_time` datetime(0) NULL DEFAULT NULL COMMENT '更新时间',
  `remark` varchar(500) CHARACTER SET utf8mb4 COLLATE utf8mb4_bin NULL DEFAULT NULL COMMENT '备注',
  PRIMARY KEY (`role_id`) USING BTREE
) ENGINE = InnoDB AUTO_INCREMENT = 3 CHARACTER SET = utf8mb4 COLLATE = utf8mb4_bin COMMENT = '角色信息表' ROW_FORMAT = DYNAMIC;

-- ----------------------------
-- Records of sys_role
-- ----------------------------
INSERT INTO `sys_role` VALUES (1, '超级管理员', 'admin', 1, '1', '0', '0', 'admin', '2021-11-24 16:39:22', '', NULL, '超级管理员');
INSERT INTO `sys_role` VALUES (2, '普通角色', 'common', 2, '2', '0', '0', 'admin', '2021-11-24 16:39:22', 'admin', '2021-12-10 17:01:15', '普通角色');

-- ----------------------------
-- Table structure for sys_role_dept
-- ----------------------------
DROP TABLE IF EXISTS `sys_role_dept`;
CREATE TABLE `sys_role_dept`  (
  `role_id` bigint(20) NOT NULL COMMENT '角色ID',
  `dept_id` bigint(20) NOT NULL COMMENT '部门ID',
  PRIMARY KEY (`role_id`, `dept_id`) USING BTREE
) ENGINE = InnoDB CHARACTER SET = utf8mb4 COLLATE = utf8mb4_bin COMMENT = '角色和部门关联表' ROW_FORMAT = DYNAMIC;

-- ----------------------------
-- Records of sys_role_dept
-- ----------------------------
INSERT INTO `sys_role_dept` VALUES (2, 100);
INSERT INTO `sys_role_dept` VALUES (2, 101);
INSERT INTO `sys_role_dept` VALUES (2, 105);

-- ----------------------------
-- Table structure for sys_role_menu
-- ----------------------------
DROP TABLE IF EXISTS `sys_role_menu`;
CREATE TABLE `sys_role_menu`  (
  `role_id` bigint(20) NOT NULL COMMENT '角色ID',
  `menu_id` bigint(20) NOT NULL COMMENT '菜单ID',
  PRIMARY KEY (`role_id`, `menu_id`) USING BTREE
) ENGINE = InnoDB CHARACTER SET = utf8mb4 COLLATE = utf8mb4_bin COMMENT = '角色和菜单关联表' ROW_FORMAT = DYNAMIC;

-- ----------------------------
-- Records of sys_role_menu
-- ----------------------------
INSERT INTO `sys_role_menu` VALUES (2, 2000);
INSERT INTO `sys_role_menu` VALUES (2, 2001);
INSERT INTO `sys_role_menu` VALUES (2, 2002);
INSERT INTO `sys_role_menu` VALUES (2, 2003);
INSERT INTO `sys_role_menu` VALUES (2, 2004);
INSERT INTO `sys_role_menu` VALUES (2, 2005);
INSERT INTO `sys_role_menu` VALUES (2, 2006);
INSERT INTO `sys_role_menu` VALUES (2, 2007);
INSERT INTO `sys_role_menu` VALUES (2, 2008);
INSERT INTO `sys_role_menu` VALUES (2, 2009);
INSERT INTO `sys_role_menu` VALUES (2, 2010);
INSERT INTO `sys_role_menu` VALUES (2, 2011);
INSERT INTO `sys_role_menu` VALUES (2, 2012);
INSERT INTO `sys_role_menu` VALUES (2, 2013);
INSERT INTO `sys_role_menu` VALUES (2, 2014);
INSERT INTO `sys_role_menu` VALUES (2, 2015);
INSERT INTO `sys_role_menu` VALUES (2, 2016);
INSERT INTO `sys_role_menu` VALUES (2, 2017);
INSERT INTO `sys_role_menu` VALUES (2, 2018);
INSERT INTO `sys_role_menu` VALUES (2, 2019);
INSERT INTO `sys_role_menu` VALUES (2, 2020);
INSERT INTO `sys_role_menu` VALUES (2, 2021);
INSERT INTO `sys_role_menu` VALUES (2, 2022);
INSERT INTO `sys_role_menu` VALUES (2, 2023);
INSERT INTO `sys_role_menu` VALUES (2, 2024);
INSERT INTO `sys_role_menu` VALUES (2, 2025);
INSERT INTO `sys_role_menu` VALUES (2, 2026);
INSERT INTO `sys_role_menu` VALUES (2, 2027);
INSERT INTO `sys_role_menu` VALUES (2, 2034);
INSERT INTO `sys_role_menu` VALUES (2, 2035);
INSERT INTO `sys_role_menu` VALUES (2, 2036);
INSERT INTO `sys_role_menu` VALUES (2, 2037);
INSERT INTO `sys_role_menu` VALUES (2, 2038);
INSERT INTO `sys_role_menu` VALUES (2, 2039);
INSERT INTO `sys_role_menu` VALUES (2, 2040);
INSERT INTO `sys_role_menu` VALUES (2, 2041);
INSERT INTO `sys_role_menu` VALUES (2, 2042);
INSERT INTO `sys_role_menu` VALUES (2, 2043);
INSERT INTO `sys_role_menu` VALUES (2, 2044);
INSERT INTO `sys_role_menu` VALUES (2, 2045);
INSERT INTO `sys_role_menu` VALUES (2, 2046);
INSERT INTO `sys_role_menu` VALUES (2, 2048);
INSERT INTO `sys_role_menu` VALUES (2, 2051);
INSERT INTO `sys_role_menu` VALUES (2, 2052);
INSERT INTO `sys_role_menu` VALUES (2, 2053);
INSERT INTO `sys_role_menu` VALUES (2, 2054);
INSERT INTO `sys_role_menu` VALUES (2, 2055);
INSERT INTO `sys_role_menu` VALUES (2, 2056);
INSERT INTO `sys_role_menu` VALUES (2, 2057);
INSERT INTO `sys_role_menu` VALUES (2, 2058);
INSERT INTO `sys_role_menu` VALUES (2, 2059);
INSERT INTO `sys_role_menu` VALUES (2, 2060);
INSERT INTO `sys_role_menu` VALUES (2, 2061);
INSERT INTO `sys_role_menu` VALUES (2, 2062);
INSERT INTO `sys_role_menu` VALUES (2, 2063);
INSERT INTO `sys_role_menu` VALUES (2, 2064);
INSERT INTO `sys_role_menu` VALUES (2, 2065);
INSERT INTO `sys_role_menu` VALUES (2, 2066);
INSERT INTO `sys_role_menu` VALUES (2, 2067);
INSERT INTO `sys_role_menu` VALUES (2, 2068);
INSERT INTO `sys_role_menu` VALUES (2, 2069);
INSERT INTO `sys_role_menu` VALUES (2, 2082);
INSERT INTO `sys_role_menu` VALUES (2, 2083);
INSERT INTO `sys_role_menu` VALUES (2, 2084);
INSERT INTO `sys_role_menu` VALUES (2, 2085);
INSERT INTO `sys_role_menu` VALUES (2, 2086);
INSERT INTO `sys_role_menu` VALUES (2, 2087);
INSERT INTO `sys_role_menu` VALUES (2, 2088);
INSERT INTO `sys_role_menu` VALUES (2, 2089);
INSERT INTO `sys_role_menu` VALUES (2, 2090);
INSERT INTO `sys_role_menu` VALUES (2, 2091);
INSERT INTO `sys_role_menu` VALUES (2, 2092);
INSERT INTO `sys_role_menu` VALUES (2, 2093);
INSERT INTO `sys_role_menu` VALUES (2, 2094);
INSERT INTO `sys_role_menu` VALUES (2, 2095);
INSERT INTO `sys_role_menu` VALUES (2, 2096);
INSERT INTO `sys_role_menu` VALUES (2, 2097);
INSERT INTO `sys_role_menu` VALUES (2, 2098);
INSERT INTO `sys_role_menu` VALUES (2, 2099);
INSERT INTO `sys_role_menu` VALUES (2, 2100);
INSERT INTO `sys_role_menu` VALUES (2, 2101);
INSERT INTO `sys_role_menu` VALUES (2, 2102);
INSERT INTO `sys_role_menu` VALUES (2, 2103);
INSERT INTO `sys_role_menu` VALUES (2, 2104);
INSERT INTO `sys_role_menu` VALUES (2, 2105);
INSERT INTO `sys_role_menu` VALUES (2, 2106);
INSERT INTO `sys_role_menu` VALUES (2, 2107);
INSERT INTO `sys_role_menu` VALUES (2, 2108);
INSERT INTO `sys_role_menu` VALUES (2, 2109);
INSERT INTO `sys_role_menu` VALUES (2, 2110);
INSERT INTO `sys_role_menu` VALUES (2, 2111);
INSERT INTO `sys_role_menu` VALUES (2, 2112);
INSERT INTO `sys_role_menu` VALUES (2, 2113);
INSERT INTO `sys_role_menu` VALUES (2, 2114);
INSERT INTO `sys_role_menu` VALUES (2, 2115);
INSERT INTO `sys_role_menu` VALUES (2, 2116);
INSERT INTO `sys_role_menu` VALUES (2, 2117);
INSERT INTO `sys_role_menu` VALUES (2, 2118);
INSERT INTO `sys_role_menu` VALUES (2, 2119);
INSERT INTO `sys_role_menu` VALUES (2, 2120);
INSERT INTO `sys_role_menu` VALUES (2, 2121);
INSERT INTO `sys_role_menu` VALUES (2, 2122);
INSERT INTO `sys_role_menu` VALUES (2, 2123);
INSERT INTO `sys_role_menu` VALUES (2, 2124);
INSERT INTO `sys_role_menu` VALUES (2, 2125);
INSERT INTO `sys_role_menu` VALUES (2, 2126);
INSERT INTO `sys_role_menu` VALUES (2, 2127);
INSERT INTO `sys_role_menu` VALUES (2, 2128);
INSERT INTO `sys_role_menu` VALUES (2, 2129);
INSERT INTO `sys_role_menu` VALUES (2, 2130);
INSERT INTO `sys_role_menu` VALUES (2, 2131);
INSERT INTO `sys_role_menu` VALUES (2, 2132);
INSERT INTO `sys_role_menu` VALUES (2, 2133);
INSERT INTO `sys_role_menu` VALUES (2, 2134);
INSERT INTO `sys_role_menu` VALUES (2, 2135);
INSERT INTO `sys_role_menu` VALUES (2, 2136);
INSERT INTO `sys_role_menu` VALUES (2, 2137);
INSERT INTO `sys_role_menu` VALUES (2, 2138);
INSERT INTO `sys_role_menu` VALUES (2, 2139);
INSERT INTO `sys_role_menu` VALUES (2, 2140);
INSERT INTO `sys_role_menu` VALUES (2, 2141);
INSERT INTO `sys_role_menu` VALUES (2, 2142);
INSERT INTO `sys_role_menu` VALUES (2, 2143);
INSERT INTO `sys_role_menu` VALUES (2, 2144);
INSERT INTO `sys_role_menu` VALUES (2, 2145);
INSERT INTO `sys_role_menu` VALUES (2, 2146);
INSERT INTO `sys_role_menu` VALUES (2, 2147);
INSERT INTO `sys_role_menu` VALUES (2, 2148);
INSERT INTO `sys_role_menu` VALUES (2, 2149);
INSERT INTO `sys_role_menu` VALUES (2, 2150);
INSERT INTO `sys_role_menu` VALUES (2, 2151);
INSERT INTO `sys_role_menu` VALUES (2, 2152);

-- ----------------------------
-- Table structure for sys_user
-- ----------------------------
DROP TABLE IF EXISTS `sys_user`;
CREATE TABLE `sys_user`  (
  `user_id` bigint(20) NOT NULL AUTO_INCREMENT COMMENT '用户ID',
  `dept_id` bigint(20) NULL DEFAULT NULL COMMENT '部门ID',
  `login_name` varchar(30) CHARACTER SET utf8mb4 COLLATE utf8mb4_bin NOT NULL COMMENT '登录账号',
  `user_name` varchar(30) CHARACTER SET utf8mb4 COLLATE utf8mb4_bin NULL DEFAULT '' COMMENT '用户昵称',
  `user_type` varchar(2) CHARACTER SET utf8mb4 COLLATE utf8mb4_bin NULL DEFAULT '00' COMMENT '用户类型（00系统用户 01注册用户）',
  `email` varchar(50) CHARACTER SET utf8mb4 COLLATE utf8mb4_bin NULL DEFAULT '' COMMENT '用户邮箱',
  `phonenumber` varchar(11) CHARACTER SET utf8mb4 COLLATE utf8mb4_bin NULL DEFAULT '' COMMENT '手机号码',
  `sex` char(1) CHARACTER SET utf8mb4 COLLATE utf8mb4_bin NULL DEFAULT '0' COMMENT '用户性别（0男 1女 2未知）',
  `avatar` varchar(100) CHARACTER SET utf8mb4 COLLATE utf8mb4_bin NULL DEFAULT '' COMMENT '头像路径',
  `password` varchar(50) CHARACTER SET utf8mb4 COLLATE utf8mb4_bin NULL DEFAULT '' COMMENT '密码',
  `salt` varchar(20) CHARACTER SET utf8mb4 COLLATE utf8mb4_bin NULL DEFAULT '' COMMENT '盐加密',
  `status` char(1) CHARACTER SET utf8mb4 COLLATE utf8mb4_bin NULL DEFAULT '0' COMMENT '帐号状态（0正常 1停用）',
  `del_flag` char(1) CHARACTER SET utf8mb4 COLLATE utf8mb4_bin NULL DEFAULT '0' COMMENT '删除标志（0代表存在 2代表删除）',
  `login_ip` varchar(128) CHARACTER SET utf8mb4 COLLATE utf8mb4_bin NULL DEFAULT '' COMMENT '最后登录IP',
  `login_date` datetime(0) NULL DEFAULT NULL COMMENT '最后登录时间',
  `pwd_update_date` datetime(0) NULL DEFAULT NULL COMMENT '密码最后更新时间',
  `create_by` varchar(64) CHARACTER SET utf8mb4 COLLATE utf8mb4_bin NULL DEFAULT '' COMMENT '创建者',
  `create_time` datetime(0) NULL DEFAULT NULL COMMENT '创建时间',
  `update_by` varchar(64) CHARACTER SET utf8mb4 COLLATE utf8mb4_bin NULL DEFAULT '' COMMENT '更新者',
  `update_time` datetime(0) NULL DEFAULT NULL COMMENT '更新时间',
  `remark` varchar(500) CHARACTER SET utf8mb4 COLLATE utf8mb4_bin NULL DEFAULT NULL COMMENT '备注',
  PRIMARY KEY (`user_id`) USING BTREE
) ENGINE = InnoDB AUTO_INCREMENT = 3 CHARACTER SET = utf8mb4 COLLATE = utf8mb4_bin COMMENT = '用户信息表' ROW_FORMAT = DYNAMIC;

-- ----------------------------
-- Records of sys_user
-- ----------------------------
INSERT INTO `sys_user` VALUES (1, 103, 'admin', '李全香', '00', 'ry@163.com', '15888888888', '1', '/profile/avatar/2021/12/11/316443c8-a4c7-4099-933b-db00e3b0085e.png', '29c67a30398638269fe600f73a054934', '111111', '0', '0', '127.0.0.1', '2022-04-09 17:00:52', '2021-11-24 16:39:22', 'admin', '2021-11-24 16:39:22', '', '2022-04-09 17:00:52', '管理员');
INSERT INTO `sys_user` VALUES (2, 105, 'ry', '若依', '00', 'ry@qq.com', '15666666666', '1', '', '8e6d98b90472783cc73c17047ddccf36', '222222', '0', '0', '127.0.0.1', '2021-11-24 16:39:22', '2021-11-24 16:39:22', 'admin', '2021-11-24 16:39:22', '', '2021-12-10 17:01:00', '测试员');

-- ----------------------------
-- Table structure for sys_user_online
-- ----------------------------
DROP TABLE IF EXISTS `sys_user_online`;
CREATE TABLE `sys_user_online`  (
  `sessionId` varchar(50) CHARACTER SET utf8mb4 COLLATE utf8mb4_bin NOT NULL DEFAULT '' COMMENT '用户会话id',
  `login_name` varchar(50) CHARACTER SET utf8mb4 COLLATE utf8mb4_bin NULL DEFAULT '' COMMENT '登录账号',
  `dept_name` varchar(50) CHARACTER SET utf8mb4 COLLATE utf8mb4_bin NULL DEFAULT '' COMMENT '部门名称',
  `ipaddr` varchar(128) CHARACTER SET utf8mb4 COLLATE utf8mb4_bin NULL DEFAULT '' COMMENT '登录IP地址',
  `login_location` varchar(255) CHARACTER SET utf8mb4 COLLATE utf8mb4_bin NULL DEFAULT '' COMMENT '登录地点',
  `browser` varchar(50) CHARACTER SET utf8mb4 COLLATE utf8mb4_bin NULL DEFAULT '' COMMENT '浏览器类型',
  `os` varchar(50) CHARACTER SET utf8mb4 COLLATE utf8mb4_bin NULL DEFAULT '' COMMENT '操作系统',
  `status` varchar(10) CHARACTER SET utf8mb4 COLLATE utf8mb4_bin NULL DEFAULT '' COMMENT '在线状态on_line在线off_line离线',
  `start_timestamp` datetime(0) NULL DEFAULT NULL COMMENT 'session创建时间',
  `last_access_time` datetime(0) NULL DEFAULT NULL COMMENT 'session最后访问时间',
  `expire_time` int(5) NULL DEFAULT 0 COMMENT '超时时间，单位为分钟',
  PRIMARY KEY (`sessionId`) USING BTREE
) ENGINE = InnoDB CHARACTER SET = utf8mb4 COLLATE = utf8mb4_bin COMMENT = '在线用户记录' ROW_FORMAT = DYNAMIC;

-- ----------------------------
-- Records of sys_user_online
-- ----------------------------
INSERT INTO `sys_user_online` VALUES ('72d5960a-9b01-41ea-a288-84874d1de4cb', 'admin', '研发部门', '127.0.0.1', '内网IP', 'Chrome 10', 'Windows 10', 'on_line', '2022-04-09 16:35:52', '2022-04-09 18:51:55', 1800000);

-- ----------------------------
-- Table structure for sys_user_post
-- ----------------------------
DROP TABLE IF EXISTS `sys_user_post`;
CREATE TABLE `sys_user_post`  (
  `user_id` bigint(20) NOT NULL COMMENT '用户ID',
  `post_id` bigint(20) NOT NULL COMMENT '岗位ID',
  PRIMARY KEY (`user_id`, `post_id`) USING BTREE
) ENGINE = InnoDB CHARACTER SET = utf8mb4 COLLATE = utf8mb4_bin COMMENT = '用户与岗位关联表' ROW_FORMAT = DYNAMIC;

-- ----------------------------
-- Records of sys_user_post
-- ----------------------------
INSERT INTO `sys_user_post` VALUES (1, 1);
INSERT INTO `sys_user_post` VALUES (2, 2);

-- ----------------------------
-- Table structure for sys_user_role
-- ----------------------------
DROP TABLE IF EXISTS `sys_user_role`;
CREATE TABLE `sys_user_role`  (
  `user_id` bigint(20) NOT NULL COMMENT '用户ID',
  `role_id` bigint(20) NOT NULL COMMENT '角色ID',
  PRIMARY KEY (`user_id`, `role_id`) USING BTREE
) ENGINE = InnoDB CHARACTER SET = utf8mb4 COLLATE = utf8mb4_bin COMMENT = '用户和角色关联表' ROW_FORMAT = DYNAMIC;

-- ----------------------------
-- Records of sys_user_role
-- ----------------------------
INSERT INTO `sys_user_role` VALUES (1, 1);
INSERT INTO `sys_user_role` VALUES (2, 2);

SET FOREIGN_KEY_CHECKS = 1;
